fyers_symbol,stock_name,sector,industry,basic_industry
NSE:20MICRONS-EQ,20 Microns Limited,Metals & Mining,Minerals & Mining,Industrial Minerals
NSE:21STCENMGM-EQ,21st Century Management Services Limited,Financial Services,Capital Markets,Other Capital Market related Services
NSE:360ONE-EQ,360 ONE WAM LIMITED,Financial Services,Capital Markets,Stockbroking & Allied
NSE:3BBLACKBIO-EQ,3B Blackbio Dx Limited,Healthcare,Healthcare Services,Healthcare Service Provider
NSE:3IINFOLTD-EQ,3i Infotech Limited,Information Technology,IT - Software,Computers - Software & Consulting
NSE:3MINDIA-EQ,3M India Limited,Diversified,Diversified,Diversified
NSE:3PLAND-EQ,3P Land Holdings Limited,Financial Services,Finance,Investment Company
NSE:5PAISA-EQ,5Paisa Capital Limited,Financial Services,Capital Markets,Stockbroking & Allied
NSE:63MOONS-EQ,63 moons technologies limited,Information Technology,IT - Software,Computers - Software & Consulting
NSE:A2ZINFRA-EQ,A2Z Infra Engineering Limited,Services,Commercial Services & Supplies,Diversified Commercial Services
NSE:AAATECH-EQ,AAA Technologies Limited,Services,Commercial Services & Supplies,Consulting Services
NSE:AADHARHFC-EQ,Aadhar Housing Finance Limited,Financial Services,Finance,Housing Finance Company
NSE:AAKASH-BE,Aakash Exploration Services Limited,Oil Gas & Consumable Fuels,Oil,Offshore Support Solution Drilling
NSE:AAREYDRUGS-BE,Aarey Drugs & Pharmaceuticals Limited,Healthcare,Pharmaceuticals & Biotechnology,Pharmaceuticals
NSE:AARNAV-EQ,Aarnav Fashions Limited,Textiles,Textiles & Apparels,Other Textile Products
NSE:AARON-EQ,Aaron Industries Limited,Capital Goods,Industrial Manufacturing,Industrial Products
NSE:AARTECH-EQ,Aartech Solonics Limited,Capital Goods,Electrical Equipment,Heavy Electrical Equipment
NSE:AARTIDRUGS-EQ,Aarti Drugs Limited,Healthcare,Pharmaceuticals & Biotechnology,Pharmaceuticals
NSE:AARTIIND-EQ,Aarti Industries Limited,Chemicals,Chemicals & Petrochemicals,Specialty Chemicals
NSE:AARTIPHARM-EQ,Aarti Pharmalabs Limited,Healthcare,Pharmaceuticals & Biotechnology,Pharmaceuticals
NSE:AARTISURF-EQ,Aarti Surfactants Limited,Chemicals,Chemicals & Petrochemicals,Specialty Chemicals
NSE:AARVI-EQ,Aarvi Encon Limited,Services,Commercial Services & Supplies,Diversified Commercial Services
NSE:AAVAS-EQ,Aavas Financiers Limited,Financial Services,Finance,Housing Finance Company
NSE:ABAN-BE,Aban Offshore Limited,Oil Gas & Consumable Fuels,Oil,Offshore Support Solution Drilling
NSE:ABANSENT-BE,Abans Enterprises Limited,Metals & Mining,Metals & Minerals Trading,Trading - Metals
NSE:ABB-EQ,ABB India Limited,Capital Goods,Electrical Equipment,Heavy Electrical Equipment
NSE:ABBOTINDIA-EQ,Abbott India Limited,Healthcare,Pharmaceuticals & Biotechnology,Pharmaceuticals
NSE:ABCAPITAL-EQ,Aditya Birla Capital Limited,Financial Services,Finance,Investment Company
NSE:ABCOTS-EQ,A B Cotspin India Limited,Textiles,Textiles & Apparels,Other Textile Products
NSE:ABDL-EQ,Allied Blenders and Distillers Limited,Fast Moving Consumer Goods,Beverages,Breweries & Distilleries
NSE:ABFRL-EQ,Aditya Birla Fashion and Retail Limited,Consumer Services,Retailing,Speciality Retail
NSE:ABINFRA-EQ,A B Infrabuild Limited,Construction,Construction,Civil Construction
NSE:ABLBL-EQ,Aditya Birla Lifestyle Brands Limited,Consumer Services,Retailing,Speciality Retail
NSE:ABMINTLLTD-EQ,ABM International Limited,Services,Commercial Services & Supplies,Trading & Distributors
NSE:ABMKNO-EQ,ABM Knowledgeware Limited,Information Technology,IT - Software,Software Products
NSE:ABREL-EQ,Aditya Birla Real Estate Limited,Realty,Realty,Residential Commercial Projects
NSE:ABSLAMC-EQ,Aditya Birla Sun Life AMC Limited,Financial Services,Capital Markets,Asset Management Company
NSE:ACC-EQ,ACC Limited,Construction Materials,Cement & Cement Products,Cement & Cement Products
NSE:ACCELYA-EQ,Accelya Solutions India Limited,Information Technology,IT - Software,Computers - Software & Consulting
NSE:ACCURACY-EQ,Accuracy Shipping Limited,Services,Transport Services,Logistics Solution Provider
NSE:ACE-EQ,Action Construction Equipment Limited,Capital Goods,Agricultural Commercial & Construction Vehicles,Construction Vehicles
NSE:ACEINTEG-EQ,Ace Integrated Solutions Limited,Chemicals,Chemicals & Petrochemicals,Trading - Chemicals
NSE:ACI-EQ,Archean Chemical Industries Limited,Chemicals,Chemicals & Petrochemicals,Specialty Chemicals
NSE:ACL-EQ,Andhra Cements Limited,Construction Materials,Cement & Cement Products,Cement & Cement Products
NSE:ACMESOLAR-EQ,Acme Solar Holdings Limited,Power,Power,Power Generation
NSE:ACSTECH-EQ,ACS Technologies Limited,Information Technology,IT - Services,IT Enabled Services
NSE:ACUTAAS-EQ,Acutaas Chemicals Limited,Healthcare,Pharmaceuticals & Biotechnology,Pharmaceuticals
NSE:ADANIENSOL-EQ,Adani Energy Solutions Limited,Power,Power,Power Distribution
NSE:ADANIENT-EQ,Adani Enterprises Limited,Metals & Mining,Metals & Minerals Trading,Trading - Minerals
NSE:ADANIGREEN-EQ,Adani Green Energy Limited,Power,Power,Power Generation
NSE:ADANIPORTS-EQ,Adani Ports and Special Economic Zone Limited,Services,Transport Infrastructure,Port & Port services
NSE:ADANIPOWER-EQ,Adani Power Limited,Power,Power,Integrated Power Utilities
NSE:ADFFOODS-EQ,ADF Foods Limited,Fast Moving Consumer Goods,Food Products,Packaged Foods
NSE:ADL-EQ,Archidply Decor Limited,Consumer Durables,Consumer Durables,Plywood Boards/ Laminates
NSE:ADOR-EQ,Ador Welding Limited,Capital Goods,Industrial Products,Other Industrial Products
NSE:ADROITINFO-EQ,Adroit Infotech Limited,Information Technology,IT - Services,IT Enabled Services
NSE:ADSL-EQ,Allied Digital Services Limited,Information Technology,IT - Services,IT Enabled Services
NSE:ADVAIT-EQ,Advait Energy Transitions Limited,Capital Goods,Electrical Equipment,Other Electrical Equipment
NSE:ADVANCE-EQ,Advance Agrolife Limited,Chemicals,Fertilizers & Agrochemicals,Pesticides & Agrochemicals
NSE:ADVANIHOTR-EQ,Advani Hotels & Resorts (India) Limited,Consumer Services,Leisure Services,Hotels & Resorts
NSE:ADVENTHTL-EQ,Advent Hotels International Limited,Consumer Services,Leisure Services,Hotels & Resorts
NSE:ADVENZYMES-EQ,Advanced Enzyme Technologies Limited,Healthcare,Pharmaceuticals & Biotechnology,Biotechnology
NSE:AEGISLOG-EQ,Aegis Logistics Limited,Oil Gas & Consumable Fuels,Gas,Trading - Gas
NSE:AEGISVOPAK-EQ,Aegis Vopak Terminals Limited,Oil Gas & Consumable Fuels,Oil,Oil Storage & Transportation
NSE:AEPL-EQ,Artemis Electricals and Projects Limited,Capital Goods,Electrical Equipment,Other Electrical Equipment
NSE:AEQUS-EQ,Aequs Limited,Capital Goods,Aerospace & Defense,Aerospace & Defense
NSE:AEROENTER-EQ,Aeroflex Enterprises Limited,Capital Goods,Industrial Products,Iron & Steel Products
NSE:AEROFLEX-EQ,Aeroflex Industries Limited,Capital Goods,Industrial Products,Iron & Steel Products
NSE:AERONEU-EQ,Aeroflex Neu Limited,Capital Goods,Industrial Products,Packaging
NSE:AETHER-EQ,Aether Industries Limited,Chemicals,Chemicals & Petrochemicals,Specialty Chemicals
NSE:AFCONS-EQ,Afcons Infrastructure Limited,Construction,Construction,Civil Construction
NSE:AFFLE-EQ,Affle 3i Limited,Information Technology,IT - Services,IT Enabled Services
NSE:AFFORDABLE-BE,Affordable Robotic & Automation Limited,Capital Goods,Industrial Manufacturing,Industrial Products
NSE:AFIL-BE,Akme Fintrade (India) Limited,Financial Services,Finance,Non Banking Financial Company (NBFC)
NSE:AFSL-EQ,Abans Financial Services Limited,Financial Services,Finance,Holding Company
NSE:AGARIND-EQ,Agarwal Industrial Corporation Limited,Chemicals,Chemicals & Petrochemicals,Petrochemicals
NSE:AGARWALEYE-EQ,Dr. Agarwal's Health Care Limited,Healthcare,Healthcare Services,Hospital
NSE:AGI-EQ,AGI Greenpac Limited,Capital Goods,Industrial Products,Packaging
NSE:AGIIL-EQ,Agi Infra Limited,Realty,Realty,Residential Commercial Projects
NSE:AGRITECH-EQ,Agri-Tech (India) Limited,Fast Moving Consumer Goods,Agricultural Food & other Products,Other Agricultural Products
NSE:AGROPHOS-EQ,Agro Phos India Limited,Chemicals,Fertilizers & Agrochemicals,Fertilizers
NSE:AGSTRA-BZ,AGS Transact Technologies Limited,Financial Services,Financial Technology (Fintech),Financial Technology (Fintech)
NSE:AHCL-EQ,Anlon Healthcare Limited,Healthcare,Pharmaceuticals & Biotechnology,Pharmaceuticals
NSE:AHLADA-EQ,Ahlada Engineers Limited,Consumer Durables,Consumer Durables,Furniture Home Furnishing
NSE:AHLEAST-EQ,Asian Hotels (East) Limited,Consumer Services,Leisure Services,Hotels & Resorts
NSE:AHLUCONT-EQ,Ahluwalia Contracts (India) Limited,Construction,Construction,Civil Construction
NSE:AHLWEST-BE,Asian Hotels (West) Limited,Consumer Services,Leisure Services,Hotels & Resorts
NSE:AIAENG-EQ,AIA Engineering Limited,Capital Goods,Industrial Products,Castings & Forgings
NSE:AIIL-EQ,Authum Investment & Infrastructure Limited,Financial Services,Finance,Non Banking Financial Company (NBFC)
NSE:AIRAN-EQ,Airan Limited,Information Technology,IT - Services,IT Enabled Services
NSE:AIROLAM-EQ,Airo Lam limited,Consumer Durables,Consumer Durables,Plywood Boards/ Laminates
NSE:AJANTPHARM-EQ,Ajanta Pharma Limited,Healthcare,Pharmaceuticals & Biotechnology,Pharmaceuticals
NSE:AJAXENGG-EQ,Ajax Engineering Limited,Capital Goods,Agricultural Commercial & Construction Vehicles,Construction Vehicles
NSE:AJMERA-EQ,Ajmera Realty & Infra India Limited,Realty,Realty,Residential Commercial Projects
NSE:AJOONI-EQ,Ajooni Biotech Limited,Fast Moving Consumer Goods,Food Products,Animal Feed
NSE:AKASH-EQ,Akash Infra-Projects Limited,Construction,Construction,Civil Construction
NSE:AKCAPIT-EQ,AK Capital Services Limited,Financial Services,Finance,Non Banking Financial Company (NBFC)
NSE:AKG-EQ,Akg Exim Limited,Services,Commercial Services & Supplies,Trading & Distributors
NSE:AKI-EQ,AKI India Limited,Consumer Durables,Consumer Durables,Leather And Leather Products
NSE:AKSHAR-EQ,Akshar Spintex Limited,Textiles,Textiles & Apparels,Other Textile Products
NSE:AKSHARCHEM-EQ,AksharChem India Limited,Chemicals,Chemicals & Petrochemicals,Dyes And Pigments
NSE:AKSHOPTFBR-BE,Aksh Optifibre Limited,Telecommunication,Telecom - Equipment & Accessories,Telecom - Equipment & Accessories
NSE:AKUMS-EQ,Akums Drugs and Pharmaceuticals Limited,Healthcare,Pharmaceuticals & Biotechnology,Pharmaceuticals
NSE:ALANKIT-EQ,Alankit Limited,Services,Commercial Services & Supplies,Diversified Commercial Services
NSE:ALBERTDAVD-EQ,Albert David Limited,Healthcare,Pharmaceuticals & Biotechnology,Pharmaceuticals
NSE:ALEMBICLTD-EQ,Alembic Limited,Realty,Realty,Residential Commercial Projects
NSE:ALGOQUANT-EQ,Algoquant Fintech Limited,Financial Services,Capital Markets,Stockbroking & Allied
NSE:ALICON-EQ,Alicon Castalloy Limited,Automobile and Auto Components,Auto Components,Auto Components & Equipments
NSE:ALIVUS-EQ,Alivus Life Sciences Limited,Healthcare,Pharmaceuticals & Biotechnology,Pharmaceuticals
NSE:ALKALI-BE,Alkali Metals Limited,Chemicals,Chemicals & Petrochemicals,Specialty Chemicals
NSE:ALKEM-EQ,Alkem Laboratories Limited,Healthcare,Pharmaceuticals & Biotechnology,Pharmaceuticals
NSE:ALKYLAMINE-EQ,Alkyl Amines Chemicals Limited,Chemicals,Chemicals & Petrochemicals,Specialty Chemicals
NSE:ALLCARGO-EQ,Allcargo Logistics Limited,Services,Transport Services,Logistics Solution Provider
NSE:ALLDIGI-EQ,Alldigi Tech Limited,Services,Commercial Services & Supplies,Business Process Outsourcing (BPO)/ Knowledge Process Outsourcing (KPO)
NSE:ALLTIME-EQ,All Time Plastics Limited,Consumer Durables,Consumer Durables,Houseware
NSE:ALMONDZ-EQ,Almondz Global Securities Limited,Financial Services,Capital Markets,Stockbroking & Allied
NSE:ALOKINDS-EQ,Alok Industries Limited,Textiles,Textiles & Apparels,Other Textile Products
NSE:ALPA-EQ,Alpa Laboratories Limited,Healthcare,Pharmaceuticals & Biotechnology,Pharmaceuticals
NSE:ALPHAGEO-EQ,Alphageo (India) Limited,Oil Gas & Consumable Fuels,Oil,Offshore Support Solution Drilling
NSE:AMAGI-EQ,Amagi Media Labs Limited,Information Technology,IT - Services,IT Enabled Services
NSE:AMANTA-EQ,Amanta Healthcare Limited,Healthcare,Pharmaceuticals & Biotechnology,Pharmaceuticals
NSE:AMBALALSA-EQ,Ambalal Sarabhai Enterprises Limited,Healthcare,Pharmaceuticals & Biotechnology,Pharmaceuticals
NSE:AMBER-EQ,Amber Enterprises India Limited,Consumer Durables,Consumer Durables,Household Appliances
NSE:AMBICAAGAR-EQ,Ambica Agarbathies & Aroma industries Limited,Fast Moving Consumer Goods,Household Products,Household Products
NSE:AMBIKCO-EQ,Ambika Cotton Mills Limited,Textiles,Textiles & Apparels,Other Textile Products
NSE:AMBUJACEM-EQ,Ambuja Cements Limited,Construction Materials,Cement & Cement Products,Cement & Cement Products
NSE:AMDIND-EQ,AMD Industries Limited,Capital Goods,Industrial Products,Packaging
NSE:AMIRCHAND-EQ,Amir Chand Jagdish Kumar (Exports) Limited,Fast Moving Consumer Goods,Agricultural Food & other Products,Other Agricultural Products
NSE:AMJLAND-EQ,Amj Land Holdings Limited,Realty,Realty,Residential Commercial Projects
NSE:AMNPLST-EQ,Amines & Plasticizers Limited,Chemicals,Chemicals & Petrochemicals,Commodity Chemicals
NSE:AMRUTANJAN-EQ,Amrutanjan Health Care Limited,Healthcare,Pharmaceuticals & Biotechnology,Pharmaceuticals
NSE:ANANDRATHI-EQ,Anand Rathi Wealth Limited,Financial Services,Capital Markets,Financial Products Distributor
NSE:ANANTRAJ-EQ,Anant Raj Limited,Realty,Realty,Residential Commercial Projects
NSE:ANDHRAPAP-EQ,ANDHRA PAPER LIMITED,Forest Materials,Paper Forest & Jute Products,Paper & Paper Products
NSE:ANDHRSUGAR-EQ,The Andhra Sugars Limited,Chemicals,Chemicals & Petrochemicals,Commodity Chemicals
NSE:ANGELONE-EQ,Angel One Limited,Financial Services,Capital Markets,Stockbroking & Allied
NSE:ANIKINDS-BE,Anik Industries Limited,Services,Commercial Services & Supplies,Trading & Distributors
NSE:ANKITMETAL-BZ,Ankit Metal & Power Limited,Metals & Mining,Ferrous Metals,Iron & Steel
NSE:ANMOL-EQ,Anmol India Limited,Oil Gas & Consumable Fuels,Consumable Fuels,Trading - Coal
NSE:ANSALAPI-BZ,Ansal Properties & Infrastructure Limited,Realty,Realty,Residential Commercial Projects
NSE:ANTELOPUS-EQ,Antelopus Selan Energy Limited,Oil Gas & Consumable Fuels,Oil,Oil Exploration & Production
NSE:ANTGRAPHIC-EQ,Antarctica Limited,Capital Goods,Industrial Products,Packaging
NSE:ANTHEM-EQ,Anthem Biosciences Limited,Healthcare,Pharmaceuticals & Biotechnology,Biotechnology
NSE:ANUHPHR-EQ,Anuh Pharma Limited,Healthcare,Pharmaceuticals & Biotechnology,Pharmaceuticals
NSE:ANUP-EQ,The Anup Engineering Limited,Capital Goods,Industrial Manufacturing,Industrial Products
NSE:ANURAS-EQ,Anupam Rasayan India Limited,Chemicals,Chemicals & Petrochemicals,Specialty Chemicals
NSE:APARINDS-EQ,Apar Industries Limited,Capital Goods,Electrical Equipment,Other Electrical Equipment
NSE:APCL-EQ,Anjani Portland Cement Limited,Construction Materials,Cement & Cement Products,Cement & Cement Products
NSE:APCOTEXIND-EQ,Apcotex Industries Limited,Capital Goods,Industrial Products,Rubber
NSE:APEX-EQ,Apex Frozen Foods Limited,Fast Moving Consumer Goods,Food Products,Seafood
NSE:APLAPOLLO-EQ,APL Apollo Tubes Limited,Capital Goods,Industrial Products,Iron & Steel Products
NSE:APLLTD-EQ,Alembic Pharmaceuticals Limited,Healthcare,Pharmaceuticals & Biotechnology,Pharmaceuticals
NSE:APOLLO-EQ,Apollo Micro Systems Limited,Capital Goods,Aerospace & Defense,Aerospace & Defense
NSE:APOLLOHOSP-EQ,Apollo Hospitals Enterprise Limited,Healthcare,Healthcare Services,Hospital
NSE:APOLLOPIPE-EQ,Apollo Pipes Limited,Capital Goods,Industrial Products,Plastic Products - Industrial
NSE:APOLLOTYRE-EQ,Apollo Tyres Limited,Automobile and Auto Components,Auto Components,Tyres & Rubber Products
NSE:APOLSINHOT-EQ,Apollo Sindoori Hotels Limited,Consumer Services,Leisure Services,Hotels & Resorts
NSE:APTECHT-EQ,Aptech Limited,Consumer Services,Other Consumer Services,Education
NSE:APTUS-EQ,Aptus Value Housing Finance India Limited,Financial Services,Finance,Housing Finance Company
NSE:AQYLON-EQ,Aqylon Nexus Limited,Media Entertainment & Publication,Entertainment,TV Broadcasting & Software Production
NSE:ARCHIDPLY-EQ,Archidply Industries Limited,Consumer Durables,Consumer Durables,Plywood Boards/ Laminates
NSE:ARCHIES-EQ,Archies Limited,Consumer Durables,Consumer Durables,Leisure Products
NSE:ARE&M-EQ,Amara Raja Energy & Mobility Limited,Automobile and Auto Components,Auto Components,Auto Components & Equipments
NSE:ARENTERP-EQ,Rajdarshan Industries Limited,Metals & Mining,Metals & Minerals Trading,Trading - Minerals
NSE:ARFIN-EQ,Arfin India Limited,Metals & Mining,Non - Ferrous Metals,Aluminium
NSE:ARIES-EQ,Aries Agro Limited,Chemicals,Fertilizers & Agrochemicals,Fertilizers
NSE:ARIHANT-EQ,Arihant Foundations & Housing Limited,Construction,Construction,Residential Commercial Projects
NSE:ARIHANTCAP-EQ,Arihant Capital Markets Limited,Financial Services,Capital Markets,Stockbroking & Allied
NSE:ARIHANTSUP-EQ,Arihant Superstructures Limited,Realty,Realty,Residential Commercial Projects
NSE:ARIS-EQ,Arisinfra Solutions Limited,Construction Materials,Other Construction Materials,Other Construction Materials
NSE:ARKADE-EQ,Arkade Developers Limited,Realty,Realty,Residential Commercial Projects
NSE:ARMANFIN-EQ,Arman Financial Services Limited,Financial Services,Finance,Non Banking Financial Company (NBFC)
NSE:AROGRANITE-EQ,Aro Granite Industries Limited,Consumer Durables,Consumer Durables,Granites & Marbles
NSE:ARROWGREEN-EQ,Arrow Greentech Limited,Capital Goods,Industrial Products,Packaging
NSE:ARSHIYA-BZ,Arshiya Limited,Services,Transport Services,Logistics Solution Provider
NSE:ARSSBL-EQ,Anand Rathi Share and Stock Brokers Limited,Financial Services,Capital Markets,Stockbroking & Allied
NSE:ARTEMISMED-EQ,Artemis Medicare Services Limited,Healthcare,Healthcare Services,Hospital
NSE:ARTNIRMAN-EQ,Art Nirman Limited,Realty,Realty,Residential Commercial Projects
NSE:ARVEE-EQ,Arvee Laboratories (India) Limited,Chemicals,Chemicals & Petrochemicals,Specialty Chemicals
NSE:ARVIND-EQ,Arvind Limited,Textiles,Textiles & Apparels,Garments & Apparels
NSE:ARVINDFASN-EQ,Arvind Fashions Limited,Consumer Services,Retailing,Speciality Retail
NSE:ARVSMART-EQ,Arvind SmartSpaces Limited,Realty,Realty,Residential Commercial Projects
NSE:ASAHIINDIA-EQ,Asahi India Glass Limited,Automobile and Auto Components,Auto Components,Auto Components & Equipments
NSE:ASAHISONG-EQ,Asahi Songwon Colors Limited,Chemicals,Chemicals & Petrochemicals,Dyes And Pigments
NSE:ASAL-EQ,Automotive Stampings and Assemblies Limited,Automobile and Auto Components,Auto Components,Auto Components & Equipments
NSE:ASALCBR-EQ,Associated Alcohols & Breweries Ltd.,Fast Moving Consumer Goods,Beverages,Breweries & Distilleries
NSE:ASHAPURMIN-EQ,Ashapura Minechem Limited,Metals & Mining,Minerals & Mining,Industrial Minerals
NSE:ASHIANA-EQ,Ashiana Housing Limited,Realty,Realty,Residential Commercial Projects
NSE:ASHIKA-EQ,Ashika Credit Capital Limited,Financial Services,Finance,Non Banking Financial Company (NBFC)
NSE:ASHIMASYN-EQ,Ashima Limited,Realty,Realty,Residential Commercial Projects
NSE:ASHOKA-EQ,Ashoka Buildcon Limited,Construction,Construction,Civil Construction
NSE:ASHOKAMET-EQ,Ashoka Metcast Limited,Metals & Mining,Metals & Minerals Trading,Trading - Metals
NSE:ASHOKLEY-EQ,Ashok Leyland Limited,Capital Goods,Agricultural Commercial & Construction Vehicles,Commercial Vehicles
NSE:ASIANENE-EQ,Asian Energy Services Limited,Oil Gas & Consumable Fuels,Oil,Oil Equipment & Services
NSE:ASIANHOTNR-EQ,Asian Hotels (North) Limited,Consumer Services,Leisure Services,Hotels & Resorts
NSE:ASIANPAINT-EQ,Asian Paints Limited,Consumer Durables,Consumer Durables,Paints
NSE:ASIANTILES-EQ,Asian Granito India Limited,Consumer Durables,Consumer Durables,Ceramics
NSE:ASKAUTOLTD-EQ,ASK Automotive Limited,Automobile and Auto Components,Auto Components,Auto Components & Equipments
NSE:ASMS-EQ,Bartronics India Limited,Information Technology,IT - Services,IT Enabled Services
NSE:ASPINWALL-EQ,Aspinwall and Company Limited,Diversified,Diversified,Diversified
NSE:ASTAR-EQ,Asian Star Company Limited,Consumer Durables,Consumer Durables,Gems Jewellery And Watches
NSE:ASTEC-EQ,Astec LifeSciences Limited,Chemicals,Fertilizers & Agrochemicals,Pesticides & Agrochemicals
NSE:ASTERDM-EQ,Aster DM Healthcare Limited,Healthcare,Healthcare Services,Hospital
NSE:ASTRAL-EQ,Astral Limited,Capital Goods,Industrial Products,Plastic Products - Industrial
NSE:ASTRAMICRO-EQ,Astra Microwave Products Limited,Capital Goods,Aerospace & Defense,Aerospace & Defense
NSE:ASTRAZEN-EQ,AstraZeneca Pharma India Limited,Healthcare,Pharmaceuticals & Biotechnology,Pharmaceuticals
NSE:ASTRON-BE,Astron Paper & Board Mill Limited,Forest Materials,Paper Forest & Jute Products,Paper & Paper Products
NSE:ATALREAL-EQ,Atal Realtech Limited,Realty,Realty,Residential Commercial Projects
NSE:ATAM-EQ,Atam Valves Limited,Capital Goods,Industrial Manufacturing,Industrial Products
NSE:ATGL-EQ,Adani Total Gas Limited,Oil Gas & Consumable Fuels,Gas,LPG/CNG/PNG/LNG Supplier
NSE:ATHERENERG-EQ,Ather Energy Limited,Automobile and Auto Components,Automobiles,2/3 Wheelers
NSE:ATL-EQ,Allcargo Terminals Limited,Services,Transport Infrastructure,Port & Port services
NSE:ATLANTAA-EQ,ATLANTAA LIMITED,Services,Transport Infrastructure,Road Assets - Toll Annuity Hybrid-Annuity
NSE:ATLANTAELE-BE,Atlanta Electricals Limited,Capital Goods,Electrical Equipment,Heavy Electrical Equipment
NSE:ATLASCYCLE-EQ,Atlas Cycles (Haryana) Limited,Consumer Durables,Consumer Durables,Cycles
NSE:ATUL-EQ,Atul Limited,Chemicals,Chemicals & Petrochemicals,Specialty Chemicals
NSE:ATULAUTO-EQ,Atul Auto Limited,Capital Goods,Agricultural Commercial & Construction Vehicles,Commercial Vehicles
NSE:AUBANK-EQ,AU Small Finance Bank Limited,Financial Services,Banks,Other Bank
NSE:AURIGROW-EQ,Auri Grow India Limited,Capital Goods,Industrial Products,Cables - Electricals
NSE:AURIONPRO-EQ,Aurionpro Solutions Limited,Information Technology,IT - Software,Computers - Software & Consulting
NSE:AUROPHARMA-EQ,Aurobindo Pharma Limited,Healthcare,Pharmaceuticals & Biotechnology,Pharmaceuticals
NSE:AURUM-EQ,Aurum PropTech Limited,Information Technology,IT - Services,IT Enabled Services
NSE:AUSOMENT-BE,Ausom Enterprise Limited,Consumer Durables,Consumer Durables,Gems Jewellery And Watches
NSE:AUTOAXLES-EQ,Automotive Axles Limited,Automobile and Auto Components,Auto Components,Auto Components & Equipments
NSE:AUTOIND-BE,Autoline Industries Limited,Automobile and Auto Components,Auto Components,Auto Components & Equipments
NSE:AVADHSUGAR-BE,Avadh Sugar & Energy Limited,Fast Moving Consumer Goods,Agricultural Food & other Products,Sugar
NSE:AVALON-EQ,Avalon Technologies Limited,Capital Goods,Electrical Equipment,Other Electrical Equipment
NSE:AVANTEL-EQ,Avantel Limited,Capital Goods,Aerospace & Defense,Aerospace & Defense
NSE:AVANTIFEED-EQ,Avanti Feeds Limited,Fast Moving Consumer Goods,Food Products,Animal Feed
NSE:AVG-EQ,AVG Logistics Limited,Services,Transport Services,Logistics Solution Provider
NSE:AVL-EQ,Aditya Vision Limited,Consumer Services,Retailing,Speciality Retail
NSE:AVONMORE-EQ,Avonmore Capital & Management Services Limited,Financial Services,Finance,Non Banking Financial Company (NBFC)
NSE:AVROIND-EQ,AVRO INDIA LIMITED,Consumer Durables,Consumer Durables,Plastic Products - Consumer
NSE:AVTNPL-EQ,AVT Natural Products Limited,Fast Moving Consumer Goods,Agricultural Food & other Products,Other Agricultural Products
NSE:AWFIS-EQ,Awfis Space Solutions Limited,Services,Commercial Services & Supplies,Diversified Commercial Services
NSE:AWHCL-EQ,Antony Waste Handling Cell Limited,Utilities,Other Utilities,Waste Management
NSE:AWL-EQ,AWL Agri Business Limited,Fast Moving Consumer Goods,Agricultural Food & other Products,Edible Oil
NSE:AXISBANK-EQ,Axis Bank Limited,Financial Services,Banks,Private Sector Bank
NSE:AXISCADES-EQ,AXISCADES Technologies Limited,Capital Goods,Aerospace & Defense,Aerospace & Defense
NSE:AXITA-EQ,Axita Cotton Limited,Textiles,Textiles & Apparels,Other Textile Products
NSE:AYE-EQ,Aye Finance Limited,Financial Services,Finance,Non Banking Financial Company (NBFC)
NSE:AYMSYNTEX-EQ,AYM Syntex Limited,Textiles,Textiles & Apparels,Other Textile Products
NSE:AZAD-EQ,Azad Engineering Limited,Capital Goods,Electrical Equipment,Heavy Electrical Equipment
NSE:BAFNAPH-EQ,Bafna Pharmaceuticals Limited,Healthcare,Pharmaceuticals & Biotechnology,Pharmaceuticals
NSE:BAGFILMS-EQ,B.A.G Films and Media Limited,Media Entertainment & Publication,Entertainment,TV Broadcasting & Software Production
NSE:BAIDFIN-EQ,Baid Finserv Limited,Financial Services,Finance,Non Banking Financial Company (NBFC)
NSE:BAJAJ-AUTO-EQ,Bajaj Auto Limited,Automobile and Auto Components,Automobiles,2/3 Wheelers
NSE:BAJAJCON-EQ,Bajaj Consumer Care Limited,Fast Moving Consumer Goods,Personal Products,Personal Care
NSE:BAJAJELEC-EQ,Bajaj Electricals Limited,Consumer Durables,Consumer Durables,Household Appliances
NSE:BAJAJFINSV-EQ,Bajaj Finserv Limited,Financial Services,Finance,Holding Company
NSE:BAJAJHCARE-EQ,Bajaj Healthcare Limited,Healthcare,Pharmaceuticals & Biotechnology,Pharmaceuticals
NSE:BAJAJHFL-EQ,Bajaj Housing Finance Limited,Financial Services,Finance,Housing Finance Company
NSE:BAJAJHIND-EQ,Bajaj Hindusthan Sugar Limited,Fast Moving Consumer Goods,Agricultural Food & other Products,Sugar
NSE:BAJAJHLDNG-EQ,Bajaj Holdings & Investment Limited,Financial Services,Finance,Holding Company
NSE:BAJAJINDEF-EQ,Indef Manufacturing Limited,Capital Goods,Industrial Manufacturing,Industrial Products
NSE:BAJAJST-EQ,Bajaj Steel Industries Limited,Capital Goods,Industrial Manufacturing,Industrial Products
NSE:BAJEL-EQ,Bajel Projects Limited,Capital Goods,Electrical Equipment,Heavy Electrical Equipment
NSE:BAJFINANCE-EQ,Bajaj Finance Limited,Financial Services,Finance,Non Banking Financial Company (NBFC)
NSE:BALAJEE-EQ,Shree Tirupati Balajee Agro Trading Company Limited,Capital Goods,Industrial Products,Packaging
NSE:BALAJITELE-EQ,Balaji Telefilms Limited,Media Entertainment & Publication,Entertainment,Media & Entertainment
NSE:BALAMINES-EQ,Balaji Amines Limited,Chemicals,Chemicals & Petrochemicals,Specialty Chemicals
NSE:BALAXI-BE,BALAXI PHARMACEUTICALS LIMITED,Healthcare,Pharmaceuticals & Biotechnology,Pharmaceuticals
NSE:BALKRISHNA-EQ,Balkrishna Paper Mills Limited,Forest Materials,Paper Forest & Jute Products,Paper & Paper Products
NSE:BALKRISIND-EQ,Balkrishna Industries Limited,Automobile and Auto Components,Auto Components,Tyres & Rubber Products
NSE:BALMLAWRIE-EQ,Balmer Lawrie & Company Limited,Diversified,Diversified,Diversified
NSE:BALPHARMA-EQ,Bal Pharma Limited,Healthcare,Pharmaceuticals & Biotechnology,Pharmaceuticals
NSE:BALRAMCHIN-EQ,Balrampur Chini Mills Limited,Fast Moving Consumer Goods,Agricultural Food & other Products,Sugar
NSE:BALUFORGE-EQ,Balu Forge Industries Limited,Capital Goods,Industrial Products,Castings & Forgings
NSE:BANARBEADS-EQ,Banaras Beads Limited,Consumer Durables,Consumer Durables,Gems Jewellery And Watches
NSE:BANARISUG-EQ,Bannari Amman Sugars Limited,Fast Moving Consumer Goods,Agricultural Food & other Products,Sugar
NSE:BANCOINDIA-EQ,Banco Products (I) Limited,Automobile and Auto Components,Auto Components,Auto Components & Equipments
NSE:BANDHANBNK-EQ,Bandhan Bank Limited,Financial Services,Banks,Private Sector Bank
NSE:BANG-EQ,Bang Overseas Limited,Textiles,Textiles & Apparels,Garments & Apparels
NSE:BANKA-BE,Banka BioLoo Limited,Construction,Construction,Civil Construction
NSE:BANKBARODA-EQ,Bank of Baroda,Financial Services,Banks,Public Sector Bank
NSE:BANKINDIA-EQ,Bank of India,Financial Services,Banks,Public Sector Bank
NSE:BANSALWIRE-EQ,Bansal Wire Industries Limited,Capital Goods,Industrial Products,Iron & Steel Products
NSE:BANSWRAS-EQ,Banswara Syntex Limited,Textiles,Textiles & Apparels,Other Textile Products
NSE:BASF-EQ,BASF India Limited,Chemicals,Chemicals & Petrochemicals,Specialty Chemicals
NSE:BASML-EQ,Bannari Amman Spinning Mills Limited,Textiles,Textiles & Apparels,Other Textile Products
NSE:BATAINDIA-EQ,Bata India Limited,Consumer Durables,Consumer Durables,Footwear
NSE:BATLIBOI-EQ,Batliboi Limited,Capital Goods,Industrial Manufacturing,Industrial Equipments
NSE:BAYERCROP-EQ,Bayer Cropscience Limited,Chemicals,Fertilizers & Agrochemicals,Pesticides & Agrochemicals
NSE:BBL-EQ,Bharat Bijlee Limited,Capital Goods,Electrical Equipment,Heavy Electrical Equipment
NSE:BBOX-EQ,Black Box Limited,Information Technology,IT - Services,IT Enabled Services
NSE:BBTC-EQ,The Bombay Burmah Trading Corporation Limited,Fast Moving Consumer Goods,Food Products,Packaged Foods
NSE:BBTCL-EQ,B&B Triplewall Containers Limited,Capital Goods,Industrial Products,Packaging
NSE:BCG-EQ,Brightcom Group Limited,Information Technology,IT - Services,IT Enabled Services
NSE:BCLIND-EQ,Bcl Industries Limited,Fast Moving Consumer Goods,Beverages,Breweries & Distilleries
NSE:BCONCEPTS-EQ,Brand Concepts Limited,Consumer Services,Retailing,Speciality Retail
NSE:BCPL-EQ,BCPL Railway Infrastructure Limited,Construction,Construction,Civil Construction
NSE:BDL-EQ,Bharat Dynamics Limited,Capital Goods,Aerospace & Defense,Aerospace & Defense
NSE:BEARDSELL-EQ,Beardsell Limited,Capital Goods,Industrial Products,Other Industrial Products
NSE:BECTORFOOD-EQ,Mrs. Bectors Food Specialities Limited,Fast Moving Consumer Goods,Food Products,Packaged Foods
NSE:BEDMUTHA-EQ,Bedmutha Industries Limited,Capital Goods,Industrial Products,Aluminium Copper & Zinc Products
NSE:BEEKAY-EQ,Beekay Steel Industries Limited,Capital Goods,Industrial Products,Iron & Steel Products
NSE:BEL-EQ,Bharat Electronics Limited,Capital Goods,Aerospace & Defense,Aerospace & Defense
NSE:BELLACASA-EQ,Bella Casa Fashion & Retail Limited,Textiles,Textiles & Apparels,Garments & Apparels
NSE:BELRISE-EQ,Belrise Industries Limited,Automobile and Auto Components,Auto Components,Auto Components & Equipments
NSE:BEML-EQ,BEML Limited,Capital Goods,Agricultural Commercial & Construction Vehicles,Construction Vehicles
NSE:BENGALASM-EQ,Bengal & Assam Company Limited,Financial Services,Finance,Non Banking Financial Company (NBFC)
NSE:BEPL-EQ,Bhansali Engineering Polymers Limited,Chemicals,Chemicals & Petrochemicals,Specialty Chemicals
NSE:BERGEPAINT-EQ,Berger Paints (I) Limited,Consumer Durables,Consumer Durables,Paints
NSE:BESTAGRO-EQ,Best Agrolife Limited,Chemicals,Fertilizers & Agrochemicals,Pesticides & Agrochemicals
NSE:BETA-EQ,Beta Drugs Limited,Healthcare,Pharmaceuticals & Biotechnology,Pharmaceuticals
NSE:BFINVEST-EQ,BF Investment Limited,Financial Services,Finance,Holding Company
NSE:BFUTILITIE-EQ,BF Utilities Limited,Services,Transport Infrastructure,Road Assets - Toll Annuity Hybrid-Annuity
NSE:BGLOBAL-BZ,Bharatiya Global Infomedia Limited,Information Technology,IT - Services,IT Enabled Services
NSE:BGRENERGY-BE,BGR Energy Systems Limited,Construction,Construction,Civil Construction
NSE:BHAGCHEM-EQ,Bhagiradha Chemicals & Industries Limited,Chemicals,Fertilizers & Agrochemicals,Pesticides & Agrochemicals
NSE:BHAGERIA-EQ,Bhageria Industries Limited,Chemicals,Chemicals & Petrochemicals,Dyes And Pigments
NSE:BHAGYANGR-BE,Bhagyanagar India Limited,Metals & Mining,Non - Ferrous Metals,Copper
NSE:BHANDARI-BE,Bhandari Hosiery Exports Limited,Textiles,Textiles & Apparels,Other Textile Products
NSE:BHARATCOAL-EQ,Bharat Coking Coal Limited,Oil Gas & Consumable Fuels,Consumable Fuels,Coal
NSE:BHARATFORG-EQ,Bharat Forge Limited,Automobile and Auto Components,Auto Components,Auto Components & Equipments
NSE:BHARATGEAR-EQ,Bharat Gears Limited,Automobile and Auto Components,Auto Components,Auto Components & Equipments
NSE:BHARATRAS-EQ,Bharat Rasayan Limited,Chemicals,Fertilizers & Agrochemicals,Pesticides & Agrochemicals
NSE:BHARATSE-EQ,Bharat Seats Limited,Automobile and Auto Components,Auto Components,Auto Components & Equipments
NSE:BHARATWIRE-EQ,Bharat Wire Ropes Limited,Capital Goods,Industrial Products,Iron & Steel Products
NSE:BHARTIARTL-EQ,Bharti Airtel Limited,Telecommunication,Telecom - Services,Telecom - Cellular & Fixed line services
NSE:BHARTIHEXA-EQ,Bharti Hexacom Limited,Telecommunication,Telecom - Services,Telecom - Cellular & Fixed line services
NSE:BHEL-EQ,Bharat Heavy Electricals Limited,Capital Goods,Electrical Equipment,Heavy Electrical Equipment
NSE:BI-EQ,Bilcare Limited,Healthcare,Healthcare Services,Healthcare Research Analytics & Technology
NSE:BIGBLOC-EQ,Bigbloc Construction Limited,Construction Materials,Cement & Cement Products,Cement & Cement Products
NSE:BIKAJI-EQ,Bikaji Foods International Limited,Fast Moving Consumer Goods,Food Products,Packaged Foods
NSE:BIL-EQ,Bhartiya International Limited,Consumer Durables,Consumer Durables,Leather And Leather Products
NSE:BILVYAPAR-BE,BIL VYAPAR LIMITED,Financial Services,Finance,Holding Company
NSE:BIMETAL-EQ,Bimetal Bearings Limited,Automobile and Auto Components,Auto Components,Auto Components & Equipments
NSE:BIOCON-EQ,Biocon Limited,Healthcare,Pharmaceuticals & Biotechnology,Pharmaceuticals
NSE:BIOFILCHEM-EQ,Biofil Chemicals & Pharmaceuticals Limited,Healthcare,Pharmaceuticals & Biotechnology,Pharmaceuticals
NSE:BIRLACABLE-BE,Birla Cable Limited,Telecommunication,Telecom - Equipment & Accessories,Telecom - Equipment & Accessories
NSE:BIRLACORPN-EQ,Birla Corporation Limited,Construction Materials,Cement & Cement Products,Cement & Cement Products
NSE:BIRLAMONEY-EQ,Aditya Birla Money Limited,Financial Services,Capital Markets,Stockbroking & Allied
NSE:BIRLANU-EQ,BirlaNu Limited,Consumer Durables,Consumer Durables,Furniture Home Furnishing
NSE:BIRLAPREC-EQ,Birla Precision Technologies Limited,Capital Goods,Industrial Manufacturing,Industrial Products
NSE:BLACKBUCK-EQ,BLACKBUCK LIMITED,Services,Transport Services,Transport Related Services
NSE:BLACKROSE-EQ,Black Rose Inds. Limited,Chemicals,Chemicals & Petrochemicals,Specialty Chemicals
NSE:BLAL-EQ,BEML Land Assets Limited,Financial Services,Finance,Investment Company
NSE:BLBLIMITED-EQ,BLB Limited,Financial Services,Finance,Investment Company
NSE:BLIL-EQ,Balmer Lawrie Investments Limited,Financial Services,Finance,Non Banking Financial Company (NBFC)
NSE:BLISSGVS-EQ,Bliss GVS Pharma Limited,Healthcare,Pharmaceuticals & Biotechnology,Pharmaceuticals
NSE:BLKASHYAP-EQ,B. L. Kashyap and Sons Limited,Construction,Construction,Civil Construction
NSE:BLS-EQ,BLS International Services Limited,Consumer Services,Leisure Services,Tour Travel Related Services
NSE:BLSE-EQ,BLS E-Services Limited,Information Technology,IT - Services,IT Enabled Services
NSE:BLUECHIP-BE,Blue Chip India Limited,Financial Services,Finance,Investment Company
NSE:BLUECOAST-BE,Blue Coast Hotels Limited,Consumer Services,Leisure Services,Hotels & Resorts
NSE:BLUEDART-EQ,Blue Dart Express Limited,Services,Transport Services,Logistics Solution Provider
NSE:BLUEJET-EQ,Blue Jet Healthcare Limited,Healthcare,Pharmaceuticals & Biotechnology,Pharmaceuticals
NSE:BLUESTARCO-EQ,Blue Star Limited,Consumer Durables,Consumer Durables,Household Appliances
NSE:BLUESTONE-EQ,BlueStone Jewellery and Lifestyle Limited,Consumer Durables,Consumer Durables,Gems Jewellery And Watches
NSE:BLUSPRING-EQ,Bluspring Enterprises Limited,Services,Commercial Services & Supplies,Diversified Commercial Services
NSE:BMWVENTLTD-EQ,BMW Ventures Limited,Metals & Mining,Metals & Minerals Trading,Trading - Metals
NSE:BNAGROCHEM-BE,BN Agrochem Limited,Services,Commercial Services & Supplies,Trading & Distributors
NSE:BNALTD-EQ,B & A Limited,Fast Moving Consumer Goods,Agricultural Food & other Products,Tea & Coffee
NSE:BODALCHEM-BE,Bodal Chemicals Limited,Chemicals,Chemicals & Petrochemicals,Dyes And Pigments
NSE:BOHRAIND-EQ,Bohra Industries Limited,Chemicals,Fertilizers & Agrochemicals,Fertilizers
NSE:BOMDYEING-EQ,Bombay Dyeing & Mfg Company Limited,Textiles,Textiles & Apparels,Other Textile Products
NSE:BONLON-EQ,Bonlon Industries Limited,Metals & Mining,Metals & Minerals Trading,Trading - Metals
NSE:BORANA-EQ,Borana Weaves Limited,Textiles,Textiles & Apparels,Other Textile Products
NSE:BOROLTD-EQ,Borosil Limited,Consumer Durables,Consumer Durables,Houseware
NSE:BORORENEW-EQ,BOROSIL RENEWABLES LIMITED,Capital Goods,Industrial Products,Glass - Industrial
NSE:BOROSCI-EQ,Borosil Scientific Limited,Capital Goods,Industrial Products,Glass - Industrial
NSE:BOSCH-HCIL-EQ,BOSCH HOME COMFORT INDIA LIMITED,Consumer Durables,Consumer Durables,Household Appliances
NSE:BOSCHLTD-EQ,Bosch Limited,Automobile and Auto Components,Auto Components,Auto Components & Equipments
NSE:BPCL-EQ,Bharat Petroleum Corporation Limited,Oil Gas & Consumable Fuels,Petroleum Products,Refineries & Marketing
NSE:BPL-EQ,BPL Limited,Consumer Durables,Consumer Durables,Consumer Electronics
NSE:BRIGADE-EQ,Brigade Enterprises Limited,Realty,Realty,Residential Commercial Projects
NSE:BRIGHOTEL-EQ,Brigade Hotel Ventures Limited,Consumer Services,Leisure Services,Hotels & Resorts
NSE:BRITANNIA-EQ,Britannia Industries Limited,Fast Moving Consumer Goods,Food Products,Packaged Foods
NSE:BRNL-EQ,Bharat Road Network Limited,Services,Transport Infrastructure,Road Assets - Toll Annuity Hybrid-Annuity
NSE:BROOKS-BE,Brooks Laboratories Limited,Healthcare,Pharmaceuticals & Biotechnology,Pharmaceuticals
NSE:BSE-EQ,BSE Limited,Financial Services,Capital Markets,Exchange and Data Platform
NSE:BSHSL-BE,Bombay Super Hybrid Seeds Limited,Fast Moving Consumer Goods,Agricultural Food & other Products,Other Agricultural Products
NSE:BSL-EQ,BSL Limited,Textiles,Textiles & Apparels,Other Textile Products
NSE:BSOFT-EQ,BIRLASOFT LIMITED,Information Technology,IT - Software,Computers - Software & Consulting
NSE:BTML-EQ,Bodhi Tree Multimedia Limited,Media Entertainment & Publication,Entertainment,Digital Entertainment
NSE:BTTL-EQ,Bhilwara Technical Textiles Limited,Textiles,Textiles & Apparels,Trading - Textile Products
NSE:BUILDPRO-EQ,Shankara Buildpro Limited,Services,Commercial Services & Supplies,Trading & Distributors
NSE:BUTTERFLY-EQ,Butterfly Gandhimathi Appliances Limited,Consumer Durables,Consumer Durables,Household Appliances
NSE:BVCL-EQ,Barak Valley Cements Limited,Construction Materials,Cement & Cement Products,Cement & Cement Products
NSE:BYKE-EQ,The Byke Hospitality Ltd,Consumer Services,Leisure Services,Hotels & Resorts
NSE:CALSOFT-BE,California Software Company Limited,Information Technology,IT - Software,Computers - Software & Consulting
NSE:CAMLINFINE-EQ,Camlin Fine Sciences Limited,Chemicals,Chemicals & Petrochemicals,Specialty Chemicals
NSE:CAMPUS-EQ,Campus Activewear Limited,Consumer Durables,Consumer Durables,Footwear
NSE:CAMS-EQ,Computer Age Management Services Limited,Financial Services,Capital Markets,Depositories Clearing Houses and Other Intermediaries
NSE:CANBK-EQ,Canara Bank,Financial Services,Banks,Public Sector Bank
NSE:CANFINHOME-EQ,Can Fin Homes Limited,Financial Services,Finance,Housing Finance Company
NSE:CANHLIFE-EQ,Canara HSBC Life Insurance Company Limited,Financial Services,Insurance,Life Insurance
NSE:CANTABIL-EQ,Cantabil Retail India Limited,Textiles,Textiles & Apparels,Garments & Apparels
NSE:CAPACITE-EQ,Capacit'e Infraprojects Limited,Construction,Construction,Civil Construction
NSE:CAPILLARY-EQ,Capillary Technologies India Limited,Information Technology,IT - Software,Software Products
NSE:CAPITALSFB-EQ,Capital Small Finance Bank Limited,Financial Services,Banks,Other Bank
NSE:CAPLIPOINT-EQ,Caplin Point Laboratories Limited,Healthcare,Pharmaceuticals & Biotechnology,Pharmaceuticals
NSE:CAPTRUST-BE,Capital Trust Limited,Financial Services,Finance,Non Banking Financial Company (NBFC)
NSE:CARBORUNIV-EQ,Carborundum Universal Limited,Capital Goods,Industrial Products,Abrasives & Bearings
NSE:CARERATING-EQ,CARE Ratings Limited,Financial Services,Capital Markets,Ratings
NSE:CARRARO-EQ,Carraro India Limited,Automobile and Auto Components,Auto Components,Auto Components & Equipments
NSE:CARTRADE-EQ,Cartrade Tech Limited,Consumer Services,Retailing,E-Retail/ E-Commerce
NSE:CARYSIL-EQ,CARYSIL LIMITED,Consumer Durables,Consumer Durables,Household Appliances
NSE:CASTROLIND-EQ,Castrol India Limited,Oil Gas & Consumable Fuels,Petroleum Products,Lubricants
NSE:CCAVENUE-EQ,AvenuesAI Limited,Financial Services,Financial Technology (Fintech),Financial Technology (Fintech)
NSE:CCCL-EQ,Consolidated Construction Consortium Limited,Realty,Realty,Residential Commercial Projects
NSE:CCHHL-EQ,Country Club Hospitality & Holidays Limited,Consumer Services,Leisure Services,Hotels & Resorts
NSE:CCL-EQ,CCL Products (India) Limited,Fast Moving Consumer Goods,Agricultural Food & other Products,Tea & Coffee
NSE:CDSL-EQ,Central Depository Services (India) Limited,Financial Services,Capital Markets,Depositories Clearing Houses and Other Intermediaries
NSE:CEATLTD-EQ,CEAT Limited,Automobile and Auto Components,Auto Components,Tyres & Rubber Products
NSE:CEIGALL-EQ,Ceigall India Limited,Construction,Construction,Civil Construction
NSE:CEINSYS-EQ,Ceinsys Tech Limited,Information Technology,IT - Services,IT Enabled Services
NSE:CELEBRITY-EQ,Celebrity Fashions Limited,Textiles,Textiles & Apparels,Garments & Apparels
NSE:CELLO-EQ,Cello World Limited,Consumer Durables,Consumer Durables,Houseware
NSE:CEMPRO-EQ,Cemindia Projects Limited,Construction,Construction,Civil Construction
NSE:CENTENKA-EQ,Century Enka Limited,Textiles,Textiles & Apparels,Other Textile Products
NSE:CENTEXT-EQ,Century Extrusions Limited,Capital Goods,Industrial Products,Aluminium Copper & Zinc Products
NSE:CENTRALBK-EQ,Central Bank of India,Financial Services,Banks,Public Sector Bank
NSE:CENTRUM-EQ,Centrum Capital Limited,Financial Services,Finance,Other Financial Services
NSE:CENTUM-EQ,Centum Electronics Limited,Capital Goods,Aerospace & Defense,Aerospace & Defense
NSE:CENTURYPLY-EQ,Century Plyboards (India) Limited,Consumer Durables,Consumer Durables,Plywood Boards/ Laminates
NSE:CERA-EQ,Cera Sanitaryware Limited,Consumer Durables,Consumer Durables,Sanitary Ware
NSE:CEREBRAINT-BZ,Cerebra Integrated Technologies Limited,Information Technology,IT - Hardware,Computers Hardware & Equipments
NSE:CESC-EQ,CESC Limited,Power,Power,Integrated Power Utilities
NSE:CEWATER-EQ,Concord Enviro Systems Limited,Utilities,Other Utilities,Waste Management
NSE:CGCL-EQ,Capri Global Capital Limited,Financial Services,Finance,Non Banking Financial Company (NBFC)
NSE:CGPOWER-EQ,CG Power and Industrial Solutions Limited,Capital Goods,Electrical Equipment,Heavy Electrical Equipment
NSE:CHALET-EQ,Chalet Hotels Limited,Consumer Services,Leisure Services,Hotels & Resorts
NSE:CHAMBLFERT-EQ,Chambal Fertilizers & Chemicals Limited,Chemicals,Fertilizers & Agrochemicals,Fertilizers
NSE:CHEMBOND-BE,Chembond Material Technologies Limited,Chemicals,Chemicals & Petrochemicals,Specialty Chemicals
NSE:CHEMBONDCH-BE,Chembond Chemicals Limited,Chemicals,Chemicals & Petrochemicals,Specialty Chemicals
NSE:CHEMCON-EQ,Chemcon Speciality Chemicals Limited,Chemicals,Chemicals & Petrochemicals,Specialty Chemicals
NSE:CHEMFAB-BE,Chemfab Alkalis Limited,Chemicals,Chemicals & Petrochemicals,Commodity Chemicals
NSE:CHEMPLASTS-EQ,Chemplast Sanmar Limited,Chemicals,Chemicals & Petrochemicals,Specialty Chemicals
NSE:CHENNPETRO-EQ,Chennai Petroleum Corporation Limited,Oil Gas & Consumable Fuels,Petroleum Products,Refineries & Marketing
NSE:CHEVIOT-EQ,Cheviot Company Limited,Forest Materials,Paper Forest & Jute Products,Jute & Jute Products
NSE:CHOICEIN-EQ,Choice International Limited,Financial Services,Finance,Holding Company
NSE:CHOLAFIN-EQ,Cholamandalam Investment and Finance Company Limited,Financial Services,Finance,Non Banking Financial Company (NBFC)
NSE:CHOLAHLDNG-EQ,Cholamandalam Financial Holdings Limited,Financial Services,Finance,Investment Company
NSE:CIEINDIA-EQ,CIE Automotive India Limited,Automobile and Auto Components,Auto Components,Auto Components & Equipments
NSE:CIFL-EQ,Capital India Finance Limited,Financial Services,Finance,Non Banking Financial Company (NBFC)
NSE:CINELINE-EQ,Cineline India Limited,Media Entertainment & Publication,Entertainment,Film Production Distribution & Exhibition
NSE:CINEVISTA-EQ,Cinevista Limited,Realty,Realty,Residential Commercial Projects
NSE:CIPLA-EQ,Cipla Limited,Healthcare,Pharmaceuticals & Biotechnology,Pharmaceuticals
NSE:CLCIND-BE,CLC Industries Limited,Textiles,Textiles & Apparels,Other Textile Products
NSE:CLEAN-EQ,Clean Science and Technology Limited,Chemicals,Chemicals & Petrochemicals,Specialty Chemicals
NSE:CLEANMAX-EQ,Clean Max Enviro Energy Solutions Limited,Power,Power,Power Generation
NSE:CLEDUCATE-BE,CL Educate Limited,Consumer Services,Other Consumer Services,Education
NSE:CLSEL-EQ,Chaman Lal Setia Exports Limited,Fast Moving Consumer Goods,Agricultural Food & other Products,Other Agricultural Products
NSE:CMICABLES-BZ,CMI Limited,Capital Goods,Industrial Products,Cables - Electricals
NSE:CMPDI-EQ,Central Mine Planning & Design Institute Limited,Services,Commercial Services & Supplies,Consulting Services
NSE:CMSINFO-EQ,CMS Info Systems Limited,Services,Commercial Services & Supplies,Diversified Commercial Services
NSE:CNL-EQ,Creative Newtech Limited,Services,Commercial Services & Supplies,Trading & Distributors
NSE:COALINDIA-EQ,Coal India Limited,Oil Gas & Consumable Fuels,Consumable Fuels,Coal
NSE:COASTCORP-EQ,Coastal Corporation Limited,Fast Moving Consumer Goods,Food Products,Seafood
NSE:COCHINSHIP-EQ,Cochin Shipyard Limited,Capital Goods,Industrial Manufacturing,Ship Building & Allied Services
NSE:COCKERILL-EQ,John Cockerill India Limited,Capital Goods,Industrial Manufacturing,Industrial Products
NSE:COFFEEDAY-BE,Coffee Day Enterprises Limited,Consumer Services,Leisure Services,Restaurants
NSE:COFORGE-EQ,Coforge Limited,Information Technology,IT - Software,Computers - Software & Consulting
NSE:COHANCE-EQ,Cohance Lifesciences Limited,Healthcare,Pharmaceuticals & Biotechnology,Pharmaceuticals
NSE:COLPAL-EQ,Colgate Palmolive (India) Limited,Fast Moving Consumer Goods,Personal Products,Personal Care
NSE:COMFINTE-EQ,Comfort Intech Limited,Fast Moving Consumer Goods,Beverages,Breweries & Distilleries
NSE:COMPINFO-BZ,Compuage Infocom Limited,Information Technology,IT - Hardware,Computers Hardware & Equipments
NSE:COMPUSOFT-EQ,Compucom Software Limited,Consumer Services,Other Consumer Services,Education
NSE:COMSYN-EQ,Commercial Syn Bags Limited,Capital Goods,Industrial Products,Packaging
NSE:CONCOR-EQ,Container Corporation of India Limited,Services,Transport Services,Logistics Solution Provider
NSE:CONCORDBIO-EQ,Concord Biotech Limited,Healthcare,Pharmaceuticals & Biotechnology,Pharmaceuticals
NSE:CONFIPET-EQ,Confidence Petroleum India Limited,Oil Gas & Consumable Fuels,Gas,LPG/CNG/PNG/LNG Supplier
NSE:CONSOFINVT-EQ,Consolidated Finvest & Holdings Limited,Financial Services,Finance,Investment Company
NSE:CONTROLPR-EQ,Control Print Limited,Information Technology,IT - Hardware,Computers Hardware & Equipments
NSE:CORALFINAC-EQ,Coral India Finance & Housing Limited,Services,Commercial Services & Supplies,Diversified Commercial Services
NSE:CORDSCABLE-BE,Cords Cable Industries Limited,Capital Goods,Industrial Products,Cables - Electricals
NSE:COROMANDEL-EQ,Coromandel International Limited,Chemicals,Fertilizers & Agrochemicals,Fertilizers
NSE:CORONA-EQ,CORONA Remedies Limited,Healthcare,Pharmaceuticals & Biotechnology,Pharmaceuticals
NSE:COSMOFIRST-EQ,COSMO FIRST LIMITED,Capital Goods,Industrial Products,Packaging
NSE:COUNCODOS-EQ,Country Condo's Limited,Realty,Realty,Residential Commercial Projects
NSE:CPCAP-BE,CP Capital Limited,Financial Services,Finance,Non Banking Financial Company (NBFC)
NSE:CPEDU-EQ,Career Point Edutech Limited,Consumer Services,Other Consumer Services,Education
NSE:CPPLUS-EQ,Aditya Infotech Limited,Capital Goods,Industrial Manufacturing,Industrial Products
NSE:CRAFTSMAN-EQ,Craftsman Automation Limited,Automobile and Auto Components,Auto Components,Auto Components & Equipments
NSE:CRAMC-EQ,Canara Robeco Asset Management Company Limited,Financial Services,Capital Markets,Asset Management Company
NSE:CREATIVEYE-EQ,Creative Eye Limited,Media Entertainment & Publication,Entertainment,Media & Entertainment
NSE:CREDITACC-EQ,CREDITACCESS GRAMEEN LIMITED,Financial Services,Finance,Microfinance Institutions
NSE:CREST-EQ,Crest Ventures Limited,Financial Services,Finance,Non Banking Financial Company (NBFC)
NSE:CRISIL-EQ,Crisil Limited,Financial Services,Finance,Other Financial Services
NSE:CRIZAC-EQ,Crizac Limited,Consumer Services,Retailing,Internet & Catalogue Retail
NSE:CROMPTON-EQ,Crompton Greaves Consumer Electricals Limited,Consumer Durables,Consumer Durables,Household Appliances
NSE:CROWN-EQ,Crown Lifters Limited,Capital Goods,Industrial Manufacturing,Industrial Products
NSE:CSBBANK-EQ,CSB Bank Limited,Financial Services,Banks,Private Sector Bank
NSE:CSLFINANCE-EQ,CSL Finance Limited,Financial Services,Finance,Non Banking Financial Company (NBFC)
NSE:CTE-EQ,Cambridge Technology Enterprises Limited,Information Technology,IT - Software,Computers - Software & Consulting
NSE:CUB-EQ,City Union Bank Limited,Financial Services,Banks,Private Sector Bank
NSE:CUBEXTUB-EQ,Cubex Tubings Limited,Capital Goods,Industrial Products,Aluminium Copper & Zinc Products
NSE:CUMMINSIND-EQ,Cummins India Limited,Capital Goods,Industrial Products,Compressors Pumps & Diesel Engines
NSE:CUPID-EQ,Cupid Limited,Fast Moving Consumer Goods,Personal Products,Personal Care
NSE:CURAA-EQ,Cura Technologies Limited,Information Technology,IT - Software,Computers - Software & Consulting
NSE:CYBERMEDIA-BE,Cyber Media (India) Limited,Media Entertainment & Publication,Media,Electronic Media
NSE:CYBERTECH-EQ,Cybertech Systems And Software Limited,Information Technology,IT - Software,Computers - Software & Consulting
NSE:CYIENT-EQ,Cyient Limited,Information Technology,IT - Services,IT Enabled Services
NSE:CYIENTDLM-EQ,Cyient DLM Limited,Capital Goods,Aerospace & Defense,Aerospace & Defense
NSE:DABUR-EQ,Dabur India Limited,Fast Moving Consumer Goods,Personal Products,Personal Care
NSE:DAICHI-EQ,Dai-Ichi Karkaria Limited,Chemicals,Chemicals & Petrochemicals,Specialty Chemicals
NSE:DALBHARAT-EQ,Dalmia Bharat Limited,Construction Materials,Cement & Cement Products,Cement & Cement Products
NSE:DALMIASUG-EQ,Dalmia Bharat Sugar and Industries Limited,Fast Moving Consumer Goods,Agricultural Food & other Products,Sugar
NSE:DAMCAPITAL-EQ,Dam Capital Advisors Limited,Financial Services,Capital Markets,Stockbroking & Allied
NSE:DAMODARIND-EQ,Damodar Industries Limited,Textiles,Textiles & Apparels,Other Textile Products
NSE:DANGEE-EQ,Dangee Dums Limited,Fast Moving Consumer Goods,Food Products,Other Food Products
NSE:DATAMATICS-EQ,Datamatics Global Services Limited,Information Technology,IT - Services,IT Enabled Services
NSE:DATAPATTNS-EQ,Data Patterns (India) Limited,Capital Goods,Aerospace & Defense,Aerospace & Defense
NSE:DAVANGERE-EQ,Davangere Sugar Company Limited,Fast Moving Consumer Goods,Agricultural Food & other Products,Other Agricultural Products
NSE:DBCORP-EQ,D.B.Corp Limited,Media Entertainment & Publication,Media,Print Media
NSE:DBEIL-BE,Deepak Builders & Engineers India Limited,Construction,Construction,Civil Construction
NSE:DBL-EQ,Dilip Buildcon Limited,Construction,Construction,Civil Construction
NSE:DBOL-BE,Dhampur Bio Organics Limited,Fast Moving Consumer Goods,Agricultural Food & other Products,Sugar
NSE:DBREALTY-BE,Valor Estate Limited,Realty,Realty,Residential Commercial Projects
NSE:DBSTOCKBRO-EQ,DB (International) Stock Brokers Limited,Financial Services,Capital Markets,Stockbroking & Allied
NSE:DCAL-EQ,Dishman Carbogen Amcis Limited,Healthcare,Pharmaceuticals & Biotechnology,Pharmaceuticals
NSE:DCBBANK-EQ,DCB Bank Limited,Financial Services,Banks,Private Sector Bank
NSE:DCI-BE,Dc Infotech And Communication Limited,Information Technology,IT - Software,Computers - Software & Consulting
NSE:DCM-EQ,DCM  Limited,Information Technology,IT - Services,IT Enabled Services
NSE:DCMFINSERV-BE,DCM Financial Services Limited,Financial Services,Finance,Investment Company
NSE:DCMNVL-BE,DCM Nouvelle Limited,Textiles,Textiles & Apparels,Other Textile Products
NSE:DCMSHRIRAM-EQ,DCM Shriram Limited,Diversified,Diversified,Diversified
NSE:DCMSIL-BE,DCM Shriram International Limited,Textiles,Textiles & Apparels,Other Textile Products
NSE:DCMSRIND-EQ,DCM Shriram Industries Limited,Fast Moving Consumer Goods,Agricultural Food & other Products,Sugar
NSE:DCW-EQ,DCW Limited,Chemicals,Chemicals & Petrochemicals,Petrochemicals
NSE:DCXINDIA-EQ,DCX Systems Limited,Capital Goods,Aerospace & Defense,Aerospace & Defense
NSE:DDEVPLSTIK-EQ,Ddev Plastiks Industries Limited,Chemicals,Chemicals & Petrochemicals,Specialty Chemicals
NSE:DECCANCE-EQ,Deccan Cements Limited,Construction Materials,Cement & Cement Products,Cement & Cement Products
NSE:DECNGOLD-EQ,Deccan Gold Mines Limited,Metals & Mining,Non - Ferrous Metals,Precious Metals
NSE:DEEDEV-BE,DEE Development Engineers Limited,Capital Goods,Industrial Manufacturing,Industrial Products
NSE:DEEPAKFERT-EQ,Deepak Fertilizers and Petrochemicals Corporation Limited,Chemicals,Chemicals & Petrochemicals,Commodity Chemicals
NSE:DEEPAKNTR-EQ,Deepak Nitrite Limited,Chemicals,Chemicals & Petrochemicals,Specialty Chemicals
NSE:DEEPINDS-EQ,Deep Industries Limited,Oil Gas & Consumable Fuels,Oil,Oil Equipment & Services
NSE:DELHIVERY-EQ,Delhivery Limited,Services,Transport Services,Logistics Solution Provider
NSE:DELPHIFX-EQ,DELPHI WORLD MONEY LIMITED,Financial Services,Finance,Other Financial Services
NSE:DELTACORP-EQ,Delta Corp Limited,Consumer Services,Leisure Services,Amusement Parks/ Other Recreation
NSE:DELTAMAGNT-EQ,Delta Manufacturing Limited,Capital Goods,Industrial Products,Other Industrial Products
NSE:DEN-EQ,Den Networks Limited,Media Entertainment & Publication,Entertainment,TV Broadcasting & Software Production
NSE:DENORA-EQ,De Nora India Limited,Capital Goods,Industrial Products,Electrodes & Refractories
NSE:DENTA-EQ,Denta Water and Infra Solutions Limited,Utilities,Other Utilities,Water Supply & Management
NSE:DEVIT-EQ,Dev Information Technology Limited,Information Technology,IT - Services,IT Enabled Services
NSE:DEVX-EQ,Dev Accelerator Limited,Services,Commercial Services & Supplies,Diversified Commercial Services
NSE:DEVYANI-EQ,Devyani International Limited,Consumer Services,Leisure Services,Restaurants
NSE:DGCONTENT-EQ,Digicontent Limited,Media Entertainment & Publication,Media,Advertising & Media Agencies
NSE:DHAMPURSUG-EQ,Dhampur Sugar Mills Limited,Fast Moving Consumer Goods,Agricultural Food & other Products,Sugar
NSE:DHANBANK-EQ,Dhanlaxmi Bank Limited,Financial Services,Banks,Private Sector Bank
NSE:DHANUKA-EQ,Dhanuka Agritech Limited,Chemicals,Fertilizers & Agrochemicals,Pesticides & Agrochemicals
NSE:DHARAN-BZ,DHARAN INFRA-EPC LIMITED,Realty,Realty,Residential Commercial Projects
NSE:DHARMAJ-EQ,Dharmaj Crop Guard Limited,Chemicals,Fertilizers & Agrochemicals,Pesticides & Agrochemicals
NSE:DHRUV-BE,Dhruv Consultancy Services Limited,Services,Commercial Services & Supplies,Consulting Services
NSE:DHUNINV-EQ,Dhunseri Investments Limited,Financial Services,Finance,Non Banking Financial Company (NBFC)
NSE:DIACABS-EQ,Diamond Power Infrastructure Limited,Capital Goods,Electrical Equipment,Other Electrical Equipment
NSE:DIAMINESQ-EQ,Diamines & Chemicals Limited,Chemicals,Chemicals & Petrochemicals,Specialty Chemicals
NSE:DIAMONDYD-EQ,Prataap Snacks Limited,Fast Moving Consumer Goods,Food Products,Packaged Foods
NSE:DICIND-EQ,DIC India Limited,Chemicals,Chemicals & Petrochemicals,Printing Inks
NSE:DIFFNKG-EQ,Diffusion Engineers Limited,Capital Goods,Industrial Products,Other Industrial Products
NSE:DIGIDRIVE-EQ,Digidrive Distributors Limited,Consumer Services,Retailing,E-Retail/ E-Commerce
NSE:DIGISPICE-BE,DiGiSPICE Technologies Limited,Information Technology,IT - Services,IT Enabled Services
NSE:DIGITIDE-EQ,Digitide Solutions Limited,Information Technology,IT - Services,IT Enabled Services
NSE:DIGJAMLMTD-EQ,Digjam Limited,Textiles,Textiles & Apparels,Other Textile Products
NSE:DIL-BZ,Debock Industries Limited,Fast Moving Consumer Goods,Agricultural Food & other Products,Other Agricultural Products
NSE:DISAQ-EQ,Disa India Limited,Capital Goods,Industrial Manufacturing,Industrial Products
NSE:DISHTV-BE,Dish TV India Limited,Media Entertainment & Publication,Entertainment,TV Broadcasting & Software Production
NSE:DIVGIITTS-EQ,Divgi Torqtransfer Systems Limited,Automobile and Auto Components,Auto Components,Auto Components & Equipments
NSE:DIVISLAB-EQ,Divi's Laboratories Limited,Healthcare,Pharmaceuticals & Biotechnology,Pharmaceuticals
NSE:DIXON-EQ,Dixon Technologies (India) Limited,Consumer Durables,Consumer Durables,Consumer Electronics
NSE:DJML-EQ,DJ Mediaprint & Logistics Limited,Services,Transport Services,Logistics Solution Provider
NSE:DLF-EQ,DLF Limited,Realty,Realty,Residential Commercial Projects
NSE:DLINKINDIA-EQ,D-Link (India) Limited,Information Technology,IT - Hardware,Computers Hardware & Equipments
NSE:DMART-EQ,Avenue Supermarts Limited,Consumer Services,Retailing,Diversified Retail
NSE:DMCC-EQ,DMCC SPECIALITY CHEMICALS LIMITED,Chemicals,Chemicals & Petrochemicals,Specialty Chemicals
NSE:DNAMEDIA-EQ,Diligent Media Corporation Limited,Media Entertainment & Publication,Media,Electronic Media
NSE:DODLA-EQ,Dodla Dairy Limited,Fast Moving Consumer Goods,Food Products,Dairy Products
NSE:DOLATALGO-EQ,Dolat Algotech Limited,Financial Services,Capital Markets,Stockbroking & Allied
NSE:DOLLAR-EQ,Dollar Industries Limited,Textiles,Textiles & Apparels,Garments & Apparels
NSE:DOLPHIN-EQ,Dolphin Offshore Enterprises (India) Limited,Oil Gas & Consumable Fuels,Oil,Offshore Support Solution Drilling
NSE:DOMS-EQ,DOMS Industries Limited,Fast Moving Consumer Goods,Household Products,Stationary
NSE:DONEAR-EQ,Donear Industries Limited,Textiles,Textiles & Apparels,Other Textile Products
NSE:DPABHUSHAN-EQ,D. P. Abhushan Limited,Consumer Durables,Consumer Durables,Gems Jewellery And Watches
NSE:DPSCLTD-BE,DPSC Limited,Power,Power,Integrated Power Utilities
NSE:DPWIRES-EQ,D P Wires Limited,Capital Goods,Industrial Products,Iron & Steel Products
NSE:DRAGARWQ-EQ,Dr Agarwals Eye Hospital Limited,Healthcare,Healthcare Services,Hospital
NSE:DRCSYSTEMS-EQ,DRC Systems India Limited,Information Technology,IT - Services,IT Enabled Services
NSE:DREAMFOLKS-EQ,Dreamfolks Services Limited,Services,Transport Infrastructure,Airport & Airport services
NSE:DREDGECORP-EQ,Dredging Corporation of India Limited,Services,Engineering Services,Dredging
NSE:DRREDDY-EQ,Dr. Reddy's Laboratories Limited,Healthcare,Pharmaceuticals & Biotechnology,Pharmaceuticals
NSE:DSFCL-EQ,DCM Shriram Fine Chemicals Limited,Chemicals,Chemicals & Petrochemicals,Specialty Chemicals
NSE:DSSL-EQ,Dynacons Systems & Solutions Limited,Information Technology,IT - Services,IT Enabled Services
NSE:DTIL-EQ,Dhunseri Tea & Industries Limited,Fast Moving Consumer Goods,Agricultural Food & other Products,Tea & Coffee
NSE:DUCON-BE,Ducon Infratechnologies Limited,Capital Goods,Industrial Manufacturing,Industrial Products
NSE:DVL-EQ,Dhunseri Ventures Limited,Capital Goods,Industrial Products,Packaging
NSE:DWARKESH-EQ,Dwarikesh Sugar Industries Limited,Fast Moving Consumer Goods,Agricultural Food & other Products,Sugar
NSE:DYCL-EQ,Dynamic Cables Limited,Capital Goods,Industrial Products,Cables - Electricals
NSE:DYNAMATECH-EQ,Dynamatic Technologies Limited,Capital Goods,Industrial Manufacturing,Industrial Products
NSE:DYNPRO-EQ,Dynemic Products Limited,Chemicals,Chemicals & Petrochemicals,Specialty Chemicals
NSE:E2E-EQ,E2E Networks Limited,Information Technology,IT - Services,IT Enabled Services
NSE:EASEMYTRIP-EQ,Easy Trip Planners Limited,Consumer Services,Leisure Services,Tour Travel Related Services
NSE:EASTSILK-BE,Eastern Silk Industries Limited,Textiles,Textiles & Apparels,Other Textile Products
NSE:EBGNG-EQ,GNG Electronics Limited,Information Technology,IT - Hardware,Computers Hardware & Equipments
NSE:ECLERX-EQ,eClerx Services Limited,Services,Commercial Services & Supplies,Business Process Outsourcing (BPO)/ Knowledge Process Outsourcing (KPO)
NSE:ECOSMOBLTY-BE,Ecos (India) Mobility & Hospitality Limited,Services,Transport Services,Road Transport
NSE:EDELWEISS-EQ,Edelweiss Financial Services Limited,Financial Services,Finance,Holding Company
NSE:EDUCOMP-BZ,Educomp Solutions Limited,Consumer Services,Other Consumer Services,Education
NSE:EFCIL-EQ,EFC (I) Limited,Services,Commercial Services & Supplies,Diversified Commercial Services
NSE:EICHERMOT-EQ,Eicher Motors Limited,Automobile and Auto Components,Automobiles,2/3 Wheelers
NSE:EIDPARRY-EQ,EID Parry India Limited,Fast Moving Consumer Goods,Food Products,Other Food Products
NSE:EIEL-EQ,Enviro Infra Engineers Limited,Utilities,Other Utilities,Water Supply & Management
NSE:EIFFL-EQ,Euro India Fresh Foods Limited,Fast Moving Consumer Goods,Food Products,Packaged Foods
NSE:EIHAHOTELS-EQ,EIH Associated Hotels Limited,Consumer Services,Leisure Services,Hotels & Resorts
NSE:EIHOTEL-EQ,EIH Limited,Consumer Services,Leisure Services,Hotels & Resorts
NSE:EIMCOELECO-EQ,Eimco Elecon (India) Limited,Capital Goods,Industrial Manufacturing,Industrial Products
NSE:EKC-EQ,Everest Kanto Cylinder Limited,Capital Goods,Industrial Manufacturing,Industrial Products
NSE:ELANTAS-EQ,Elantas Beck India Limited,Chemicals,Chemicals & Petrochemicals,Specialty Chemicals
NSE:ELCIDIN-EQ,EL CID Investments Limited,Financial Services,Finance,Investment Company
NSE:ELDEHSG-EQ,Eldeco Housing And Industries Limited,Realty,Realty,Residential Commercial Projects
NSE:ELECON-EQ,Elecon Engineering Company Limited,Capital Goods,Electrical Equipment,Heavy Electrical Equipment
NSE:ELECTCAST-EQ,Electrosteel Castings Limited,Capital Goods,Industrial Products,Iron & Steel Products
NSE:ELECTHERM-EQ,Electrotherm (India) Limited,Capital Goods,Industrial Products,Iron & Steel Products
NSE:ELGIEQUIP-EQ,Elgi Equipments Limited,Capital Goods,Industrial Products,Compressors Pumps & Diesel Engines
NSE:ELGIRUBCO-EQ,Elgi Rubber Company Limited,Capital Goods,Industrial Products,Rubber
NSE:ELIN-EQ,Elin Electronics Limited,Consumer Durables,Consumer Durables,Household Appliances
NSE:ELITECON-EQ,Elitecon International Limited,Fast Moving Consumer Goods,Cigarettes & Tobacco Products,Cigarettes & Tobacco Products
NSE:ELLEN-EQ,Ellenbarrie Industrial Gases Limited,Chemicals,Chemicals & Petrochemicals,Industrial Gases
NSE:ELPROINTL-EQ,Elpro International Limited,Realty,Realty,Residential Commercial Projects
NSE:EMAMILTD-EQ,Emami Limited,Fast Moving Consumer Goods,Personal Products,Personal Care
NSE:EMAMIPAP-EQ,Emami Paper Mills Limited,Forest Materials,Paper Forest & Jute Products,Paper & Paper Products
NSE:EMAMIREAL-BE,Emami Realty Limited,Realty,Realty,Residential Commercial Projects
NSE:EMBDL-EQ,Embassy Developments Limited,Realty,Realty,Residential Commercial Projects
NSE:EMCURE-EQ,Emcure Pharmaceuticals Limited,Healthcare,Pharmaceuticals & Biotechnology,Pharmaceuticals
NSE:EMIL-EQ,Electronics Mart India Limited,Consumer Services,Retailing,Diversified Retail
NSE:EMKAY-EQ,Emkay Global Financial Services Limited,Financial Services,Capital Markets,Stockbroking & Allied
NSE:EMMBI-EQ,Emmbi Industries Limited,Capital Goods,Industrial Products,Packaging
NSE:EMMVEE-EQ,Emmvee Photovoltaic Power Limited,Capital Goods,Electrical Equipment,Other Electrical Equipment
NSE:EMPOWER-BE,Empower India Limited,Information Technology,IT - Software,Computers - Software & Consulting
NSE:EMSLIMITED-EQ,EMS Limited,Utilities,Other Utilities,Waste Management
NSE:EMUDHRA-EQ,eMudhra Limited,Information Technology,IT - Services,IT Enabled Services
NSE:ENDURANCE-EQ,Endurance Technologies Limited,Automobile and Auto Components,Auto Components,Auto Components & Equipments
NSE:ENERGYDEV-EQ,Energy Development Company Limited,Power,Power,Power Generation
NSE:ENGINERSIN-EQ,Engineers India Limited,Construction,Construction,Civil Construction
NSE:ENIL-EQ,Entertainment Network (India) Limited,Media Entertainment & Publication,Entertainment,Media & Entertainment
NSE:ENRIN-EQ,Siemens Energy India Limited,Capital Goods,Electrical Equipment,Heavy Electrical Equipment
NSE:ENTERO-EQ,Entero Healthcare Solutions Limited,Consumer Services,Retailing,Pharmacy Retail
NSE:EPACK-EQ,EPACK Durable Limited,Consumer Durables,Consumer Durables,Household Appliances
NSE:EPACKPEB-EQ,EPack Prefab Technologies Limited,Capital Goods,Industrial Manufacturing,Industrial Products
NSE:EPIGRAL-EQ,Epigral Limited,Chemicals,Chemicals & Petrochemicals,Specialty Chemicals
NSE:EPL-EQ,EPL Limited,Capital Goods,Industrial Products,Packaging
NSE:EQUIPPP-BE,Equippp Social Impact Technologies Limited,Information Technology,IT - Software,Computers - Software & Consulting
NSE:EQUITASBNK-EQ,Equitas Small Finance Bank Limited,Financial Services,Banks,Other Bank
NSE:ERIS-EQ,Eris Lifesciences Limited,Healthcare,Pharmaceuticals & Biotechnology,Pharmaceuticals
NSE:ESABINDIA-EQ,Esab India Limited,Capital Goods,Industrial Products,Other Industrial Products
NSE:ESAFSFB-EQ,ESAF Small Finance Bank Limited,Financial Services,Banks,Other Bank
NSE:ESCORTS-EQ,Escorts Kubota Limited,Capital Goods,Agricultural Commercial & Construction Vehicles,Tractors
NSE:ESSARSHPNG-EQ,Essar Shipping Limited,Services,Transport Services,Shipping
NSE:ESSENTIA-BE,Integra Essentia Limited,Services,Commercial Services & Supplies,Trading & Distributors
NSE:ESTER-EQ,Ester Industries Limited,Capital Goods,Industrial Products,Packaging
NSE:ETERNAL-EQ,ETERNAL LIMITED,Consumer Services,Retailing,E-Retail/ E-Commerce
NSE:ETHOSLTD-EQ,Ethos Limited,Consumer Durables,Consumer Durables,Gems Jewellery And Watches
NSE:EUREKAFORB-EQ,Eureka Forbes Limited,Consumer Durables,Consumer Durables,Household Appliances
NSE:EUROBOND-EQ,Euro Panel Products Limited,Capital Goods,Industrial Products,Aluminium Copper & Zinc Products
NSE:EUROPRATIK-EQ,Euro Pratik Sales Limited,Consumer Durables,Consumer Durables,Furniture Home Furnishing
NSE:EUROTEXIND-EQ,Eurotex Industries and Exports Limited,Realty,Realty,Residential Commercial Projects
NSE:EVEREADY-EQ,Eveready Industries India Limited,Fast Moving Consumer Goods,Household Products,Household Products
NSE:EVERESTIND-EQ,Everest Industries Limited,Construction Materials,Other Construction Materials,Other Construction Materials
NSE:EXCELINDUS-EQ,Excel Industries Limited,Chemicals,Chemicals & Petrochemicals,Specialty Chemicals
NSE:EXCELSOFT-EQ,Excelsoft Technologies Limited,Information Technology,IT - Services,IT Enabled Services
NSE:EXICOM-EQ,Exicom Tele-Systems Limited,Capital Goods,Electrical Equipment,Heavy Electrical Equipment
NSE:EXIDEIND-EQ,Exide Industries Limited,Automobile and Auto Components,Auto Components,Auto Components & Equipments
NSE:EXPLEOSOL-EQ,Expleo Solutions Limited,Information Technology,IT - Services,IT Enabled Services
NSE:EXXARO-EQ,Exxaro Tiles Limited,Consumer Durables,Consumer Durables,Ceramics
NSE:FABTECH-EQ,Fabtech Technologies Limited,Healthcare,Healthcare Equipment & Supplies,Medical Equipment & Supplies
NSE:FACT-EQ,Fertilizers and Chemicals Travancore Limited,Chemicals,Fertilizers & Agrochemicals,Fertilizers
NSE:FAIRCHEMOR-EQ,Fairchem Organics Limited,Chemicals,Chemicals & Petrochemicals,Specialty Chemicals
NSE:FAZE3Q-EQ,Faze Three Limited,Textiles,Textiles & Apparels,Other Textile Products
NSE:FCL-EQ,Fineotex Chemical Limited,Chemicals,Chemicals & Petrochemicals,Specialty Chemicals
NSE:FCONSUMER-BZ,Future Consumer Limited,Consumer Services,Retailing,Diversified Retail
NSE:FCSSOFT-BE,FCS Software Solutions Limited,Information Technology,IT - Services,IT Enabled Services
NSE:FDC-EQ,FDC Limited,Healthcare,Pharmaceuticals & Biotechnology,Pharmaceuticals
NSE:FEDDERSHOL-EQ,Fedders Holding Limited,Financial Services,Finance,Non Banking Financial Company (NBFC)
NSE:FEDERALBNK-EQ,The Federal Bank  Limited,Financial Services,Banks,Private Sector Bank
NSE:FEDFINA-EQ,Fedbank Financial Services Limited,Financial Services,Finance,Non Banking Financial Company (NBFC)
NSE:FEL-BZ,Future Enterprises Limited,Consumer Services,Retailing,Diversified Retail
NSE:FELDVR-BZ,Future Enterprises Limited,Consumer Services,Retailing,Diversified Retail
NSE:FERMENTA-EQ,Fermenta Biotech Limited,Healthcare,Pharmaceuticals & Biotechnology,Pharmaceuticals
NSE:FIBERWEB-EQ,Fiberweb (India) Limited,Textiles,Textiles & Apparels,Other Textile Products
NSE:FIEMIND-EQ,Fiem Industries Limited,Automobile and Auto Components,Auto Components,Auto Components & Equipments
NSE:FILATEX-EQ,Filatex India Limited,Textiles,Textiles & Apparels,Other Textile Products
NSE:FILATFASH-BE,Filatex Fashions Limited,Textiles,Textiles & Apparels,Garments & Apparels
NSE:FINCABLES-EQ,Finolex Cables Limited,Capital Goods,Industrial Products,Cables - Electricals
NSE:FINEORG-EQ,Fine Organic Industries Limited,Chemicals,Chemicals & Petrochemicals,Specialty Chemicals
NSE:FINKURVE-EQ,Finkurve Financial Services Limited,Financial Services,Finance,Non Banking Financial Company (NBFC)
NSE:FINOPB-EQ,Fino Payments Bank Limited,Financial Services,Banks,Other Bank
NSE:FINPIPE-EQ,Finolex Industries Limited,Capital Goods,Industrial Products,Plastic Products - Industrial
NSE:FIRSTCRY-EQ,Brainbees Solutions Limited,Consumer Services,Retailing,E-Retail/ E-Commerce
NSE:FISCHER-EQ,Fischer Medical Ventures Limited,Healthcare,Healthcare Equipment & Supplies,Medical Equipment & Supplies
NSE:FIVESTAR-EQ,Five-Star Business Finance Limited,Financial Services,Finance,Non Banking Financial Company (NBFC)
NSE:FLAIR-EQ,Flair Writing Industries Limited,Fast Moving Consumer Goods,Household Products,Stationary
NSE:FLEXITUFF-EQ,Flexituff Ventures International Limited,Textiles,Textiles & Apparels,Other Textile Products
NSE:FLFL-BZ,Future Lifestyle Fashions Limited,Consumer Services,Retailing,Diversified Retail
NSE:FLUOROCHEM-EQ,Gujarat Fluorochemicals Limited,Chemicals,Chemicals & Petrochemicals,Specialty Chemicals
NSE:FMGOETZE-EQ,Federal-Mogul Goetze (India) Limited.,Automobile and Auto Components,Auto Components,Auto Components & Equipments
NSE:FMNL-BE,Future Market Networks Limited,Services,Commercial Services & Supplies,Diversified Commercial Services
NSE:FOCUS-EQ,Focus Lighting and Fixtures Limited,Consumer Durables,Consumer Durables,Consumer Electronics
NSE:FOODSIN-EQ,Foods & Inns Limited,Fast Moving Consumer Goods,Food Products,Packaged Foods
NSE:FORCEMOT-EQ,FORCE MOTORS LTD,Automobile and Auto Components,Automobiles,Passenger Cars & Utility Vehicles
NSE:FORTIS-EQ,Fortis Healthcare Limited,Healthcare,Healthcare Services,Hospital
NSE:FOSECOIND-EQ,Foseco India Limited,Chemicals,Chemicals & Petrochemicals,Specialty Chemicals
NSE:FRACTAL-EQ,Fractal Analytics Limited,Information Technology,IT - Software,Computers - Software & Consulting
NSE:FRONTSP-EQ,Frontier Springs Limited,Automobile and Auto Components,Auto Components,Auto Components & Equipments
NSE:FSL-EQ,Firstsource Solutions Limited,Services,Commercial Services & Supplies,Business Process Outsourcing (BPO)/ Knowledge Process Outsourcing (KPO)
NSE:FUSION-EQ,Fusion Finance Limited,Financial Services,Finance,Microfinance Institutions
NSE:GABRIEL-EQ,Gabriel India Limited,Automobile and Auto Components,Auto Components,Auto Components & Equipments
NSE:GAEL-EQ,Gujarat Ambuja Exports Limited,Fast Moving Consumer Goods,Agricultural Food & other Products,Other Agricultural Products
NSE:GAIL-EQ,GAIL (India) Limited,Oil Gas & Consumable Fuels,Gas,Gas Transmission/Marketing
NSE:GALAPREC-EQ,Gala Precision Engineering Limited,Capital Goods,Industrial Manufacturing,Industrial Products
NSE:GALAXYSURF-EQ,Galaxy Surfactants Limited,Chemicals,Chemicals & Petrochemicals,Specialty Chemicals
NSE:GALLANTT-EQ,Gallantt Ispat Limited,Capital Goods,Industrial Products,Iron & Steel Products
NSE:GANDHAR-EQ,Gandhar Oil Refinery (India) Limited,Oil Gas & Consumable Fuels,Petroleum Products,Lubricants
NSE:GANDHITUBE-EQ,Gandhi Special Tubes Limited,Capital Goods,Industrial Products,Iron & Steel Products
NSE:GANECOS-EQ,Ganesha Ecosphere Limited,Textiles,Textiles & Apparels,Other Textile Products
NSE:GANESHBE-EQ,Ganesh Benzoplast Limited,Oil Gas & Consumable Fuels,Oil,Oil Storage & Transportation
NSE:GANESHCP-EQ,Ganesh Consumer Products Limited,Fast Moving Consumer Goods,Food Products,Packaged Foods
NSE:GANESHHOU-EQ,GANESH HOUSING LIMITED,Realty,Realty,Residential Commercial Projects
NSE:GANGAFORGE-EQ,Ganga Forging Limited,Capital Goods,Industrial Products,Castings & Forgings
NSE:GANGESSECU-EQ,Ganges Securities Limited,Fast Moving Consumer Goods,Agricultural Food & other Products,Tea & Coffee
NSE:GARFIBRES-EQ,Garware Technical Fibres Limited,Textiles,Textiles & Apparels,Other Textile Products
NSE:GARUDA-EQ,Garuda Construction and Engineering Limited,Realty,Realty,Residential Commercial Projects
NSE:GATECH-EQ,GACM Technologies Limited,Financial Services,Finance,Other Financial Services
NSE:GATECHDVR-EQ,GACM Technologies Limited,Financial Services,Finance,Other Financial Services
NSE:GATEWAY-EQ,Gateway Distriparks Limited,Services,Transport Services,Logistics Solution Provider
NSE:GAUDIUMIVF-BE,Gaudium IVF and Women Health Limited,Healthcare,Healthcare Services,Healthcare Service Provider
NSE:GAYAHWS-EQ,Gayatri Highways Limited,Services,Transport Infrastructure,Road Assets - Toll Annuity Hybrid-Annuity
NSE:GAYAPROJ-BE,Gayatri Projects Limited,Construction,Construction,Civil Construction
NSE:GCSL-EQ,Gretex Corporate Services Limited,Financial Services,Capital Markets,Other Capital Market related Services
NSE:GEECEE-EQ,GeeCee Ventures Limited,Realty,Realty,Residential Commercial Projects
NSE:GEEKAYWIRE-EQ,Geekay Wires Limited,Capital Goods,Industrial Products,Iron & Steel Products
NSE:GEMAROMA-BE,Gem Aromatics Limited,Chemicals,Chemicals & Petrochemicals,Specialty Chemicals
NSE:GENCON-EQ,Generic Engineering Construction and Projects Limited,Realty,Realty,Residential Commercial Projects
NSE:GENESYS-EQ,Genesys International Corporation Limited,Information Technology,IT - Services,IT Enabled Services
NSE:GENSOL-BZ,Gensol Engineering Limited,Construction,Construction,Civil Construction
NSE:GENUSPAPER-EQ,Genus Paper & Boards Limited,Forest Materials,Paper Forest & Jute Products,Paper & Paper Products
NSE:GENUSPOWER-EQ,Genus Power Infrastructures Limited,Capital Goods,Electrical Equipment,Other Electrical Equipment
NSE:GEOJITFSL-EQ,Geojit Financial Services Limited,Financial Services,Capital Markets,Stockbroking & Allied
NSE:GESHIP-EQ,The Great Eastern Shipping Company Limited,Services,Transport Services,Shipping
NSE:GFLLIMITED-EQ,GFL Limited,Financial Services,Finance,Holding Company
NSE:GFSTEELS-BE,Grand Foundry Limited,Capital Goods,Industrial Products,Iron & Steel Products
NSE:GHCL-EQ,GHCL Limited,Chemicals,Chemicals & Petrochemicals,Commodity Chemicals
NSE:GHCLTEXTIL-EQ,GHCL Textiles Limited,Textiles,Textiles & Apparels,Other Textile Products
NSE:GICHSGFIN-EQ,GIC Housing Finance Limited,Financial Services,Finance,Housing Finance Company
NSE:GICL-EQ,Globe International Carriers Limited,Services,Transport Services,Logistics Solution Provider
NSE:GICRE-EQ,General Insurance Corporation of India,Financial Services,Insurance,General Insurance
NSE:GILLANDERS-EQ,Gillanders Arbuthnot & Company Limited,Diversified,Diversified,Diversified
NSE:GILLETTE-EQ,Gillette India Limited,Fast Moving Consumer Goods,Personal Products,Personal Care
NSE:GINNIFILA-EQ,Ginni Filaments Limited,Textiles,Textiles & Apparels,Other Textile Products
NSE:GIPCL-EQ,Gujarat Industries Power Company Limited,Power,Power,Power Generation
NSE:GKENERGY-EQ,GK Energy Limited,Construction,Construction,Civil Construction
NSE:GKSL-EQ,Gujarat Kidney And Super Speciality Limited,Healthcare,Healthcare Services,Hospital
NSE:GKWLIMITED-EQ,GKW Limited,Financial Services,Finance,Investment Company
NSE:GLAND-EQ,Gland Pharma Limited,Healthcare,Pharmaceuticals & Biotechnology,Pharmaceuticals
NSE:GLAXO-EQ,GlaxoSmithKline Pharmaceuticals Limited,Healthcare,Pharmaceuticals & Biotechnology,Pharmaceuticals
NSE:GLENMARK-EQ,Glenmark Pharmaceuticals Limited,Healthcare,Pharmaceuticals & Biotechnology,Pharmaceuticals
NSE:GLFL-BE,Gujarat Lease Financing Limited,Financial Services,Finance,Other Financial Services
NSE:GLOBAL-EQ,Global Education Limited,Consumer Services,Other Consumer Services,Education
NSE:GLOBALE-BE,Globale Tessile Limited,Textiles,Textiles & Apparels,Trading - Textile Products
NSE:GLOBALVECT-EQ,Global Vectra Helicorp Limited,Services,Transport Services,Airline
NSE:GLOBE-EQ,GLOBE ENTERPRISES (INDIA) LIMITED,Textiles,Textiles & Apparels,Other Textile Products
NSE:GLOBECIVIL-BE,Globe Civil Projects Limited,Construction,Construction,Civil Construction
NSE:GLOBUSSPR-EQ,Globus Spirits Limited,Fast Moving Consumer Goods,Beverages,Breweries & Distilleries
NSE:GLOSTERLTD-EQ,Gloster Limited,Forest Materials,Paper Forest & Jute Products,Jute & Jute Products
NSE:GLOTTIS-BE,Glottis Limited,Services,Transport Services,Logistics Solution Provider
NSE:GMBREW-EQ,GM Breweries Limited,Fast Moving Consumer Goods,Beverages,Breweries & Distilleries
NSE:GMDCLTD-EQ,Gujarat Mineral Development Corporation Limited,Metals & Mining,Minerals & Mining,Industrial Minerals
NSE:GMMPFAUDLR-EQ,GMM Pfaudler Limited,Capital Goods,Industrial Manufacturing,Industrial Products
NSE:GMRAIRPORT-EQ,GMR AIRPORTS LIMITED,Services,Transport Infrastructure,Airport & Airport services
NSE:GMRP&UI-EQ,GMR Power and Urban Infra Limited,Power,Power,Power Generation
NSE:GNA-EQ,GNA Axles Limited,Automobile and Auto Components,Auto Components,Auto Components & Equipments
NSE:GNFC-EQ,Gujarat Narmada Valley Fertilizers and Chemicals Limited,Chemicals,Chemicals & Petrochemicals,Commodity Chemicals
NSE:GNRL-EQ,Gujarat Natural Resources Limited,Oil Gas & Consumable Fuels,Oil,Oil Exploration & Production
NSE:GOACARBON-EQ,Goa Carbon Limited,Metals & Mining,Minerals & Mining,Industrial Minerals
NSE:GOCLCORP-EQ,GOCL Corporation Limited,Chemicals,Chemicals & Petrochemicals,Explosives
NSE:GOCOLORS-EQ,Go Fashion (India) Limited,Consumer Services,Retailing,Speciality Retail
NSE:GODAVARIB-EQ,Godavari Biorefineries Limited,Fast Moving Consumer Goods,Diversified FMCG,Diversified FMCG
NSE:GODFRYPHLP-EQ,Godfrey Phillips India Limited,Fast Moving Consumer Goods,Cigarettes & Tobacco Products,Cigarettes & Tobacco Products
NSE:GODIGIT-EQ,Go Digit General Insurance Limited,Financial Services,Insurance,General Insurance
NSE:GODREJAGRO-EQ,Godrej Agrovet Limited,Fast Moving Consumer Goods,Food Products,Animal Feed
NSE:GODREJCP-EQ,Godrej Consumer Products Limited,Fast Moving Consumer Goods,Personal Products,Personal Care
NSE:GODREJIND-EQ,Godrej Industries Limited,Diversified,Diversified,Diversified
NSE:GODREJPROP-EQ,Godrej Properties Limited,Realty,Realty,Residential Commercial Projects
NSE:GOKEX-EQ,Gokaldas Exports Limited,Textiles,Textiles & Apparels,Garments & Apparels
NSE:GOKUL-EQ,Gokul Refoils and Solvent Limited,Fast Moving Consumer Goods,Agricultural Food & other Products,Edible Oil
NSE:GOKULAGRO-EQ,Gokul Agro Resources Limited,Fast Moving Consumer Goods,Agricultural Food & other Products,Edible Oil
NSE:GOLDENTOBC-BZ,Golden Tobacco Limited,Realty,Realty,Residential Commercial Projects
NSE:GOLDIAM-EQ,Goldiam International Limited,Consumer Durables,Consumer Durables,Gems Jewellery And Watches
NSE:GOLDTECH-EQ,AION-TECH SOLUTIONS LIMITED,Information Technology,IT - Software,Software Products
NSE:GOODLUCK-EQ,Goodluck India Limited,Capital Goods,Industrial Products,Iron & Steel Products
NSE:GOODYEAR-EQ,Goodyear India Limited,Automobile and Auto Components,Auto Components,Tyres & Rubber Products
NSE:GOPAL-EQ,Gopal Snacks Limited,Fast Moving Consumer Goods,Food Products,Packaged Foods
NSE:GOYALALUM-EQ,Goyal Aluminiums Limited,Services,Commercial Services & Supplies,Trading & Distributors
NSE:GPIL-EQ,Godawari Power And Ispat limited,Capital Goods,Industrial Products,Iron & Steel Products
NSE:GPPL-EQ,Gujarat Pipavav Port Limited,Services,Transport Infrastructure,Port & Port services
NSE:GPTHEALTH-EQ,GPT Healthcare Limited,Healthcare,Healthcare Services,Hospital
NSE:GPTINFRA-EQ,GPT Infraprojects Limited,Construction,Construction,Civil Construction
NSE:GRADIENTE-EQ,Gradiente Infotainment Limited,Media Entertainment & Publication,Entertainment,Media & Entertainment
NSE:GRANDOAK-EQ,Grand Oak Canyons Distillery Limited,Financial Services,Finance,Non Banking Financial Company (NBFC)
NSE:GRANULES-EQ,Granules India Limited,Healthcare,Pharmaceuticals & Biotechnology,Pharmaceuticals
NSE:GRAPHITE-EQ,Graphite India Limited,Capital Goods,Industrial Products,Electrodes & Refractories
NSE:GRASIM-EQ,Grasim Industries Limited,Construction Materials,Cement & Cement Products,Cement & Cement Products
NSE:GRAUWEIL-EQ,Grauer & Weil India Limited,Chemicals,Chemicals & Petrochemicals,Commodity Chemicals
NSE:GRAVISSHO-EQ,Graviss Hospitality Limited,Consumer Services,Leisure Services,Hotels & Resorts
NSE:GRAVITA-EQ,Gravita India Limited,Metals & Mining,Minerals & Mining,Industrial Minerals
NSE:GREAVESCOT-EQ,Greaves Cotton Limited,Capital Goods,Industrial Products,Compressors Pumps & Diesel Engines
NSE:GREENLAM-EQ,Greenlam Industries Limited,Consumer Durables,Consumer Durables,Plywood Boards/ Laminates
NSE:GREENPANEL-EQ,Greenpanel Industries Limited,Consumer Durables,Consumer Durables,Plywood Boards/ Laminates
NSE:GREENPLY-EQ,Greenply Industries Limited,Consumer Durables,Consumer Durables,Plywood Boards/ Laminates
NSE:GREENPOWER-EQ,Orient Green Power Company Limited,Power,Power,Power Generation
NSE:GRINDWELL-EQ,Grindwell Norton Limited,Capital Goods,Industrial Products,Abrasives & Bearings
NSE:GRINFRA-EQ,G R Infraprojects Limited,Construction,Construction,Civil Construction
NSE:GRMOVER-EQ,GRM Overseas Limited,Fast Moving Consumer Goods,Agricultural Food & other Products,Other Agricultural Products
NSE:GROBTEA-EQ,The Grob Tea Company Limited,Fast Moving Consumer Goods,Agricultural Food & other Products,Tea & Coffee
NSE:GROWW-EQ,Billionbrains Garage Ventures Limited,Financial Services,Capital Markets,Stockbroking & Allied
NSE:GRPLTD-EQ,GRP Limited,Capital Goods,Industrial Products,Rubber
NSE:GRSE-EQ,Garden Reach Shipbuilders & Engineers Limited,Capital Goods,Aerospace & Defense,Aerospace & Defense
NSE:GRWRHITECH-EQ,Garware Hi-Tech Films Limited,Capital Goods,Industrial Products,Plastic Products - Industrial
NSE:GSFC-EQ,Gujarat State Fertilizers & Chemicals Limited,Chemicals,Fertilizers & Agrochemicals,Fertilizers
NSE:GSLSU-EQ,Global Surfaces Limited,Consumer Durables,Consumer Durables,Granites & Marbles
NSE:GSPCROP-EQ,GSP Crop Science Limited,Chemicals,Fertilizers & Agrochemicals,Pesticides & Agrochemicals
NSE:GSS-BE,GSS Infotech Limited,Information Technology,IT - Services,IT Enabled Services
NSE:GTECJAINX-EQ,G-TEC JAINX EDUCATION LIMITED,Consumer Services,Other Consumer Services,E-Learning
NSE:GTL-EQ,GTL Limited,Telecommunication,Telecom - Services,Other Telecom Services
NSE:GTLINFRA-EQ,GTL Infrastructure Limited,Telecommunication,Telecom - Services,Telecom - Infrastructure
NSE:GTPL-EQ,GTPL Hathway Limited,Media Entertainment & Publication,Entertainment,TV Broadcasting & Software Production
NSE:GUFICBIO-EQ,Gufic Biosciences Limited,Healthcare,Pharmaceuticals & Biotechnology,Pharmaceuticals
NSE:GUJALKALI-EQ,Gujarat Alkalies and Chemicals Limited,Chemicals,Chemicals & Petrochemicals,Commodity Chemicals
NSE:GUJAPOLLO-EQ,Gujarat Apollo Industries Limited,Capital Goods,Industrial Manufacturing,Industrial Products
NSE:GUJGASLTD-EQ,Gujarat Gas Limited,Oil Gas & Consumable Fuels,Gas,LPG/CNG/PNG/LNG Supplier
NSE:GUJRAFFIA-EQ,Gujarat Raffia Industries Limited,Capital Goods,Industrial Products,Packaging
NSE:GUJTHEM-EQ,Gujarat Themis Biosyn Limited,Healthcare,Pharmaceuticals & Biotechnology,Pharmaceuticals
NSE:GULFOILLUB-EQ,Gulf Oil Lubricants India Limited,Oil Gas & Consumable Fuels,Petroleum Products,Lubricants
NSE:GULFPETRO-EQ,GP Petroleums Limited,Oil Gas & Consumable Fuels,Petroleum Products,Lubricants
NSE:GULPOLY-EQ,Gulshan Polyols Limited,Fast Moving Consumer Goods,Agricultural Food & other Products,Other Agricultural Products
NSE:GVKPIL-BE,GVK Power & Infrastructure Limited,Construction,Construction,Civil Construction
NSE:GVPIL-EQ,GE Power India Limited,Capital Goods,Electrical Equipment,Heavy Electrical Equipment
NSE:GVPTECH-EQ,GVP Infotech Limited,Information Technology,IT - Services,IT Enabled Services
NSE:GVT&D-EQ,GE Vernova T&D India Limited,Capital Goods,Electrical Equipment,Heavy Electrical Equipment
NSE:HAL-EQ,Hindustan Aeronautics Limited,Capital Goods,Aerospace & Defense,Aerospace & Defense
NSE:HALDER-EQ,Halder Venture Limited,Fast Moving Consumer Goods,Agricultural Food & other Products,Edible Oil
NSE:HALDYNGL-EQ,Haldyn Glass Limited,Capital Goods,Industrial Products,Packaging
NSE:HALEOSLABS-EQ,HALEOS LABS LIMITED,Healthcare,Pharmaceuticals & Biotechnology,Pharmaceuticals
NSE:HAPPSTMNDS-EQ,Happiest Minds Technologies Limited,Information Technology,IT - Software,Computers - Software & Consulting
NSE:HAPPYFORGE-EQ,Happy Forgings Limited,Capital Goods,Industrial Products,Castings & Forgings
NSE:HARDWYN-EQ,Hardwyn India Limited,Consumer Durables,Consumer Durables,Furniture Home Furnishing
NSE:HARIOMPIPE-EQ,Hariom Pipe Industries Limited,Capital Goods,Industrial Products,Iron & Steel Products
NSE:HARRMALAYA-EQ,Harrisons  Malayalam Limited,Capital Goods,Industrial Products,Rubber
NSE:HARSHA-EQ,Harsha Engineers International Limited,Capital Goods,Industrial Products,Other Industrial Products
NSE:HATHWAY-EQ,Hathway Cable & Datacom Limited,Media Entertainment & Publication,Entertainment,TV Broadcasting & Software Production
NSE:HATSUN-EQ,Hatsun Agro Product Limited,Fast Moving Consumer Goods,Food Products,Dairy Products
NSE:HAVELLS-EQ,Havells India Limited,Consumer Durables,Consumer Durables,Consumer Electronics
NSE:HAVISHA-EQ,Sri Havisha Hospitality and Infrastructure Limited,Consumer Services,Leisure Services,Hotels & Resorts
NSE:HAWKINCOOK-EQ,Hawkins Cookers Limited,Consumer Durables,Consumer Durables,Houseware
NSE:HBESD-EQ,HB Estate Developers Limited,Realty,Realty,Residential Commercial Projects
NSE:HBLENGINE-EQ,HBL Engineering Limited,Capital Goods,Industrial Products,Other Industrial Products
NSE:HBSL-BE,HB Stockholdings Limited,Financial Services,Finance,Non Banking Financial Company (NBFC)
NSE:HCC-EQ,Hindustan Construction Company Limited,Construction,Construction,Civil Construction
NSE:HCG-EQ,Healthcare Global Enterprises Limited,Healthcare,Healthcare Services,Hospital
NSE:HCL-INSYS-EQ,HCL Infosystems Limited,Information Technology,IT - Hardware,Computers Hardware & Equipments
NSE:HCLTECH-EQ,HCL Technologies Limited,Information Technology,IT - Software,Computers - Software & Consulting
NSE:HDBFS-EQ,HDB Financial Services Limited,Financial Services,Finance,Non Banking Financial Company (NBFC)
NSE:HDFCAMC-EQ,HDFC Asset Management Company Limited,Financial Services,Capital Markets,Asset Management Company
NSE:HDFCBANK-EQ,HDFC Bank Limited,Financial Services,Banks,Private Sector Bank
NSE:HDFCLIFE-EQ,HDFC Life Insurance Company Limited,Financial Services,Insurance,Life Insurance
NSE:HDIL-BZ,Housing Development and Infrastructure Limited,Realty,Realty,Residential Commercial Projects
NSE:HEADSUP-EQ,Heads UP Ventures Limited,Textiles,Textiles & Apparels,Garments & Apparels
NSE:HEALTHX-EQ,Health X Platform Limited,Healthcare,Healthcare Services,Healthcare Service Provider
NSE:HECPROJECT-EQ,HEC Infra Projects Limited,Construction,Construction,Civil Construction
NSE:HEG-EQ,HEG Limited,Capital Goods,Industrial Products,Electrodes & Refractories
NSE:HEIDELBERG-EQ,HeidelbergCement India Limited,Construction Materials,Cement & Cement Products,Cement & Cement Products
NSE:HEMIPROP-EQ,Hemisphere Properties India Limited,Services,Commercial Services & Supplies,Diversified Commercial Services
NSE:HERANBA-EQ,Heranba Industries Limited,Chemicals,Fertilizers & Agrochemicals,Pesticides & Agrochemicals
NSE:HERITGFOOD-EQ,Heritage Foods Limited,Fast Moving Consumer Goods,Food Products,Dairy Products
NSE:HEROMOTOCO-EQ,Hero MotoCorp Limited,Automobile and Auto Components,Automobiles,2/3 Wheelers
NSE:HESTERBIO-EQ,Hester Biosciences Limited,Healthcare,Pharmaceuticals & Biotechnology,Pharmaceuticals
NSE:HEXATRADEX-EQ,Hexa Tradex Limited,Financial Services,Finance,Investment Company
NSE:HEXT-EQ,Hexaware Technologies Limited,Information Technology,IT - Software,Computers - Software & Consulting
NSE:HFCL-EQ,HFCL Limited,Telecommunication,Telecom - Services,Telecom - Infrastructure
NSE:HGINFRA-EQ,H.G. Infra Engineering Limited,Construction,Construction,Civil Construction
NSE:HGM-EQ,HandsOn Global Management (HGM) Limited,Information Technology,IT - Services,IT Enabled Services
NSE:HGS-EQ,Hinduja Global Solutions Limited,Services,Commercial Services & Supplies,Business Process Outsourcing (BPO)/ Knowledge Process Outsourcing (KPO)
NSE:HIKAL-EQ,Hikal Limited,Healthcare,Pharmaceuticals & Biotechnology,Pharmaceuticals
NSE:HILINFRA-BE,Highway Infrastructure Limited,Services,Transport Infrastructure,Road Assets - Toll Annuity Hybrid-Annuity
NSE:HILTON-BE,Hilton Metal Forging Limited,Capital Goods,Industrial Products,Castings & Forgings
NSE:HIMATSEIDE-EQ,Himatsingka Seide Limited,Textiles,Textiles & Apparels,Other Textile Products
NSE:HINDALCO-EQ,Hindalco Industries Limited,Metals & Mining,Non - Ferrous Metals,Aluminium
NSE:HINDCOMPOS-EQ,Hindustan Composites Limited,Automobile and Auto Components,Auto Components,Auto Components & Equipments
NSE:HINDCON-BE,Hindcon Chemicals Limited,Chemicals,Chemicals & Petrochemicals,Specialty Chemicals
NSE:HINDCOPPER-EQ,Hindustan Copper Limited,Metals & Mining,Non - Ferrous Metals,Copper
NSE:HINDOILEXP-EQ,Hindustan Oil Exploration Company Limited,Oil Gas & Consumable Fuels,Oil,Oil Exploration & Production
NSE:HINDPETRO-EQ,Hindustan Petroleum Corporation Limited,Oil Gas & Consumable Fuels,Petroleum Products,Refineries & Marketing
NSE:HINDUNILVR-EQ,Hindustan Unilever Limited,Fast Moving Consumer Goods,Diversified FMCG,Diversified FMCG
NSE:HINDWAREAP-EQ,Hindware Home Innovation Limited,Consumer Durables,Consumer Durables,Sanitary Ware
NSE:HINDZINC-EQ,Hindustan Zinc Limited,Metals & Mining,Non - Ferrous Metals,Zinc
NSE:HIRECT-EQ,Hind Rectifiers Limited,Capital Goods,Industrial Manufacturing,Industrial Products
NSE:HISARMETAL-EQ,Hisar Metal Industries Limited,Capital Goods,Industrial Products,Iron & Steel Products
NSE:HITECH-EQ,Hi-Tech Pipes Limited,Capital Goods,Industrial Products,Iron & Steel Products
NSE:HITECHCORP-BE,Hitech Corporation Limited,Capital Goods,Industrial Products,Packaging
NSE:HITECHGEAR-BE,The Hi-Tech Gears Limited,Automobile and Auto Components,Auto Components,Auto Components & Equipments
NSE:HLEGLAS-EQ,HLE Glascoat Limited,Capital Goods,Industrial Manufacturing,Industrial Products
NSE:HLVLTD-EQ,HLV LIMITED,Consumer Services,Leisure Services,Hotels & Resorts
NSE:HMAAGRO-EQ,HMA Agro Industries Limited,Fast Moving Consumer Goods,Food Products,Meat Products including Poultry
NSE:HMT-BZ,HMT Limited,Capital Goods,Industrial Manufacturing,Industrial Products
NSE:HMVL-EQ,Hindustan Media Ventures Limited,Media Entertainment & Publication,Media,Print Media
NSE:HNDFDS-EQ,Hindustan Foods Limited,Fast Moving Consumer Goods,Diversified FMCG,Diversified FMCG
NSE:HOMEFIRST-EQ,Home First Finance Company India Limited,Financial Services,Finance,Housing Finance Company
NSE:HONASA-EQ,Honasa Consumer Limited,Fast Moving Consumer Goods,Personal Products,Personal Care
NSE:HONAUT-EQ,Honeywell Automation India Limited,Capital Goods,Industrial Manufacturing,Industrial Products
NSE:HONDAPOWER-EQ,Honda India Power Products Limited,Capital Goods,Industrial Manufacturing,Industrial Products
NSE:HPAL-EQ,HP Adhesives Limited,Chemicals,Chemicals & Petrochemicals,Specialty Chemicals
NSE:HPIL-EQ,Hindprakash Industries Limited,Chemicals,Chemicals & Petrochemicals,Dyes And Pigments
NSE:HPL-EQ,HPL Electric & Power Limited,Capital Goods,Industrial Manufacturing,Industrial Products
NSE:HSCL-EQ,Himadri Speciality Chemical Limited,Chemicals,Chemicals & Petrochemicals,Carbon Black
NSE:HTMEDIA-EQ,HT Media Limited,Media Entertainment & Publication,Media,Print Media
NSE:HUBTOWN-EQ,Hubtown Limited,Realty,Realty,Residential Commercial Projects
NSE:HUDCO-EQ,Housing & Urban Development Corporation Limited,Financial Services,Finance,Financial Institution
NSE:HUHTAMAKI-EQ,Huhtamaki India Limited,Capital Goods,Industrial Products,Packaging
NSE:HYBRIDFIN-EQ,Hybrid Financial Services Limited,Financial Services,Capital Markets,Stockbroking & Allied
NSE:HYUNDAI-EQ,Hyundai Motor India Limited,Automobile and Auto Components,Automobiles,Passenger Cars & Utility Vehicles
NSE:IBULLSLTD-BE,Indiabulls Limited,Services,Commercial Services & Supplies,Diversified Commercial Services
NSE:ICDSLTD-EQ,ICDS Limited,Services,Commercial Services & Supplies,Diversified Commercial Services
NSE:ICEMAKE-EQ,Ice Make Refrigeration Limited,Capital Goods,Industrial Manufacturing,Industrial Products
NSE:ICICIAMC-EQ,ICICI Prudential Asset Management Company Limited,Financial Services,Capital Markets,Asset Management Company
NSE:ICICIBANK-EQ,ICICI Bank Limited,Financial Services,Banks,Private Sector Bank
NSE:ICICIGI-EQ,ICICI Lombard General Insurance Company Limited,Financial Services,Insurance,General Insurance
NSE:ICICIPRULI-EQ,ICICI Prudential Life Insurance Company Limited,Financial Services,Insurance,Life Insurance
NSE:ICIL-EQ,Indo Count Industries Limited,Textiles,Textiles & Apparels,Other Textile Products
NSE:ICRA-EQ,ICRA Limited,Financial Services,Capital Markets,Ratings
NSE:IDBI-EQ,IDBI Bank Limited,Financial Services,Banks,Private Sector Bank
NSE:IDEA-EQ,Vodafone Idea Limited,Telecommunication,Telecom - Services,Telecom - Cellular & Fixed line services
NSE:IDEAFORGE-BE,Ideaforge Technology Limited,Capital Goods,Aerospace & Defense,Aerospace & Defense
NSE:IDFCFIRSTB-EQ,IDFC First Bank Limited,Financial Services,Banks,Private Sector Bank
NSE:IEX-EQ,Indian Energy Exchange Limited,Financial Services,Capital Markets,Exchange and Data Platform
NSE:IFBAGRO-BE,IFB Agro Industries Limited,Fast Moving Consumer Goods,Beverages,Breweries & Distilleries
NSE:IFBIND-EQ,IFB Industries Limited,Consumer Durables,Consumer Durables,Household Appliances
NSE:IFCI-EQ,IFCI Limited,Financial Services,Finance,Financial Institution
NSE:IFGLEXPOR-EQ,IFGL Refractories Limited,Capital Goods,Industrial Products,Electrodes & Refractories
NSE:IGARASHI-EQ,Igarashi Motors India Limited,Automobile and Auto Components,Auto Components,Auto Components & Equipments
NSE:IGCL-EQ,Indogulf Cropsciences Limited,Chemicals,Fertilizers & Agrochemicals,Pesticides & Agrochemicals
NSE:IGIL-EQ,International Gemological Institute Limited,Services,Commercial Services & Supplies,Diversified Commercial Services
NSE:IGL-EQ,Indraprastha Gas Limited,Oil Gas & Consumable Fuels,Gas,LPG/CNG/PNG/LNG Supplier
NSE:IGPL-EQ,IG Petrochemicals Limited,Chemicals,Chemicals & Petrochemicals,Commodity Chemicals
NSE:IIFL-EQ,IIFL Finance Limited,Financial Services,Finance,Non Banking Financial Company (NBFC)
NSE:IIFLCAPS-EQ,IIFL Capital Services Limited,Financial Services,Capital Markets,Stockbroking & Allied
NSE:IITL-EQ,Industrial Investment Trust Limited,Financial Services,Finance,Investment Company
NSE:IKIO-EQ,IKIO Technologies Limited,Consumer Durables,Consumer Durables,Consumer Electronics
NSE:IKS-EQ,Inventurus Knowledge Solutions Limited,Information Technology,IT - Services,IT Enabled Services
NSE:IL&FSENGG-BZ,IL&FS Engineering and Construction Company Limited,Construction,Construction,Civil Construction
NSE:IL&FSTRANS-BZ,IL&FS Transportation Networks Limited,Construction,Construction,Civil Construction
NSE:IMAGICAA-EQ,Imagicaaworld Entertainment Limited,Consumer Services,Leisure Services,Amusement Parks/ Other Recreation
NSE:IMFA-EQ,Indian Metals & Ferro Alloys Limited,Metals & Mining,Ferrous Metals,Ferro & Silica Manganese
NSE:IMPAL-EQ,India Motor Parts and Accessories Limited,Automobile and Auto Components,Auto Components,Trading - Auto Components
NSE:IMPEXFERRO-BZ,Impex Ferro Tech Limited,Metals & Mining,Ferrous Metals,Ferro & Silica Manganese
NSE:INA-EQ,Insolation Energy Limited,Capital Goods,Electrical Equipment,Other Electrical Equipment
NSE:INCREDIBLE-EQ,INCREDIBLE INDUSTRIES LIMITED,Capital Goods,Industrial Products,Iron & Steel Products
NSE:INDBANK-EQ,Indbank Merchant Banking Services Limited,Financial Services,Capital Markets,Stockbroking & Allied
NSE:INDGN-EQ,Indegene Limited,Healthcare,Healthcare Services,Healthcare Research Analytics & Technology
NSE:INDHOTEL-EQ,The Indian Hotels Company Limited,Consumer Services,Leisure Services,Hotels & Resorts
NSE:INDIACEM-EQ,The India Cements Limited,Construction Materials,Cement & Cement Products,Cement & Cement Products
NSE:INDIAGLYCO-EQ,India Glycols Limited,Fast Moving Consumer Goods,Beverages,Breweries & Distilleries
NSE:INDIAMART-EQ,Indiamart Intermesh Limited,Consumer Services,Retailing,Internet & Catalogue Retail
NSE:INDIANB-EQ,Indian Bank,Financial Services,Banks,Public Sector Bank
NSE:INDIANCARD-EQ,Indian Card Clothing Company Limited,Textiles,Textiles & Apparels,Other Textile Products
NSE:INDIANHUME-EQ,Indian Hume Pipe Company Limited,Capital Goods,Industrial Manufacturing,Industrial Products
NSE:INDIASHLTR-EQ,India Shelter Finance Corporation Limited,Financial Services,Finance,Housing Finance Company
NSE:INDIGO-EQ,InterGlobe Aviation Limited,Services,Transport Services,Airline
NSE:INDIGOPNTS-EQ,Indigo Paints Limited,Consumer Durables,Consumer Durables,Paints
NSE:INDIQUBE-EQ,Indiqube Spaces Limited,Services,Commercial Services & Supplies,Diversified Commercial Services
NSE:INDNIPPON-EQ,India Nippon Electricals Limited,Automobile and Auto Components,Auto Components,Auto Components & Equipments
NSE:INDOAMIN-EQ,Indo Amines Limited,Chemicals,Chemicals & Petrochemicals,Specialty Chemicals
NSE:INDOBORAX-EQ,Indo Borax & Chemicals Limited,Chemicals,Chemicals & Petrochemicals,Commodity Chemicals
NSE:INDOCO-EQ,Indoco Remedies Limited,Healthcare,Pharmaceuticals & Biotechnology,Pharmaceuticals
NSE:INDOFARM-EQ,Indo Farm Equipment Limited,Capital Goods,Agricultural Commercial & Construction Vehicles,Construction Vehicles
NSE:INDORAMA-EQ,Indo Rama Synthetics (India) Limited,Textiles,Textiles & Apparels,Other Textile Products
NSE:INDOSTAR-EQ,IndoStar Capital Finance Limited,Financial Services,Finance,Non Banking Financial Company (NBFC)
NSE:INDOTECH-BE,Indo Tech Transformers Limited,Capital Goods,Electrical Equipment,Heavy Electrical Equipment
NSE:INDOTHAI-EQ,Indo Thai Securities Limited,Financial Services,Capital Markets,Stockbroking & Allied
NSE:INDOUS-EQ,Indo Us Biotech Limited,Fast Moving Consumer Goods,Agricultural Food & other Products,Other Agricultural Products
NSE:INDOWIND-BE,Indowind Energy Limited,Power,Power,Power Generation
NSE:INDPRUD-EQ,Industrial & Prudential Investment Company Limited,Financial Services,Finance,Investment Company
NSE:INDRAMEDCO-EQ,Indraprastha Medical Corporation Limited,Healthcare,Healthcare Services,Hospital
NSE:INDSWFTLAB-EQ,Ind-Swift Laboratories Limited,Healthcare,Pharmaceuticals & Biotechnology,Pharmaceuticals
NSE:INDTERRAIN-EQ,Indian Terrain Fashions Limited,Textiles,Textiles & Apparels,Garments & Apparels
NSE:INDUSINDBK-EQ,IndusInd Bank Limited,Financial Services,Banks,Private Sector Bank
NSE:INDUSTOWER-EQ,Indus Towers Limited,Telecommunication,Telecom - Services,Telecom - Infrastructure
NSE:INFOBEAN-EQ,InfoBeans Technologies Limited,Information Technology,IT - Software,Computers - Software & Consulting
NSE:INFOMEDIA-EQ,Infomedia Press Limited,Media Entertainment & Publication,Printing & Publication,Printing & Publication
NSE:INFY-EQ,Infosys Limited,Information Technology,IT - Software,Computers - Software & Consulting
NSE:INGERRAND-EQ,Ingersoll Rand (India) Limited,Capital Goods,Industrial Products,Compressors Pumps & Diesel Engines
NSE:INNOVACAP-EQ,Innova Captab Limited,Healthcare,Pharmaceuticals & Biotechnology,Pharmaceuticals
NSE:INNOVANA-EQ,Innovana Thinklabs Limited,Information Technology,IT - Software,Computers - Software & Consulting
NSE:INNOVISION-EQ,Innovision Limited,Services,Transport Infrastructure,Road Assets - Toll Annuity Hybrid-Annuity
NSE:INOXGREEN-EQ,Inox Green Energy Services Limited,Services,Commercial Services & Supplies,Diversified Commercial Services
NSE:INOXINDIA-EQ,INOX India Limited,Capital Goods,Industrial Products,Other Industrial Products
NSE:INOXWIND-EQ,Inox Wind Limited,Capital Goods,Electrical Equipment,Heavy Electrical Equipment
NSE:INSECTICID-EQ,Insecticides (India) Limited,Chemicals,Fertilizers & Agrochemicals,Pesticides & Agrochemicals
NSE:INSPIRISYS-BE,Inspirisys Solutions Limited,Information Technology,IT - Services,IT Enabled Services
NSE:INTELLECT-EQ,Intellect Design Arena Limited,Information Technology,IT - Software,Computers - Software & Consulting
NSE:INTENTECH-EQ,Intense Technologies Limited,Information Technology,IT - Services,IT Enabled Services
NSE:INTERARCH-EQ,Interarch Building Solutions Limited,Construction,Construction,Civil Construction
NSE:INTLCONV-EQ,International Conveyors Limited,Capital Goods,Industrial Manufacturing,Industrial Products
NSE:INVENTURE-EQ,Inventure Growth & Securities Limited,Financial Services,Capital Markets,Stockbroking & Allied
NSE:INVPRECQ-EQ,Investment & Precision Castings Limited,Capital Goods,Industrial Products,Castings & Forgings
NSE:IOB-EQ,Indian Overseas Bank,Financial Services,Banks,Public Sector Bank
NSE:IOC-EQ,Indian Oil Corporation Limited,Oil Gas & Consumable Fuels,Petroleum Products,Refineries & Marketing
NSE:IOLCP-EQ,IOL Chemicals and Pharmaceuticals Limited,Healthcare,Pharmaceuticals & Biotechnology,Pharmaceuticals
NSE:IONEXCHANG-EQ,ION Exchange (India) Limited,Utilities,Other Utilities,Water Supply & Management
NSE:IPCALAB-EQ,IPCA Laboratories Limited,Healthcare,Pharmaceuticals & Biotechnology,Pharmaceuticals
NSE:IPL-EQ,India Pesticides Limited,Chemicals,Fertilizers & Agrochemicals,Pesticides & Agrochemicals
NSE:IRB-EQ,IRB Infrastructure Developers Limited,Construction,Construction,Civil Construction
NSE:IRCON-EQ,Ircon International Limited,Construction,Construction,Civil Construction
NSE:IRCTC-EQ,Indian Railway Catering And Tourism Corporation Limited,Consumer Services,Leisure Services,Tour Travel Related Services
NSE:IREDA-EQ,Indian Renewable Energy Development Agency Limited,Financial Services,Finance,Financial Institution
NSE:IRFC-EQ,Indian Railway Finance Corporation Limited,Financial Services,Finance,Financial Institution
NSE:IRIS-EQ,IRIS RegTech Solutions Limited,Information Technology,IT - Software,Software Products
NSE:IRISDOREME-EQ,Iris Clothings Limited,Textiles,Textiles & Apparels,Garments & Apparels
NSE:IRMENERGY-EQ,IRM Energy Limited,Oil Gas & Consumable Fuels,Gas,LPG/CNG/PNG/LNG Supplier
NSE:ISFT-EQ,Intrasoft Technologies Limited,Consumer Services,Retailing,E-Retail/ E-Commerce
NSE:ISGEC-EQ,Isgec Heavy Engineering Limited,Construction,Construction,Civil Construction
NSE:ISHANCH-EQ,Ishan Dyes and Chemicals Limited,Chemicals,Chemicals & Petrochemicals,Specialty Chemicals
NSE:ITC-EQ,ITC Limited,Fast Moving Consumer Goods,Diversified FMCG,Diversified FMCG
NSE:ITCHOTELS-EQ,ITC Hotels Limited,Consumer Services,Leisure Services,Hotels & Resorts
NSE:ITDC-EQ,India Tourism Development Corporation Limited,Consumer Services,Leisure Services,Hotels & Resorts
NSE:ITI-EQ,ITI Limited,Telecommunication,Telecom - Equipment & Accessories,Telecom - Equipment & Accessories
NSE:IVALUE-EQ,Ivalue Infosolutions Limited,Information Technology,IT - Hardware,Computers Hardware & Equipments
NSE:IVC-EQ,IL&FS Investment Managers Limited,Financial Services,Capital Markets,Asset Management Company
NSE:IVP-EQ,IVP Limited,Chemicals,Chemicals & Petrochemicals,Specialty Chemicals
NSE:IWP-EQ,The Indian Wood Products Company Limited,Forest Materials,Paper Forest & Jute Products,Forest Products
NSE:IXIGO-EQ,Le Travenues Technology Limited,Consumer Services,Leisure Services,Tour Travel Related Services
NSE:IZMO-EQ,IZMO Limited,Information Technology,IT - Services,IT Enabled Services
NSE:J&KBANK-EQ,The Jammu & Kashmir Bank Limited,Financial Services,Banks,Private Sector Bank
NSE:JAGRAN-EQ,Jagran Prakashan Limited,Media Entertainment & Publication,Media,Print Media
NSE:JAGSNPHARM-EQ,Jagsonpal Pharmaceuticals Limited,Healthcare,Pharmaceuticals & Biotechnology,Pharmaceuticals
NSE:JAIBALAJI-BE,Jai Balaji Industries Limited,Metals & Mining,Ferrous Metals,Iron & Steel
NSE:JAICORPLTD-EQ,Jai Corp Limited,Capital Goods,Industrial Products,Plastic Products - Industrial
NSE:JAINREC-EQ,Jain Resource Recycling Limited,Metals & Mining,Diversified Metals,Diversified Metals
NSE:JAIPURKURT-EQ,Nandani Creation Limited,Textiles,Textiles & Apparels,Garments & Apparels
NSE:JAMNAAUTO-EQ,Jamna Auto Industries Limited,Automobile and Auto Components,Auto Components,Auto Components & Equipments
NSE:JARO-EQ,Jaro Institute of Technology Management and Research Limited,Consumer Services,Other Consumer Services,E-Learning
NSE:JASH-EQ,Jash Engineering Limited,Capital Goods,Industrial Manufacturing,Industrial Products
NSE:JAYAGROGN-EQ,Jayant Agro Organics Limited,Chemicals,Chemicals & Petrochemicals,Specialty Chemicals
NSE:JAYBARMARU-EQ,Jay Bharat Maruti Limited,Automobile and Auto Components,Auto Components,Auto Components & Equipments
NSE:JAYKAY-EQ,Jaykay Enterprises Limited,Capital Goods,Aerospace & Defense,Aerospace & Defense
NSE:JAYNECOIND-EQ,Jayaswal Neco Industries Limited,Capital Goods,Industrial Products,Iron & Steel Products
NSE:JAYSREETEA-EQ,Jayshree Tea & Industries Limited,Fast Moving Consumer Goods,Agricultural Food & other Products,Tea & Coffee
NSE:JBCHEPHARM-EQ,JB Chemicals & Pharmaceuticals Limited,Healthcare,Pharmaceuticals & Biotechnology,Pharmaceuticals
NSE:JBMA-EQ,JBM Auto Limited,Automobile and Auto Components,Auto Components,Auto Components & Equipments
NSE:JETFREIGHT-EQ,Jet Freight Logistics Limited,Services,Transport Services,Logistics Solution Provider
NSE:JGCHEM-EQ,J.G.Chemicals Limited,Chemicals,Chemicals & Petrochemicals,Commodity Chemicals
NSE:JHS-EQ,JHS Svendgaard Laboratories Limited,Fast Moving Consumer Goods,Personal Products,Personal Care
NSE:JINDALPHOT-EQ,Jindal Photo Limited,Financial Services,Finance,Investment Company
NSE:JINDALPOLY-EQ,Jindal Poly Films Limited,Capital Goods,Industrial Products,Packaging
NSE:JINDALSAW-EQ,Jindal Saw Limited,Capital Goods,Industrial Products,Iron & Steel Products
NSE:JINDALSTEL-EQ,JINDAL STEEL LIMITED,Metals & Mining,Ferrous Metals,Iron & Steel
NSE:JINDRILL-EQ,Jindal Drilling And Industries Limited,Oil Gas & Consumable Fuels,Oil,Offshore Support Solution Drilling
NSE:JINDWORLD-EQ,Jindal Worldwide Limited,Textiles,Textiles & Apparels,Other Textile Products
NSE:JIOFIN-EQ,Jio Financial Services Limited,Financial Services,Finance,Investment Company
NSE:JISLDVREQS-EQ,Jain Irrigation Systems Limited,Capital Goods,Industrial Products,Plastic Products - Industrial
NSE:JISLJALEQS-EQ,Jain Irrigation Systems Limited,Capital Goods,Industrial Products,Plastic Products - Industrial
NSE:JITFINFRA-EQ,JITF Infralogistics Limited,Utilities,Other Utilities,Water Supply & Management
NSE:JKCEMENT-EQ,JK Cement Limited,Construction Materials,Cement & Cement Products,Cement & Cement Products
NSE:JKIL-EQ,J.Kumar Infraprojects Limited,Construction,Construction,Civil Construction
NSE:JKIPL-BE,Jinkushal Industries Limited,Capital Goods,Agricultural Commercial & Construction Vehicles,Dealers & Commercial Vehicles Tractors Construction Vehicles
NSE:JKLAKSHMI-EQ,JK Lakshmi Cement Limited,Construction Materials,Cement & Cement Products,Cement & Cement Products
NSE:JKPAPER-EQ,JK Paper Limited,Forest Materials,Paper Forest & Jute Products,Paper & Paper Products
NSE:JKTYRE-EQ,JK Tyre & Industries Limited,Automobile and Auto Components,Auto Components,Tyres & Rubber Products
NSE:JLHL-EQ,Jupiter Life Line Hospitals Limited,Healthcare,Healthcare Services,Hospital
NSE:JMA-EQ,Jullundur Motor Agency (Delhi) Limited,Automobile and Auto Components,Auto Components,Trading - Auto Components
NSE:JMFINANCIL-EQ,JM Financial Limited,Financial Services,Finance,Holding Company
NSE:JNKINDIA-EQ,JNK India Limited,Capital Goods,Industrial Manufacturing,Industrial Products
NSE:JOCIL-BE,Jocil Limited,Chemicals,Chemicals & Petrochemicals,Commodity Chemicals
NSE:JPOLYINVST-EQ,Jindal Poly Investment and Finance Company Limited,Financial Services,Finance,Investment Company
NSE:JPPOWER-EQ,Jaiprakash Power Ventures Limited,Power,Power,Power Generation
NSE:JSFB-EQ,Jana Small Finance Bank Limited,Financial Services,Banks,Other Bank
NSE:JSL-EQ,Jindal Stainless Limited,Metals & Mining,Ferrous Metals,Iron & Steel
NSE:JSLL-EQ,Jeena Sikho Lifecare Limited,Consumer Services,Leisure Services,Wellness
NSE:JSWCEMENT-EQ,JSW Cement Limited,Construction Materials,Cement & Cement Products,Cement & Cement Products
NSE:JSWDULUX-EQ,JSW Dulux Limited,Consumer Durables,Consumer Durables,Paints
NSE:JSWENERGY-EQ,JSW Energy Limited,Power,Power,Power Generation
NSE:JSWHL-EQ,JSW Holdings Limited,Financial Services,Finance,Investment Company
NSE:JSWINFRA-EQ,JSW Infrastructure Limited,Services,Transport Infrastructure,Port & Port services
NSE:JSWSTEEL-EQ,JSW Steel Limited,Metals & Mining,Ferrous Metals,Iron & Steel
NSE:JTEKTINDIA-EQ,Jtekt India Limited,Automobile and Auto Components,Auto Components,Auto Components & Equipments
NSE:JTLIND-EQ,JTL INDUSTRIES LIMITED,Capital Goods,Industrial Products,Iron & Steel Products
NSE:JUBLCPL-EQ,Jubilant Agri and Consumer Products Limited,Chemicals,Chemicals & Petrochemicals,Specialty Chemicals
NSE:JUBLFOOD-EQ,Jubilant Foodworks Limited,Consumer Services,Leisure Services,Restaurants
NSE:JUBLINGREA-EQ,Jubilant Ingrevia Limited,Chemicals,Chemicals & Petrochemicals,Specialty Chemicals
NSE:JUBLPHARMA-EQ,Jubilant Pharmova Limited,Healthcare,Pharmaceuticals & Biotechnology,Pharmaceuticals
NSE:JUNIPER-EQ,Juniper Hotels Limited,Consumer Services,Leisure Services,Hotels & Resorts
NSE:JUSTDIAL-EQ,Just Dial Limited,Consumer Services,Retailing,Internet & Catalogue Retail
NSE:JWL-EQ,Jupiter Wagons Limited,Capital Goods,Industrial Manufacturing,Railway Wagons
NSE:JYOTHYLAB-EQ,Jyothy Labs Limited,Fast Moving Consumer Goods,Household Products,Household Products
NSE:JYOTICNC-EQ,Jyoti CNC Automation Limited,Capital Goods,Industrial Manufacturing,Industrial Products
NSE:JYOTISTRUC-EQ,Jyoti Structures Limited,Capital Goods,Electrical Equipment,Heavy Electrical Equipment
NSE:KABRAEXTRU-EQ,Kabra Extrusion Technik Limited,Capital Goods,Industrial Manufacturing,Industrial Products
NSE:KAJARIACER-EQ,Kajaria Ceramics Limited,Consumer Durables,Consumer Durables,Ceramics
NSE:KAKATCEM-BE,Kakatiya Cement Sugar & Industries Limited,Construction Materials,Cement & Cement Products,Cement & Cement Products
NSE:KALAMANDIR-EQ,Sai Silks (Kalamandir) Limited,Consumer Services,Retailing,Speciality Retail
NSE:KALPATARU-EQ,Kalpataru Limited,Realty,Realty,Residential Commercial Projects
NSE:KALYANI-BE,Kalyani Commercials Limited,Capital Goods,Agricultural Commercial & Construction Vehicles,Dealers & Commercial Vehicles Tractors Construction Vehicles
NSE:KALYANIFRG-EQ,Kalyani Forge Limited,Capital Goods,Industrial Products,Castings & Forgings
NSE:KALYANKJIL-EQ,Kalyan Jewellers India Limited,Consumer Durables,Consumer Durables,Gems Jewellery And Watches
NSE:KAMAHOLD-EQ,Kama Holdings Limited,Diversified,Diversified,Diversified
NSE:KAMATHOTEL-EQ,Kamat Hotels (I) Limited,Consumer Services,Leisure Services,Hotels & Resorts
NSE:KAMDHENU-EQ,Kamdhenu Limited,Capital Goods,Industrial Products,Iron & Steel Products
NSE:KAMOPAINTS-EQ,Kamdhenu Ventures Limited,Consumer Durables,Consumer Durables,Paints
NSE:KANANIIND-EQ,Kanani Industries Limited,Consumer Durables,Consumer Durables,Gems Jewellery And Watches
NSE:KANCHI-BE,Kanchi Karpooram Limited,Chemicals,Chemicals & Petrochemicals,Commodity Chemicals
NSE:KANORICHEM-BE,Kanoria Chemicals & Industries Limited,Capital Goods,Industrial Manufacturing,Industrial Products
NSE:KANPRPLA-EQ,Kanpur Plastipack Limited,Capital Goods,Industrial Products,Packaging
NSE:KANSAINER-EQ,Kansai Nerolac Paints Limited,Consumer Durables,Consumer Durables,Paints
NSE:KAPSTON-EQ,Kapston Services Limited,Services,Commercial Services & Supplies,Diversified Commercial Services
NSE:KARMAENG-EQ,Karma Energy Limited,Power,Power,Power Generation
NSE:KARURVYSYA-EQ,Karur Vysya Bank Limited,Financial Services,Banks,Private Sector Bank
NSE:KAUSHALYA-EQ,Kaushalya Infrastructure Development Corporation Limited,Consumer Services,Leisure Services,Hotels & Resorts
NSE:KAVDEFENCE-EQ,Kavveri Defence & Wireless Technologies Limited,Telecommunication,Telecom - Equipment & Accessories,Telecom - Equipment & Accessories
NSE:KAYA-EQ,Kaya Limited,Consumer Services,Leisure Services,Wellness
NSE:KAYNES-EQ,Kaynes Technology India Limited,Capital Goods,Industrial Manufacturing,Industrial Products
NSE:KCP-EQ,KCP Limited,Construction Materials,Cement & Cement Products,Cement & Cement Products
NSE:KCPSUGIND-EQ,KCP Sugar and Industries Corporation Limited,Fast Moving Consumer Goods,Agricultural Food & other Products,Sugar
NSE:KDDL-EQ,KDDL Limited,Consumer Durables,Consumer Durables,Gems Jewellery And Watches
NSE:KEC-EQ,KEC International Limited,Construction,Construction,Civil Construction
NSE:KECL-BE,Kirloskar Electric Company Limited,Capital Goods,Electrical Equipment,Other Electrical Equipment
NSE:KEEPLEARN-EQ,DSJ Keep Learning Limited,Consumer Services,Other Consumer Services,Education
NSE:KEI-EQ,KEI Industries Limited,Capital Goods,Industrial Products,Cables - Electricals
NSE:KELLTONTEC-EQ,Kellton Tech Solutions Limited,Information Technology,IT - Services,IT Enabled Services
NSE:KENNAMET-EQ,Kennametal India Limited,Capital Goods,Industrial Manufacturing,Industrial Products
NSE:KERNEX-EQ,Kernex Microsystems (India) Limited,Services,Transport Services,Transport Related Services
NSE:KESORAMIND-BE,Kesoram Industries Limited,Textiles,Textiles & Apparels,Other Textile Products
NSE:KEYFINSERV-EQ,Keynote Financial Services Limited,Financial Services,Capital Markets,Stockbroking & Allied
NSE:KFINTECH-EQ,Kfin Technologies Limited,Financial Services,Capital Markets,Depositories Clearing Houses and Other Intermediaries
NSE:KHADIM-EQ,Khadim India Limited,Consumer Durables,Consumer Durables,Footwear
NSE:KHAICHEM-BE,Khaitan Chemicals & Fertilizers Limited,Chemicals,Fertilizers & Agrochemicals,Fertilizers
NSE:KHAITANLTD-BE,Khaitan (India) Limited,Consumer Durables,Consumer Durables,Consumer Electronics
NSE:KHANDSE-EQ,Khandwala Securities Limited,Financial Services,Capital Markets,Stockbroking & Allied
NSE:KICL-EQ,Kalyani Investment Company Limited,Financial Services,Finance,Investment Company
NSE:KILITCH-EQ,Kilitch Drugs (India) Limited,Healthcare,Pharmaceuticals & Biotechnology,Pharmaceuticals
NSE:KIMS-EQ,Krishna Institute of Medical Sciences Limited,Healthcare,Healthcare Services,Hospital
NSE:KINGFA-EQ,Kingfa Science & Technology (India) Limited,Capital Goods,Industrial Products,Plastic Products - Industrial
NSE:KIOCL-EQ,KIOCL Limited,Metals & Mining,Ferrous Metals,Sponge Iron
NSE:KIRANVYPAR-EQ,Kiran Vyapar Limited,Financial Services,Finance,Non Banking Financial Company (NBFC)
NSE:KIRIINDUS-EQ,Kiri Industries Limited,Chemicals,Chemicals & Petrochemicals,Dyes And Pigments
NSE:KIRLFER-EQ,Kirloskar Ferrous Industries Limited,Metals & Mining,Ferrous Metals,Pig Iron
NSE:KIRLOSBROS-EQ,Kirloskar Brothers Limited,Capital Goods,Industrial Products,Compressors Pumps & Diesel Engines
NSE:KIRLOSENG-EQ,Kirloskar Oil Engines Limited,Capital Goods,Industrial Products,Compressors Pumps & Diesel Engines
NSE:KIRLOSIND-EQ,Kirloskar Industries Limited,Capital Goods,Industrial Products,Other Industrial Products
NSE:KIRLPNU-EQ,Kirloskar Pneumatic Company Limited,Capital Goods,Industrial Products,Compressors Pumps & Diesel Engines
NSE:KISSHT-EQ,OnEMI Technology Solutions Limited,Financial Services,Finance,Other Financial Services
NSE:KITEX-EQ,Kitex Garments Limited,Textiles,Textiles & Apparels,Garments & Apparels
NSE:KKCL-EQ,Kewal Kiran Clothing Limited,Textiles,Textiles & Apparels,Garments & Apparels
NSE:KLBRENG-B-EQ,Kilburn Engineering Limited,Capital Goods,Industrial Manufacturing,Industrial Products
NSE:KMEW-EQ,Knowledge Marine & Engineering Works Limited,Services,Engineering Services,Dredging
NSE:KMSUGAR-EQ,K.M.Sugar Mills Limited,Fast Moving Consumer Goods,Agricultural Food & other Products,Sugar
NSE:KNAGRI-EQ,KN Agri Resources Limited,Fast Moving Consumer Goods,Agricultural Food & other Products,Edible Oil
NSE:KNRCON-EQ,KNR Constructions Limited,Construction,Construction,Civil Construction
NSE:KOHINOOR-EQ,Kohinoor Foods Limited,Fast Moving Consumer Goods,Food Products,Other Food Products
NSE:KOKUYOCMLN-EQ,Kokuyo Camlin Limited,Fast Moving Consumer Goods,Household Products,Stationary
NSE:KOLTEPATIL-EQ,Kolte - Patil Developers Limited,Realty,Realty,Residential Commercial Projects
NSE:KOPRAN-BE,Kopran Limited,Healthcare,Pharmaceuticals & Biotechnology,Pharmaceuticals
NSE:KOTAKBANK-EQ,Kotak Mahindra Bank Limited,Financial Services,Banks,Private Sector Bank
NSE:KOTARISUG-EQ,Kothari Sugars And Chemicals Limited,Fast Moving Consumer Goods,Agricultural Food & other Products,Sugar
NSE:KOTHARIPET-EQ,Kothari Petrochemicals Limited,Chemicals,Chemicals & Petrochemicals,Petrochemicals
NSE:KOTHARIPRO-EQ,Kothari Products Limited,Services,Commercial Services & Supplies,Trading & Distributors
NSE:KOTIC-EQ,Kothari Industrial Corporation Limited,Chemicals,Fertilizers & Agrochemicals,Fertilizers
NSE:KOTYARK-EQ,Kotyark Industries Limited,Oil Gas & Consumable Fuels,Petroleum Products,Refineries & Marketing
NSE:KOVAI-EQ,Kovai Medical Center & Hospital Limited,Healthcare,Healthcare Services,Hospital
NSE:KPEL-EQ,K.P. Energy Limited,Power,Power,Power Generation
NSE:KPIGREEN-EQ,KPI Green Energy Limited,Power,Power,Power Generation
NSE:KPIL-EQ,Kalpataru Projects International Limited,Construction,Construction,Civil Construction
NSE:KPITTECH-EQ,KPIT Technologies Limited,Information Technology,IT - Software,Computers - Software & Consulting
NSE:KPL-EQ,Kwality Pharmaceuticals Limited,Healthcare,Pharmaceuticals & Biotechnology,Pharmaceuticals
NSE:KPRMILL-EQ,K.P.R. Mill Limited,Textiles,Textiles & Apparels,Other Textile Products
NSE:KRBL-EQ,KRBL Limited,Fast Moving Consumer Goods,Agricultural Food & other Products,Other Agricultural Products
NSE:KREBSBIO-EQ,Krebs Biochemicals and Industries Limited,Healthcare,Pharmaceuticals & Biotechnology,Pharmaceuticals
NSE:KRIDHANINF-BE,Kridhan Infra Limited,Construction,Construction,Civil Construction
NSE:KRISHANA-EQ,Krishana Phoschem Limited,Chemicals,Fertilizers & Agrochemicals,Fertilizers
NSE:KRISHIVAL-EQ,Krishival Foods Limited,Fast Moving Consumer Goods,Food Products,Other Food Products
NSE:KRISHNADEF-EQ,Krishna Defence And Allied Industries Limited,Capital Goods,Aerospace & Defense,Aerospace & Defense
NSE:KRITI-BE,Kriti Industries (India) Limited,Capital Goods,Industrial Products,Plastic Products - Industrial
NSE:KRITIKA-EQ,Kritika Wires Limited,Capital Goods,Industrial Products,Iron & Steel Products
NSE:KRITINUT-BE,Kriti Nutrients Limited,Fast Moving Consumer Goods,Agricultural Food & other Products,Edible Oil
NSE:KRN-BE,KRN Heat Exchanger and Refrigeration Limited,Capital Goods,Industrial Products,Other Industrial Products
NSE:KRONOX-EQ,Kronox Lab Sciences Limited,Chemicals,Chemicals & Petrochemicals,Specialty Chemicals
NSE:KROSS-EQ,Kross Limited,Automobile and Auto Components,Auto Components,Auto Components & Equipments
NSE:KRSNAA-EQ,Krsnaa Diagnostics Limited,Healthcare,Healthcare Services,Healthcare Service Provider
NSE:KRYSTAL-EQ,Krystal Integrated Services Limited,Services,Commercial Services & Supplies,Diversified Commercial Services
NSE:KSB-EQ,Ksb Limited,Capital Goods,Industrial Products,Compressors Pumps & Diesel Engines
NSE:KSCL-EQ,Kaveri Seed Company Limited,Fast Moving Consumer Goods,Agricultural Food & other Products,Other Agricultural Products
NSE:KSHINTL-EQ,KSH International Limited,Capital Goods,Industrial Products,Aluminium Copper & Zinc Products
NSE:KSHITIJPOL-BE,Kshitij Polyline Limited,Fast Moving Consumer Goods,Household Products,Stationary
NSE:KSL-EQ,Kalyani Steels Limited,Capital Goods,Industrial Products,Iron & Steel Products
NSE:KSOLVES-EQ,Ksolves India Limited,Information Technology,IT - Software,Computers - Software & Consulting
NSE:KSR-BE,KSR Footwear Limited,Consumer Durables,Consumer Durables,Footwear
NSE:KTKBANK-EQ,The Karnataka Bank Limited,Financial Services,Banks,Private Sector Bank
NSE:KUANTUM-EQ,Kuantum Papers Limited,Forest Materials,Paper Forest & Jute Products,Paper & Paper Products
NSE:KWIL-EQ,Kwality Wall's (India) Limited,Fast Moving Consumer Goods,Food Products,Dairy Products
NSE:LAGNAM-EQ,Lagnam Spintex Limited,Textiles,Textiles & Apparels,Other Textile Products
NSE:LAHOTIOV-EQ,Lahoti Overseas Limited,Services,Commercial Services & Supplies,Trading & Distributors
NSE:LAKPRE-BZ,Lakshmi Precision Screws Limited,Automobile and Auto Components,Auto Components,Auto Components & Equipments
NSE:LAL-EQ,Lorenzini Apparels Limited,Textiles,Textiles & Apparels,Garments & Apparels
NSE:LALPATHLAB-EQ,Dr. Lal Path Labs Ltd.,Healthcare,Healthcare Services,Healthcare Service Provider
NSE:LAMBODHARA-EQ,Lambodhara Textiles Limited,Textiles,Textiles & Apparels,Other Textile Products
NSE:LANCORHOL-EQ,Lancor Holdings Limited,Realty,Realty,Residential Commercial Projects
NSE:LANDMARK-EQ,Landmark Cars Limited,Automobile and Auto Components,Automobiles,Auto Dealer
NSE:LANDSMILL-EQ,Landsmill Green Limited,Services,Commercial Services & Supplies,Trading & Distributors
NSE:LAOPALA-EQ,La Opala RG Limited,Consumer Durables,Consumer Durables,Glass - Consumer
NSE:LASA-EQ,Lasa Supergenerics Limited,Healthcare,Pharmaceuticals & Biotechnology,Pharmaceuticals
NSE:LATENTVIEW-EQ,Latent View Analytics Limited,Information Technology,IT - Software,Computers - Software & Consulting
NSE:LATTEYS-BE,Latteys Industries Limited,Capital Goods,Industrial Products,Compressors Pumps & Diesel Engines
NSE:LAURUSLABS-EQ,Laurus Labs Limited,Healthcare,Pharmaceuticals & Biotechnology,Pharmaceuticals
NSE:LAXMICOT-EQ,Laxmi Cotspin Limited,Textiles,Textiles & Apparels,Other Textile Products
NSE:LAXMIDENTL-EQ,Laxmi Dental Limited,Healthcare,Healthcare Equipment & Supplies,Medical Equipment & Supplies
NSE:LAXMIINDIA-BE,Laxmi India Finance Limited,Financial Services,Finance,Non Banking Financial Company (NBFC)
NSE:LCCINFOTEC-EQ,LCC Infotech Limited,Consumer Services,Other Consumer Services,Education
NSE:LEMERITE-EQ,Le Merite Exports Limited,Textiles,Textiles & Apparels,Trading - Textile Products
NSE:LEMONTREE-EQ,Lemon Tree Hotels Limited,Consumer Services,Leisure Services,Hotels & Resorts
NSE:LENSKART-EQ,Lenskart Solutions Limited,Consumer Services,Retailing,Speciality Retail
NSE:LEXUS-EQ,Lexus Granito (India) Limited,Consumer Durables,Consumer Durables,Ceramics
NSE:LFIC-EQ,Lakshmi Finance & Industrial Corporation Limited,Financial Services,Finance,Investment Company
NSE:LGBBROSLTD-EQ,LG Balakrishnan & Bros Limited,Automobile and Auto Components,Auto Components,Auto Components & Equipments
NSE:LGEINDIA-EQ,LG Electronics India Limited,Consumer Durables,Consumer Durables,Household Appliances
NSE:LGHL-EQ,Laxmi Goldorna House Limited,Consumer Durables,Consumer Durables,Gems Jewellery And Watches
NSE:LIBAS-EQ,Libas Consumer Products Limited,Textiles,Textiles & Apparels,Garments & Apparels
NSE:LIBERTSHOE-EQ,Liberty Shoes Limited,Consumer Durables,Consumer Durables,Footwear
NSE:LICHSGFIN-EQ,LIC Housing Finance Limited,Financial Services,Finance,Housing Finance Company
NSE:LICI-EQ,Life Insurance Corporation Of India,Financial Services,Insurance,Life Insurance
NSE:LIKHITHA-BE,Likhitha Infrastructure Limited,Construction,Construction,Civil Construction
NSE:LINC-EQ,Linc Limited,Fast Moving Consumer Goods,Household Products,Stationary
NSE:LINCOLN-EQ,Lincoln Pharmaceuticals Limited,Healthcare,Pharmaceuticals & Biotechnology,Pharmaceuticals
NSE:LINDEINDIA-EQ,Linde India Limited,Chemicals,Chemicals & Petrochemicals,Industrial Gases
NSE:LLOYDSENGG-EQ,LLOYDS ENGINEERING WORKS LIMITED,Capital Goods,Industrial Manufacturing,Industrial Products
NSE:LLOYDSENT-EQ,Lloyds Enterprises Limited,Metals & Mining,Metals & Minerals Trading,Trading - Metals
NSE:LLOYDSME-EQ,Lloyds Metals And Energy Limited,Metals & Mining,Minerals & Mining,Industrial Minerals
NSE:LMW-EQ,LMW Limited,Capital Goods,Industrial Manufacturing,Industrial Products
NSE:LODHA-EQ,Lodha Developers Limited,Realty,Realty,Residential Commercial Projects
NSE:LOKESHMACH-BE,Lokesh Machines Limited,Capital Goods,Industrial Manufacturing,Industrial Products
NSE:LORDSCHLO-EQ,Lords Chloro Alkali Limited,Chemicals,Chemicals & Petrochemicals,Commodity Chemicals
NSE:LOTUSDEV-EQ,Sri Lotus Developers and Realty Limited,Realty,Realty,Residential Commercial Projects
NSE:LOTUSEYE-EQ,Lotus Eye Hospital and Institute Limited,Healthcare,Healthcare Services,Hospital
NSE:LOVABLE-EQ,Lovable Lingerie Limited,Textiles,Textiles & Apparels,Garments & Apparels
NSE:LOYALTEX-BE,Loyal Textile Mills Limited,Textiles,Textiles & Apparels,Other Textile Products
NSE:LPDC-EQ,Landmark Property Development Company Limited,Realty,Realty,Real Estate related services
NSE:LT-EQ,Larsen & Toubro Limited,Construction,Construction,Civil Construction
NSE:LTF-EQ,L&T Finance Limited,Financial Services,Finance,Investment Company
NSE:LTFOODS-EQ,LT Foods Limited,Fast Moving Consumer Goods,Agricultural Food & other Products,Other Agricultural Products
NSE:LTM-EQ,LTM Limited,Information Technology,IT - Software,Computers - Software & Consulting
NSE:LTTS-EQ,L&T Technology Services Limited,Information Technology,IT - Services,IT Enabled Services
NSE:LUMAXIND-EQ,Lumax Industries Limited,Automobile and Auto Components,Auto Components,Auto Components & Equipments
NSE:LUMAXTECH-EQ,Lumax Auto Technologies Limited,Automobile and Auto Components,Auto Components,Auto Components & Equipments
NSE:LUPIN-EQ,Lupin Limited,Healthcare,Pharmaceuticals & Biotechnology,Pharmaceuticals
NSE:LUXIND-EQ,Lux Industries Limited,Textiles,Textiles & Apparels,Garments & Apparels
NSE:LXCHEM-EQ,Laxmi Organic Industries Limited,Chemicals,Chemicals & Petrochemicals,Specialty Chemicals
NSE:LYKALABS-EQ,Lyka Labs Limited,Healthcare,Pharmaceuticals & Biotechnology,Pharmaceuticals
NSE:LYPSAGEMS-EQ,Lypsa Gems & Jewellery Limited,Consumer Durables,Consumer Durables,Gems Jewellery And Watches
NSE:M&M-EQ,Mahindra & Mahindra Limited,Automobile and Auto Components,Automobiles,Passenger Cars & Utility Vehicles
NSE:M&MFIN-EQ,Mahindra & Mahindra Financial Services Limited,Financial Services,Finance,Non Banking Financial Company (NBFC)
NSE:MAANALU-EQ,Maan Aluminium Limited,Metals & Mining,Non - Ferrous Metals,Aluminium
NSE:MACPOWER-EQ,Macpower CNC Machines Limited,Capital Goods,Industrial Manufacturing,Industrial Products
NSE:MADHAV-EQ,Madhav Marbles and Granites Limited,Consumer Durables,Consumer Durables,Granites & Marbles
NSE:MADHAVIPL-EQ,Madhav Infra Projects Limited,Construction,Construction,Civil Construction
NSE:MADHUCON-EQ,Madhucon Projects Limited,Construction,Construction,Civil Construction
NSE:MADRASFERT-EQ,Madras Fertilizers Limited,Chemicals,Fertilizers & Agrochemicals,Fertilizers
NSE:MAFATIND-EQ,Mafatlal Industries Limited,Textiles,Textiles & Apparels,Other Textile Products
NSE:MAGADSUGAR-EQ,Magadh Sugar & Energy Limited,Fast Moving Consumer Goods,Agricultural Food & other Products,Sugar
NSE:MAGNUM-EQ,Magnum Ventures Limited,Forest Materials,Paper Forest & Jute Products,Paper & Paper Products
NSE:MAHABANK-EQ,Bank of Maharashtra,Financial Services,Banks,Public Sector Bank
NSE:MAHAPEXLTD-EQ,Maha Rashtra Apex Corporation Limited,Financial Services,Finance,Other Financial Services
NSE:MAHASTEEL-BE,Mahamaya Steel Industries Limited,Capital Goods,Industrial Products,Iron & Steel Products
NSE:MAHEPC-EQ,Mahindra EPC Irrigation Limited,Capital Goods,Industrial Manufacturing,Industrial Products
NSE:MAHESHWARI-BE,Maheshwari Logistics Limited,Services,Commercial Services & Supplies,Trading & Distributors
NSE:MAHLIFE-EQ,Mahindra Lifespace Developers Limited,Realty,Realty,Residential Commercial Projects
NSE:MAHLOG-EQ,Mahindra Logistics Limited,Services,Transport Services,Logistics Solution Provider
NSE:MAHSCOOTER-EQ,Maharashtra Scooters Limited,Financial Services,Finance,Investment Company
NSE:MAHSEAMLES-EQ,Maharashtra Seamless Limited,Capital Goods,Industrial Products,Iron & Steel Products
NSE:MAITHANALL-EQ,Maithan Alloys Limited,Metals & Mining,Ferrous Metals,Ferro & Silica Manganese
NSE:MAJESAUT-EQ,Majestic Auto Limited,Services,Commercial Services & Supplies,Diversified Commercial Services
NSE:MALLCOM-EQ,Mallcom (India) Limited,Capital Goods,Industrial Products,Other Industrial Products
NSE:MALUPAPER-EQ,Malu Paper Mills Limited,Forest Materials,Paper Forest & Jute Products,Paper & Paper Products
NSE:MAMATA-EQ,Mamata Machinery Limited,Capital Goods,Industrial Manufacturing,Industrial Products
NSE:MANAKALUCO-EQ,Manaksia Aluminium Company Limited,Metals & Mining,Non - Ferrous Metals,Aluminium
NSE:MANAKCOAT-EQ,Manaksia Coated Metals & Industries Limited,Capital Goods,Industrial Products,Iron & Steel Products
NSE:MANAKSIA-EQ,Manaksia Limited,Capital Goods,Industrial Products,Iron & Steel Products
NSE:MANAKSTEEL-BE,Manaksia Steels Limited,Metals & Mining,Ferrous Metals,Iron & Steel
NSE:MANALIPETC-EQ,Manali Petrochemicals Limited,Chemicals,Chemicals & Petrochemicals,Petrochemicals
NSE:MANAPPURAM-EQ,Manappuram Finance Limited,Financial Services,Finance,Non Banking Financial Company (NBFC)
NSE:MANBA-EQ,Manba Finance Limited,Financial Services,Finance,Non Banking Financial Company (NBFC)
NSE:MANCREDIT-EQ,Mangal Credit and Fincorp Limited,Financial Services,Finance,Non Banking Financial Company (NBFC)
NSE:MANGALAM-EQ,Mangalam Drugs And Organics Limited,Healthcare,Pharmaceuticals & Biotechnology,Pharmaceuticals
NSE:MANGLMCEM-EQ,Mangalam Cement Limited,Construction Materials,Cement & Cement Products,Cement & Cement Products
NSE:MANINDS-EQ,Man Industries (India) Limited,Capital Goods,Industrial Products,Iron & Steel Products
NSE:MANINFRA-EQ,Man Infraconstruction Limited,Realty,Realty,Residential Commercial Projects
NSE:MANKIND-EQ,Mankind Pharma Limited,Healthcare,Pharmaceuticals & Biotechnology,Pharmaceuticals
NSE:MANOMAY-EQ,Manomay Tex India Limited,Textiles,Textiles & Apparels,Other Textile Products
NSE:MANORAMA-EQ,Manorama Industries Limited,Fast Moving Consumer Goods,Food Products,Other Food Products
NSE:MANORG-BE,Mangalam Organics Limited,Chemicals,Chemicals & Petrochemicals,Commodity Chemicals
NSE:MANUGRAPH-EQ,Manugraph India Limited,Capital Goods,Industrial Manufacturing,Industrial Products
NSE:MANYAVAR-EQ,Vedant Fashions Limited,Consumer Services,Retailing,Speciality Retail
NSE:MAPMYINDIA-EQ,C.E. Info Systems Limited,Information Technology,IT - Software,Software Products
NSE:MARALOVER-BE,Maral Overseas Limited,Textiles,Textiles & Apparels,Other Textile Products
NSE:MARATHON-EQ,Marathon Nextgen Realty Limited,Realty,Realty,Residential Commercial Projects
NSE:MARICO-EQ,Marico Limited,Fast Moving Consumer Goods,Agricultural Food & other Products,Edible Oil
NSE:MARINE-EQ,Marine Electricals (India) Limited,Capital Goods,Industrial Manufacturing,Industrial Products
NSE:MARKOLINES-EQ,Markolines Pavement Technologies Limited,Construction,Construction,Civil Construction
NSE:MARKSANS-EQ,Marksans Pharma Limited,Healthcare,Pharmaceuticals & Biotechnology,Pharmaceuticals
NSE:MARSONS-EQ,Marsons Limited,Capital Goods,Electrical Equipment,Heavy Electrical Equipment
NSE:MARUTI-EQ,Maruti Suzuki India Limited,Automobile and Auto Components,Automobiles,Passenger Cars & Utility Vehicles
NSE:MASFIN-EQ,MAS Financial Services Limited,Financial Services,Finance,Non Banking Financial Company (NBFC)
NSE:MASKINVEST-BE,Mask Investments Limited,Financial Services,Finance,Investment Company
NSE:MASTEK-EQ,Mastek Limited,Information Technology,IT - Software,Computers - Software & Consulting
NSE:MASTERTR-EQ,Master Trust Limited,Financial Services,Capital Markets,Stockbroking & Allied
NSE:MATRIMONY-EQ,Matrimony.Com Limited,Consumer Services,Retailing,Internet & Catalogue Retail
NSE:MAWANASUG-BE,Mawana Sugars Limited,Fast Moving Consumer Goods,Agricultural Food & other Products,Sugar
NSE:MAXESTATES-EQ,Max Estates Limited,Realty,Realty,Residential Commercial Projects
NSE:MAXHEALTH-EQ,Max Healthcare Institute Limited,Healthcare,Healthcare Services,Hospital
NSE:MAXIND-EQ,Max India Limited,Financial Services,Finance,Holding Company
NSE:MAYURUNIQ-EQ,Mayur Uniquoters Ltd,Consumer Durables,Consumer Durables,Leather And Leather Products
NSE:MAZDA-EQ,Mazda Limited,Capital Goods,Industrial Manufacturing,Industrial Products
NSE:MAZDOCK-EQ,Mazagon Dock Shipbuilders Limited,Capital Goods,Industrial Manufacturing,Ship Building & Allied Services
NSE:MBAPL-EQ,Madhya Bharat Agro Products Limited,Chemicals,Fertilizers & Agrochemicals,Fertilizers
NSE:MBEL-EQ,M & B Engineering Limited,Construction,Construction,Civil Construction
NSE:MBLINFRA-EQ,MBL Infrastructure Limited,Construction,Construction,Civil Construction
NSE:MCCHRLS-B-EQ,Mac Charles India Limited,Consumer Services,Leisure Services,Hotels & Resorts
NSE:MCL-EQ,Madhav Copper Limited,Capital Goods,Industrial Products,Aluminium Copper & Zinc Products
NSE:MCLEODRUSS-BE,Mcleod Russel India Limited,Fast Moving Consumer Goods,Agricultural Food & other Products,Tea & Coffee
NSE:MCLOUD-EQ,Magellanic Cloud Limited,Information Technology,IT - Software,Computers - Software & Consulting
NSE:MCX-EQ,Multi Commodity Exchange of India Limited,Financial Services,Capital Markets,Exchange and Data Platform
NSE:MEDANTA-EQ,Global Health Limited,Healthcare,Healthcare Services,Hospital
NSE:MEDIASSIST-EQ,Medi Assist Healthcare Services Limited,Financial Services,Insurance,Insurance Distributors
NSE:MEDICAMEQ-EQ,Medicamen Biotech Limited,Healthcare,Pharmaceuticals & Biotechnology,Pharmaceuticals
NSE:MEDICO-EQ,Medico Remedies Limited,Healthcare,Pharmaceuticals & Biotechnology,Pharmaceuticals
NSE:MEDPLUS-EQ,Medplus Health Services Limited,Consumer Services,Retailing,Pharmacy Retail
NSE:MEESHO-EQ,Meesho Limited,Consumer Services,Retailing,E-Retail/ E-Commerce
NSE:MEGASTAR-EQ,Megastar Foods Limited,Fast Moving Consumer Goods,Food Products,Other Food Products
NSE:MEIL-BE,Mangal Electrical Industries Limited,Capital Goods,Electrical Equipment,Other Electrical Equipment
NSE:MENNPIS-EQ,Menon Pistons Limited,Automobile and Auto Components,Auto Components,Auto Components & Equipments
NSE:MENONBE-EQ,Menon Bearings Limited,Automobile and Auto Components,Auto Components,Auto Components & Equipments
NSE:MEP-BZ,MEP Infrastructure Developers Limited,Services,Transport Infrastructure,Road Assets - Toll Annuity Hybrid-Annuity
NSE:MERCANTILE-EQ,Mercantile Ventures Limited,Services,Commercial Services & Supplies,Diversified Commercial Services
NSE:MERCURYEV-BE,Mercury Ev-Tech Limited,,,
NSE:METROBRAND-EQ,Metro Brands Limited,Consumer Durables,Consumer Durables,Footwear
NSE:METROGLOBL-EQ,Metroglobal Limited,Services,Commercial Services & Supplies,Trading & Distributors
NSE:METROPOLIS-EQ,Metropolis Healthcare Limited,Healthcare,Healthcare Services,Healthcare Service Provider
NSE:MFML-EQ,Mahalaxmi Fabric Mills Limited,Textiles,Textiles & Apparels,Other Textile Products
NSE:MFSL-EQ,Max Financial Services Limited,Financial Services,Insurance,Life Insurance
NSE:MGEL-BE,Mangalam Global Enterprise Limited,Fast Moving Consumer Goods,Agricultural Food & other Products,Other Agricultural Products
NSE:MGL-EQ,Mahanagar Gas Limited,Oil Gas & Consumable Fuels,Gas,LPG/CNG/PNG/LNG Supplier
NSE:MHLXMIRU-EQ,Mahalaxmi Rubtech Limited,Textiles,Textiles & Apparels,Other Textile Products
NSE:MHRIL-EQ,Mahindra Holidays & Resorts India Limited,Consumer Services,Leisure Services,Hotels & Resorts
NSE:MICEL-EQ,MIC Electronics Limited,Capital Goods,Industrial Products,Other Industrial Products
NSE:MIDHANI-EQ,Mishra Dhatu Nigam Limited,Capital Goods,Aerospace & Defense,Aerospace & Defense
NSE:MIDWESTLTD-EQ,Midwest Limited,Consumer Durables,Consumer Durables,Granites & Marbles
NSE:MINDACORP-EQ,Minda Corporation Limited,Automobile and Auto Components,Auto Components,Auto Components & Equipments
NSE:MINDTECK-EQ,Mindteck (India) Limited,Information Technology,IT - Software,Computers - Software & Consulting
NSE:MIRCELECTR-BE,MIRC Electronics Limited,Consumer Durables,Consumer Durables,Consumer Electronics
NSE:MIRZAINT-EQ,Mirza International Limited,Consumer Durables,Consumer Durables,Leather And Leather Products
NSE:MITCON-BE,MITCON Consultancy & Engineering Services Limited,Services,Commercial Services & Supplies,Consulting Services
NSE:MITTAL-EQ,Mittal Life Style Limited,Textiles,Textiles & Apparels,Garments & Apparels
NSE:MKPL-EQ,M K Proteins Limited,Fast Moving Consumer Goods,Agricultural Food & other Products,Edible Oil
NSE:MMFL-EQ,MM Forgings Limited,Automobile and Auto Components,Auto Components,Auto Components & Equipments
NSE:MMP-EQ,MMP Industries Limited,Metals & Mining,Non - Ferrous Metals,Aluminium
NSE:MMTC-EQ,MMTC Limited,Services,Commercial Services & Supplies,Trading & Distributors
NSE:MMWL-BE,Media Matrix Worldwide Limited,Media Entertainment & Publication,Entertainment,Film Production Distribution & Exhibition
NSE:MOBIKWIK-EQ,One Mobikwik Systems Limited,Financial Services,Financial Technology (Fintech),Financial Technology (Fintech)
NSE:MODINATUR-BE,Modi Naturals Limited,Fast Moving Consumer Goods,Agricultural Food & other Products,Other Agricultural Products
NSE:MODIRUBBER-EQ,Modi Rubber Limited,Automobile and Auto Components,Auto Components,Tyres & Rubber Products
NSE:MODIS-EQ,Modis Navnirman Limited,Realty,Realty,Residential Commercial Projects
NSE:MODISONLTD-BE,MODISON LIMITED,Capital Goods,Electrical Equipment,Other Electrical Equipment
NSE:MODTHREAD-EQ,Modern Threads (India) Limited,Textiles,Textiles & Apparels,Other Textile Products
NSE:MOHITIND-EQ,Mohit Industries Limited,Textiles,Textiles & Apparels,Other Textile Products
NSE:MOIL-EQ,MOIL Limited,Metals & Mining,Minerals & Mining,Industrial Minerals
NSE:MOKSH-EQ,Moksh Ornaments Limited,Consumer Durables,Consumer Durables,Gems Jewellery And Watches
NSE:MOL-EQ,Meghmani Organics Limited,Chemicals,Fertilizers & Agrochemicals,Pesticides & Agrochemicals
NSE:MOLDTECH-EQ,Mold-Tek Technologies Limited,Construction,Construction,Civil Construction
NSE:MOLDTKPAC-EQ,Mold-Tek Packaging Limited,Capital Goods,Industrial Products,Packaging
NSE:MONARCH-EQ,Monarch Networth Capital Limited,Financial Services,Capital Markets,Stockbroking & Allied
NSE:MONEYBOXX-EQ,Moneyboxx Finance Limited,Financial Services,Finance,Non Banking Financial Company (NBFC)
NSE:MONTECARLO-EQ,Monte Carlo Fashions Limited,Textiles,Textiles & Apparels,Garments & Apparels
NSE:MORARJEE-BZ,Morarjee Textiles Limited,Textiles,Textiles & Apparels,Other Textile Products
NSE:MOREPENLAB-EQ,Morepen Laboratories Limited,Healthcare,Pharmaceuticals & Biotechnology,Pharmaceuticals
NSE:MOSCHIP-EQ,Moschip Technologies Limited,Information Technology,IT - Hardware,Computers Hardware & Equipments
NSE:MOTHERSON-EQ,Samvardhana Motherson International Limited,Automobile and Auto Components,Auto Components,Auto Components & Equipments
NSE:MOTILALOFS-EQ,Motilal Oswal Financial Services Limited,Financial Services,Capital Markets,Stockbroking & Allied
NSE:MOTISONS-EQ,Motisons Jewellers Limited,Consumer Durables,Consumer Durables,Gems Jewellery And Watches
NSE:MOTOGENFIN-BE,The Motor & General Finance Limited,Services,Commercial Services & Supplies,Diversified Commercial Services
NSE:MPHASIS-EQ,MphasiS Limited,Information Technology,IT - Software,Computers - Software & Consulting
NSE:MPSLTD-EQ,MPS Limited,Consumer Services,Other Consumer Services,E-Learning
NSE:MRF-EQ,MRF Limited,Automobile and Auto Components,Auto Components,Tyres & Rubber Products
NSE:MRPL-EQ,Mangalore Refinery and Petrochemicals Limited,Oil Gas & Consumable Fuels,Petroleum Products,Refineries & Marketing
NSE:MSPL-EQ,MSP Steel & Power Limited,Capital Goods,Industrial Products,Iron & Steel Products
NSE:MSTCLTD-EQ,Mstc Limited,Services,Commercial Services & Supplies,Trading & Distributors
NSE:MSUMI-EQ,Motherson Sumi Wiring India Limited,Automobile and Auto Components,Auto Components,Auto Components & Equipments
NSE:MTARTECH-EQ,Mtar Technologies Limited,Capital Goods,Electrical Equipment,Other Electrical Equipment
NSE:MTEDUCARE-BE,MT Educare Limited,Consumer Services,Other Consumer Services,Education
NSE:MTNL-EQ,Mahanagar Telephone Nigam Limited,Telecommunication,Telecom - Services,Telecom - Cellular & Fixed line services
NSE:MUFIN-EQ,Mufin Green Finance Limited,Financial Services,Finance,Non Banking Financial Company (NBFC)
NSE:MUFTI-EQ,Credo Brands Marketing Limited,Consumer Services,Retailing,Speciality Retail
NSE:MUKANDLTD-EQ,Mukand Limited,Capital Goods,Industrial Products,Iron & Steel Products
NSE:MUKKA-EQ,Mukka Proteins Limited,Fast Moving Consumer Goods,Food Products,Animal Feed
NSE:MUKTAARTS-EQ,Mukta Arts Limited,Media Entertainment & Publication,Entertainment,Film Production Distribution & Exhibition
NSE:MUNJALAU-EQ,Munjal Auto Industries Limited,Automobile and Auto Components,Auto Components,Auto Components & Equipments
NSE:MUNJALSHOW-EQ,Munjal Showa Limited,Automobile and Auto Components,Auto Components,Auto Components & Equipments
NSE:MURUDCERA-EQ,Murudeshwar Ceramics Limited,Consumer Durables,Consumer Durables,Ceramics
NSE:MUTHOOTCAP-EQ,Muthoot Capital Services Limited,Financial Services,Finance,Non Banking Financial Company (NBFC)
NSE:MUTHOOTFIN-EQ,Muthoot Finance Limited,Financial Services,Finance,Non Banking Financial Company (NBFC)
NSE:MUTHOOTMF-EQ,Muthoot Microfin Limited,Financial Services,Finance,Microfinance Institutions
NSE:MVGJL-EQ,Manoj Vaibhav Gems N Jewellers Limited,Consumer Durables,Consumer Durables,Gems Jewellery And Watches
NSE:MWL-EQ,Mangalam Worldwide Limited,Capital Goods,Industrial Products,Iron & Steel Products
NSE:NACLIND-EQ,NACL Industries Limited,Chemicals,Fertilizers & Agrochemicals,Pesticides & Agrochemicals
NSE:NAGREEKCAP-BE,Nagreeka Capital & Infrastructure Limited,Financial Services,Finance,Investment Company
NSE:NAGREEKEXP-EQ,Nagreeka Exports Limited,Textiles,Textiles & Apparels,Other Textile Products
NSE:NAHARCAP-EQ,Nahar Capital and Financial Services Limited,Financial Services,Finance,Investment Company
NSE:NAHARINDUS-EQ,Nahar Industrial Enterprises Limited,Textiles,Textiles & Apparels,Other Textile Products
NSE:NAHARPOLY-EQ,Nahar Poly Films Limited,Capital Goods,Industrial Products,Packaging
NSE:NAHARSPING-BE,Nahar Spinning Mills Limited,Textiles,Textiles & Apparels,Other Textile Products
NSE:NAM-INDIA-EQ,Nippon Life India Asset Management Limited,Financial Services,Capital Markets,Asset Management Company
NSE:NARMADA-EQ,Narmada Agrobase Limited,Fast Moving Consumer Goods,Food Products,Animal Feed
NSE:NATCAPSUQ-EQ,Natural Capsules Limited,Healthcare,Pharmaceuticals & Biotechnology,Pharmaceuticals
NSE:NATCOPHARM-EQ,Natco Pharma Limited,Healthcare,Pharmaceuticals & Biotechnology,Pharmaceuticals
NSE:NATHBIOGEN-EQ,Nath Bio-Genes (India) Limited,Fast Moving Consumer Goods,Agricultural Food & other Products,Other Agricultural Products
NSE:NATIONALUM-EQ,National Aluminium Company Limited,Metals & Mining,Non - Ferrous Metals,Aluminium
NSE:NATIONSTD-EQ,National Standard (India) Limited,Realty,Realty,Residential Commercial Projects
NSE:NAUKRI-EQ,Info Edge (India) Limited,Consumer Services,Retailing,Internet & Catalogue Retail
NSE:NAVA-EQ,NAVA LIMITED,Power,Power,Power Generation
NSE:NAVINFLUOR-EQ,Navin Fluorine International Limited,Chemicals,Chemicals & Petrochemicals,Specialty Chemicals
NSE:NAVKARCORP-EQ,Navkar Corporation Limited,Services,Transport Services,Logistics Solution Provider
NSE:NAVKARURB-EQ,Navkar Urbanstructure Limited,Construction,Construction,Civil Construction
NSE:NAVNETEDUL-EQ,Navneet Education Limited,Fast Moving Consumer Goods,Household Products,Stationary
NSE:NAZARA-EQ,Nazara Technologies Limited,Media Entertainment & Publication,Entertainment,Digital Entertainment
NSE:NBCC-EQ,NBCC (India) Limited,Construction,Construction,Civil Construction
NSE:NBIFIN-EQ,N. B. I. Industrial Finance Company Limited,Financial Services,Finance,Non Banking Financial Company (NBFC)
NSE:NCC-EQ,NCC Limited,Construction,Construction,Civil Construction
NSE:NCLIND-EQ,NCL Industries Limited,Construction Materials,Cement & Cement Products,Cement & Cement Products
NSE:NDGL-EQ,Naga Dhunseri Group Limited,Financial Services,Finance,Investment Company
NSE:NDL-EQ,Nandan Denim Limited,Textiles,Textiles & Apparels,Other Textile Products
NSE:NDLVENTURE-EQ,NDL Ventures Limited,Financial Services,Finance,Other Financial Services
NSE:NDRAUTO-EQ,Ndr Auto Components Limited,Automobile and Auto Components,Auto Components,Auto Components & Equipments
NSE:NDTV-EQ,New Delhi Television Limited,Media Entertainment & Publication,Entertainment,TV Broadcasting & Software Production
NSE:NEAGI-EQ,Neelamalai Agro Industries Limited,Fast Moving Consumer Goods,Agricultural Food & other Products,Tea & Coffee
NSE:NECCLTD-EQ,North Eastern Carrying Corporation Limited,Services,Transport Services,Logistics Solution Provider
NSE:NECLIFE-BE,Nectar Lifesciences Limited,Healthcare,Pharmaceuticals & Biotechnology,Pharmaceuticals
NSE:NELCAST-EQ,Nelcast Limited,Capital Goods,Industrial Products,Castings & Forgings
NSE:NELCO-EQ,NELCO Limited,Information Technology,IT - Hardware,Computers Hardware & Equipments
NSE:NEOGEN-EQ,Neogen Chemicals Limited,Chemicals,Chemicals & Petrochemicals,Specialty Chemicals
NSE:NEPHROPLUS-EQ,Nephrocare Health Services Limited,Healthcare,Healthcare Services,Healthcare Service Provider
NSE:NESCO-EQ,Nesco Limited,Services,Commercial Services & Supplies,Diversified Commercial Services
NSE:NESTLEIND-EQ,Nestle India Limited,Fast Moving Consumer Goods,Food Products,Packaged Foods
NSE:NETWEB-EQ,Netweb Technologies India Limited,Information Technology,IT - Services,IT Enabled Services
NSE:NETWORK18-EQ,Network18 Media & Investments Limited,Media Entertainment & Publication,Entertainment,Media & Entertainment
NSE:NEUEON-BE,Neueon Corporation Limited,Capital Goods,Electrical Equipment,Heavy Electrical Equipment
NSE:NEULANDLAB-EQ,Neuland Laboratories Limited,Healthcare,Pharmaceuticals & Biotechnology,Pharmaceuticals
NSE:NEWGEN-EQ,Newgen Software Technologies Limited,Information Technology,IT - Software,Computers - Software & Consulting
NSE:NEXTMEDIA-EQ,Next Mediaworks Limited,Media Entertainment & Publication,Entertainment,Media & Entertainment
NSE:NFL-EQ,National Fertilizers Limited,Chemicals,Fertilizers & Agrochemicals,Fertilizers
NSE:NGIL-BE,Nakoda Group of Industries Limited,Fast Moving Consumer Goods,Food Products,Packaged Foods
NSE:NGLFINE-EQ,NGL Fine-Chem Limited,Healthcare,Pharmaceuticals & Biotechnology,Pharmaceuticals
NSE:NH-EQ,Narayana Hrudayalaya Ltd.,Healthcare,Healthcare Services,Hospital
NSE:NHPC-EQ,NHPC Limited,Power,Power,Power Generation
NSE:NIACL-EQ,The New India Assurance Company Limited,Financial Services,Insurance,General Insurance
NSE:NIBE-EQ,NIBE Limited,Capital Goods,Aerospace & Defense,Aerospace & Defense
NSE:NIBL-EQ,NRB Industrial Bearings Limited,Capital Goods,Industrial Products,Abrasives & Bearings
NSE:NIITLTD-EQ,NIIT Limited,Consumer Services,Other Consumer Services,Education
NSE:NIITMTS-EQ,NIIT Learning Systems Limited,Consumer Services,Other Consumer Services,Education
NSE:NILAINFRA-EQ,Nila Infrastructures Limited,Realty,Realty,Residential Commercial Projects
NSE:NILASPACES-EQ,Nila Spaces Limited,Realty,Realty,Residential Commercial Projects
NSE:NILE-EQ,Nile Limited,Metals & Mining,Minerals & Mining,Industrial Minerals
NSE:NILKAMAL-EQ,Nilkamal Limited,Consumer Durables,Consumer Durables,Plastic Products - Consumer
NSE:NIMBSPROJ-BE,Nimbus Projects Limited,Realty,Realty,Residential Commercial Projects
NSE:NINSYS-BE,NINtec Systems Limited,Information Technology,IT - Software,Computers - Software & Consulting
NSE:NIPPOBATRY-EQ,Indo-National Limited,Fast Moving Consumer Goods,Household Products,Household Products
NSE:NIRAJ-BE,Niraj Cement Structurals Limited,Construction,Construction,Civil Construction
NSE:NIRAJISPAT-EQ,Niraj Ispat Industries Limited,Consumer Durables,Consumer Durables,Plastic Products - Consumer
NSE:NIRLON-EQ,Nirlon Limited,Services,Commercial Services & Supplies,Diversified Commercial Services
NSE:NITCO-EQ,Nitco Limited,Consumer Durables,Consumer Durables,Ceramics
NSE:NITINSPIN-EQ,Nitin Spinners Limited,Textiles,Textiles & Apparels,Other Textile Products
NSE:NITIRAJ-EQ,Nitiraj Engineers Limited,Capital Goods,Electrical Equipment,Other Electrical Equipment
NSE:NITTAGELA-EQ,Nitta Gelatin India Limited,Chemicals,Chemicals & Petrochemicals,Specialty Chemicals
NSE:NIVABUPA-EQ,Niva Bupa Health Insurance Company Limited,Financial Services,Insurance,General Insurance
NSE:NKIND-EQ,NK Industries Limited,Fast Moving Consumer Goods,Agricultural Food & other Products,Edible Oil
NSE:NLCINDIA-EQ,NLC India Limited,Power,Power,Power Generation
NSE:NMDC-EQ,NMDC Limited,Metals & Mining,Minerals & Mining,Industrial Minerals
NSE:NOCIL-EQ,NOCIL Limited,Chemicals,Chemicals & Petrochemicals,Specialty Chemicals
NSE:NOIDATOLL-BE,Noida Toll Bridge Company Limited,Services,Transport Infrastructure,Road Assets - Toll Annuity Hybrid-Annuity
NSE:NORBTEAEXP-EQ,Norben Tea & Exports Limited,Fast Moving Consumer Goods,Agricultural Food & other Products,Tea & Coffee
NSE:NORTHARC-EQ,Northern Arc Capital Limited,Financial Services,Finance,Non Banking Financial Company (NBFC)
NSE:NOVAAGRI-EQ,Nova Agritech Limited,Chemicals,Fertilizers & Agrochemicals,Fertilizers
NSE:NOVARTIND-EQ,Novartis India Limited,Healthcare,Pharmaceuticals & Biotechnology,Pharmaceuticals
NSE:NPST-EQ,Network People Services Technologies Limited,Financial Services,Financial Technology (Fintech),Financial Technology (Fintech)
NSE:NRAIL-EQ,N R Agarwal Industries Limited,Forest Materials,Paper Forest & Jute Products,Paper & Paper Products
NSE:NRBBEARING-EQ,NRB Bearing Limited,Automobile and Auto Components,Auto Components,Auto Components & Equipments
NSE:NRL-EQ,Nupur Recyclers Limited,Metals & Mining,Metals & Minerals Trading,Trading - Metals
NSE:NSIL-EQ,Nalwa Sons Investments Limited,Financial Services,Finance,Investment Company
NSE:NSLNISP-EQ,NMDC Steel Limited,Metals & Mining,Ferrous Metals,Iron & Steel
NSE:NTPC-EQ,NTPC Limited,Power,Power,Power Generation
NSE:NTPCGREEN-EQ,NTPC Green Energy Limited,Power,Power,Power Generation
NSE:NUCLEUS-EQ,Nucleus Software Exports Limited,Information Technology,IT - Software,Software Products
NSE:NURECA-EQ,Nureca Limited,Healthcare,Healthcare Equipment & Supplies,Medical Equipment & Supplies
NSE:NUVAMA-EQ,Nuvama Wealth Management Limited,Financial Services,Capital Markets,Stockbroking & Allied
NSE:NUVOCO-EQ,Nuvoco Vistas Corporation Limited,Construction Materials,Cement & Cement Products,Cement & Cement Products
NSE:NYKAA-EQ,FSN E-Commerce Ventures Limited,Consumer Services,Retailing,E-Retail/ E-Commerce
NSE:OAL-EQ,Oriental Aromatics Limited,Chemicals,Chemicals & Petrochemicals,Specialty Chemicals
NSE:OBCL-EQ,Orissa Bengal Carrier Limited,Services,Transport Services,Logistics Solution Provider
NSE:OBEROIRLTY-EQ,Oberoi Realty Limited,Realty,Realty,Residential Commercial Projects
NSE:OCCLLTD-EQ,OCCL Limited,Chemicals,Chemicals & Petrochemicals,Commodity Chemicals
NSE:ODIGMA-EQ,Odigma Consultancy Solutions Limited,Information Technology,IT - Services,IT Enabled Services
NSE:OFSS-EQ,Oracle Financial Services Software Limited,Information Technology,IT - Software,Software Products
NSE:OIL-EQ,Oil India Limited,Oil Gas & Consumable Fuels,Oil,Oil Exploration & Production
NSE:OILCOUNTUB-BE,Oil Country Tubular Limited,Oil Gas & Consumable Fuels,Oil,Oil Equipment & Services
NSE:OLAELEC-EQ,Ola Electric Mobility Limited,Automobile and Auto Components,Automobiles,2/3 Wheelers
NSE:OLECTRA-EQ,Olectra Greentech Limited,Automobile and Auto Components,Automobiles,Passenger Cars & Utility Vehicles
NSE:OMAXAUTO-BE,Omax Autos Limited,Automobile and Auto Components,Auto Components,Auto Components & Equipments
NSE:OMAXE-EQ,Omaxe Limited,Realty,Realty,Residential Commercial Projects
NSE:OMFREIGHT-EQ,Om Freight Forwarders Limited,Services,Transport Services,Logistics Solution Provider
NSE:OMINFRAL-EQ,OM INFRA LIMITED,Construction,Construction,Civil Construction
NSE:OMNI-EQ,Omnitech Engineering Limited,Capital Goods,Industrial Manufacturing,Industrial Products
NSE:OMPOWER-EQ,Om Power Transmission Limited,Construction,Construction,Civil Construction
NSE:ONELIFECAP-BE,Onelife Capital Advisors Limited,Financial Services,Capital Markets,Stockbroking & Allied
NSE:ONEPOINT-EQ,One Point One Solutions Limited,Services,Commercial Services & Supplies,Business Process Outsourcing (BPO)/ Knowledge Process Outsourcing (KPO)
NSE:ONESOURCE-EQ,Onesource Specialty Pharma Limited,Healthcare,Pharmaceuticals & Biotechnology,Pharmaceuticals
NSE:ONGC-EQ,Oil & Natural Gas Corporation Limited,Oil Gas & Consumable Fuels,Oil,Oil Exploration & Production
NSE:ONMOBILE-EQ,OnMobile Global Limited,Media Entertainment & Publication,Media,Web based media and service
NSE:ONWARDTEC-EQ,Onward Technologies Limited,Information Technology,IT - Services,IT Enabled Services
NSE:OPTIEMUS-EQ,Optiemus Infracom Limited,Telecommunication,Telecom - Equipment & Accessories,Telecom - Equipment & Accessories
NSE:ORBTEXP-EQ,Orbit Exports Limited,Textiles,Textiles & Apparels,Other Textile Products
NSE:ORCHASP-EQ,Orchasp Limited,Information Technology,IT - Software,Computers - Software & Consulting
NSE:ORCHPHARMA-EQ,Orchid Pharma Limited,Healthcare,Pharmaceuticals & Biotechnology,Pharmaceuticals
NSE:ORICONENT-EQ,Oricon Enterprises Limited,Capital Goods,Industrial Products,Packaging
NSE:ORIENTALTL-EQ,Oriental Trimex Limited,Consumer Durables,Consumer Durables,Granites & Marbles
NSE:ORIENTBELL-EQ,Orient Bell Limited,Consumer Durables,Consumer Durables,Ceramics
NSE:ORIENTCEM-EQ,Orient Cement Limited,Construction Materials,Cement & Cement Products,Cement & Cement Products
NSE:ORIENTCER-EQ,ORIENT CERATECH LIMITED,Capital Goods,Industrial Products,Electrodes & Refractories
NSE:ORIENTELEC-EQ,Orient Electric Limited,Consumer Durables,Consumer Durables,Household Appliances
NSE:ORIENTHOT-EQ,Oriental Hotels Limited,Consumer Services,Leisure Services,Hotels & Resorts
NSE:ORIENTLTD-EQ,Orient Press Limited,Capital Goods,Industrial Products,Packaging
NSE:ORIENTPPR-EQ,Orient Paper & Industries Limited,Forest Materials,Paper Forest & Jute Products,Paper & Paper Products
NSE:ORIENTTECH-EQ,Orient Technologies Limited,Information Technology,IT - Services,IT Enabled Services
NSE:ORISSAMINE-EQ,The Orissa Minerals Development Company Limited,Metals & Mining,Minerals & Mining,Industrial Minerals
NSE:ORKLAINDIA-EQ,Orkla India Limited,Fast Moving Consumer Goods,Food Products,Other Food Products
NSE:ORTEL-BZ,Ortel Communications Limited,Media Entertainment & Publication,Entertainment,TV Broadcasting & Software Production
NSE:ORTINGLOBE-EQ,ORTIN GLOBAL LIMITED,Healthcare,Pharmaceuticals & Biotechnology,Pharmaceuticals
NSE:OSIAHYPER-BE,Osia Hyper Retail Limited,Consumer Services,Retailing,Diversified Retail
NSE:OSWALAGRO-BE,Oswal Agro Mills Limited,Services,Commercial Services & Supplies,Trading & Distributors
NSE:OSWALGREEN-EQ,Oswal Greentech Limited,Financial Services,Finance,Investment Company
NSE:OSWALPUMPS-EQ,Oswal Pumps Limited,Capital Goods,Industrial Products,Compressors Pumps & Diesel Engines
NSE:OSWALSEEDS-EQ,ShreeOswal Seeds And Chemicals Limited,Fast Moving Consumer Goods,Agricultural Food & other Products,Other Agricultural Products
NSE:PACEDIGITK-EQ,Pace Digitek Limited,Telecommunication,Telecom - Services,Telecom - Infrastructure
NSE:PAGEIND-EQ,Page Industries Limited,Textiles,Textiles & Apparels,Garments & Apparels
NSE:PAISALO-EQ,Paisalo Digital Limited,Financial Services,Finance,Non Banking Financial Company (NBFC)
NSE:PAKKA-EQ,PAKKA LIMITED,Forest Materials,Paper Forest & Jute Products,Paper & Paper Products
NSE:PALASHSECU-EQ,Palash Securities Limited,Fast Moving Consumer Goods,Food Products,Packaged Foods
NSE:PALREDTEC-BE,Palred Technologies Limited,Services,Commercial Services & Supplies,Trading & Distributors
NSE:PANACEABIO-EQ,Panacea Biotec Limited,Healthcare,Pharmaceuticals & Biotechnology,Pharmaceuticals
NSE:PANACHE-EQ,Panache Digilife Limited,Information Technology,IT - Services,IT Enabled Services
NSE:PANAMAPET-EQ,Panama Petrochem Limited,Oil Gas & Consumable Fuels,Petroleum Products,Lubricants
NSE:PANSARI-EQ,Pansari Developers Limited,Realty,Realty,Residential Commercial Projects
NSE:PAR-EQ,Par Drugs And Chemicals Limited,Healthcare,Pharmaceuticals & Biotechnology,Pharmaceuticals
NSE:PARACABLES-EQ,Paramount Communications Limited,Capital Goods,Industrial Products,Cables - Electricals
NSE:PARADEEP-EQ,Paradeep Phosphates Limited,Chemicals,Fertilizers & Agrochemicals,Fertilizers
NSE:PARAGMILK-EQ,Parag Milk Foods Limited,Fast Moving Consumer Goods,Food Products,Dairy Products
NSE:PARAS-EQ,Paras Defence and Space Technologies Limited,Capital Goods,Aerospace & Defense,Aerospace & Defense
NSE:PARASPETRO-EQ,Paras Petrofils Limited,Financial Services,Finance,Investment Company
NSE:PARKHOSPS-EQ,Park Medi World Limited,Healthcare,Healthcare Services,Hospital
NSE:PARKHOTELS-EQ,Apeejay Surrendra Park Hotels Limited,Consumer Services,Leisure Services,Hotels & Resorts
NSE:PARSVNATH-BE,Parsvnath Developers Limited,Realty,Realty,Residential Commercial Projects
NSE:PASHUPATI-EQ,Pashupati Cotspin Limited,Textiles,Textiles & Apparels,Other Textile Products
NSE:PASUPTAC-EQ,Pasupati Acrylon Limited,Chemicals,Chemicals & Petrochemicals,Petrochemicals
NSE:PATANJALI-EQ,Patanjali Foods Limited,Fast Moving Consumer Goods,Agricultural Food & other Products,Edible Oil
NSE:PATELENG-EQ,Patel Engineering Limited,Construction,Construction,Civil Construction
NSE:PATELRMART-EQ,Patel Retail Limited,Consumer Services,Retailing,Diversified Retail
NSE:PATINTLOG-EQ,Patel Integrated Logistics Limited,Services,Transport Services,Logistics Solution Provider
NSE:PAUSHAKLTD-EQ,Paushak Limited,Chemicals,Chemicals & Petrochemicals,Specialty Chemicals
NSE:PAVNAIND-BE,Pavna Industries Limited,Automobile and Auto Components,Auto Components,Auto Components & Equipments
NSE:PAYTM-EQ,One 97 Communications Limited,Financial Services,Financial Technology (Fintech),Financial Technology (Fintech)
NSE:PCBL-EQ,PCBL Chemical Limited,Chemicals,Chemicals & Petrochemicals,Carbon Black
NSE:PCJEWELLER-EQ,PC Jeweller Limited,Consumer Durables,Consumer Durables,Gems Jewellery And Watches
NSE:PDMJEPAPER-EQ,Pudumjee Paper Products Limited,Forest Materials,Paper Forest & Jute Products,Paper & Paper Products
NSE:PDSL-EQ,PDS Limited,Textiles,Textiles & Apparels,Trading - Textile Products
NSE:PEARLPOLY-BE,Pearl Polymers Limited,Consumer Durables,Consumer Durables,Plastic Products - Consumer
NSE:PENIND-EQ,Pennar Industries Limited,Capital Goods,Industrial Manufacturing,Industrial Products
NSE:PENINLAND-BE,Peninsula Land Limited,Realty,Realty,Residential Commercial Projects
NSE:PERSISTENT-EQ,Persistent Systems Limited,Information Technology,IT - Software,Computers - Software & Consulting
NSE:PETRONET-EQ,Petronet LNG Limited,Oil Gas & Consumable Fuels,Gas,LPG/CNG/PNG/LNG Supplier
NSE:PFC-EQ,Power Finance Corporation Limited,Financial Services,Finance,Financial Institution
NSE:PFIZER-EQ,Pfizer Limited,Healthcare,Pharmaceuticals & Biotechnology,Pharmaceuticals
NSE:PFOCUS-BE,Prime Focus Limited,Media Entertainment & Publication,Entertainment,Media & Entertainment
NSE:PFS-EQ,PTC India Financial Services Limited,Financial Services,Finance,Non Banking Financial Company (NBFC)
NSE:PGEL-EQ,PG Electroplast Limited,Consumer Durables,Consumer Durables,Consumer Electronics
NSE:PGHH-EQ,Procter & Gamble Hygiene and Health Care Limited,Fast Moving Consumer Goods,Personal Products,Personal Care
NSE:PGHL-EQ,Procter & Gamble Health Limited,Healthcare,Pharmaceuticals & Biotechnology,Pharmaceuticals
NSE:PGIL-EQ,Pearl Global Industries Limited,Textiles,Textiles & Apparels,Garments & Apparels
NSE:PHOENIXLTD-EQ,The Phoenix Mills Limited,Realty,Realty,Residential Commercial Projects
NSE:PICCADIL-EQ,Piccadily Agro Industries Limited,Fast Moving Consumer Goods,Beverages,Breweries & Distilleries
NSE:PIDILITIND-EQ,Pidilite Industries Limited,Chemicals,Chemicals & Petrochemicals,Specialty Chemicals
NSE:PIGL-EQ,Power & Instrumentation (Gujarat) Limited,Capital Goods,Electrical Equipment,Other Electrical Equipment
NSE:PIIND-EQ,PI Industries Limited,Chemicals,Fertilizers & Agrochemicals,Pesticides & Agrochemicals
NSE:PILANIINVS-EQ,Pilani Investment and Industries Corporation Limited,Financial Services,Finance,Investment Company
NSE:PILITA-BE,PIL ITALICA LIFESTYLE LIMITED,Consumer Durables,Consumer Durables,Plastic Products - Consumer
NSE:PINELABS-EQ,Pine Labs Limited,Financial Services,Financial Technology (Fintech),Financial Technology (Fintech)
NSE:PIONEEREMB-EQ,Pioneer Embroideries Limited,Textiles,Textiles & Apparels,Other Textile Products
NSE:PIONRINV-EQ,Pioneer Investcorp Limited,Financial Services,Finance,Other Financial Services
NSE:PIRAMALFIN-EQ,Piramal Finance Limited,Financial Services,Finance,Non Banking Financial Company (NBFC)
NSE:PITTIENG-EQ,Pitti Engineering Limited,Capital Goods,Industrial Manufacturing,Industrial Products
NSE:PIXTRANS-EQ,Pix Transmissions Limited,Capital Goods,Industrial Products,Rubber
NSE:PKTEA-EQ,The Peria Karamalai Tea & Produce Company Limited,Fast Moving Consumer Goods,Agricultural Food & other Products,Tea & Coffee
NSE:PLASTIBLEN-EQ,Plastiblends India Limited,Chemicals,Chemicals & Petrochemicals,Specialty Chemicals
NSE:PLATIND-EQ,Platinum Industries Limited,Chemicals,Chemicals & Petrochemicals,Specialty Chemicals
NSE:PLAZACABLE-BE,Plaza Wires Limited,Capital Goods,Industrial Products,Cables - Electricals
NSE:PML-EQ,Paul Merchants Limited,Financial Services,Finance,Other Financial Services
NSE:PNB-EQ,Punjab National Bank,Financial Services,Banks,Public Sector Bank
NSE:PNBGILTS-EQ,PNB Gilts Limited,Financial Services,Finance,Investment Company
NSE:PNBHOUSING-EQ,PNB Housing Finance Limited,Financial Services,Finance,Housing Finance Company
NSE:PNC-EQ,Pritish Nandy Communications Limited,Media Entertainment & Publication,Entertainment,Film Production Distribution & Exhibition
NSE:PNCINFRA-EQ,PNC Infratech Limited,Construction,Construction,Civil Construction
NSE:PNGJL-EQ,P N Gadgil Jewellers Limited,Consumer Durables,Consumer Durables,Gems Jewellery And Watches
NSE:PNGSREVA-EQ,PNGS Reva Diamond Jewellery Limited,Consumer Durables,Consumer Durables,Gems Jewellery And Watches
NSE:POCL-EQ,Pondy Oxides & Chemicals Limited,Metals & Mining,Diversified Metals,Diversified Metals
NSE:PODDARMENT-EQ,Poddar Pigments Limited,Chemicals,Chemicals & Petrochemicals,Dyes And Pigments
NSE:POKARNA-EQ,Pokarna Limited,Consumer Durables,Consumer Durables,Granites & Marbles
NSE:POLICYBZR-EQ,PB Fintech Limited,Financial Services,Financial Technology (Fintech),Financial Technology (Fintech)
NSE:POLYCAB-EQ,Polycab India Limited,Capital Goods,Industrial Products,Cables - Electricals
NSE:POLYMED-EQ,Poly Medicure Limited,Healthcare,Healthcare Equipment & Supplies,Medical Equipment & Supplies
NSE:POLYPLEX-EQ,Polyplex Corporation Limited,Capital Goods,Industrial Products,Packaging
NSE:PONNIERODE-EQ,Ponni Sugars (Erode) Limited,Fast Moving Consumer Goods,Agricultural Food & other Products,Sugar
NSE:POONAWALLA-EQ,Poonawalla Fincorp Limited,Financial Services,Finance,Non Banking Financial Company (NBFC)
NSE:POWERGRID-EQ,Power Grid Corporation of India Limited,Power,Power,Power - Transmission
NSE:POWERICA-EQ,Powerica Limited,Capital Goods,Electrical Equipment,Heavy Electrical Equipment
NSE:POWERINDIA-EQ,Hitachi Energy India Limited,Capital Goods,Electrical Equipment,Heavy Electrical Equipment
NSE:POWERMECH-EQ,Power Mech Projects Limited,Construction,Construction,Civil Construction
NSE:PPAP-EQ,PPAP Automotive Limited,Automobile and Auto Components,Auto Components,Auto Components & Equipments
NSE:PPL-EQ,Prakash Pipes Limited,Capital Goods,Industrial Products,Plastic Products - Industrial
NSE:PPLPHARMA-EQ,Piramal Pharma Limited,Healthcare,Pharmaceuticals & Biotechnology,Pharmaceuticals
NSE:PRABHA-EQ,Prabha Energy Limited,Oil Gas & Consumable Fuels,Oil,Oil Exploration & Production
NSE:PRADPME-EQ,Pradeep Metals Limited,Automobile and Auto Components,Auto Components,Auto Components & Equipments
NSE:PRAENG-EQ,Prajay Engineers Syndicate Limited,Realty,Realty,Residential Commercial Projects
NSE:PRAJIND-EQ,Praj Industries Limited,Capital Goods,Industrial Manufacturing,Industrial Products
NSE:PRAKASH-EQ,Prakash Industries Limited,Metals & Mining,Ferrous Metals,Iron & Steel
NSE:PRAKASHSTL-EQ,Prakash Steelage Limited,Capital Goods,Industrial Products,Iron & Steel Products
NSE:PRAVEG-EQ,Praveg Limited,Consumer Services,Leisure Services,Hotels & Resorts
NSE:PRAXIS-BE,Praxis Home Retail Limited,Consumer Services,Retailing,Speciality Retail
NSE:PRECAM-EQ,Precision Camshafts Limited,Automobile and Auto Components,Auto Components,Auto Components & Equipments
NSE:PRECOT-EQ,Precot Limited,Textiles,Textiles & Apparels,Other Textile Products
NSE:PRECWIRE-EQ,Precision Wires India Limited,Capital Goods,Industrial Products,Aluminium Copper & Zinc Products
NSE:PREMCO-EQ,Premco Global Limited,Textiles,Textiles & Apparels,Other Textile Products
NSE:PREMEXPLN-EQ,Premier Explosives Limited,Chemicals,Chemicals & Petrochemicals,Explosives
NSE:PREMIER-BE,Premier Limited,Capital Goods,Industrial Manufacturing,Industrial Products
NSE:PREMIERENE-EQ,Premier Energies Limited,Capital Goods,Electrical Equipment,Other Electrical Equipment
NSE:PREMIERPOL-BE,Premier Polyfilm Limited,Capital Goods,Industrial Products,Plastic Products - Industrial
NSE:PRESTIGE-EQ,Prestige Estates Projects Limited,Realty,Realty,Residential Commercial Projects
NSE:PRICOLLTD-EQ,Pricol Limited,Automobile and Auto Components,Auto Components,Auto Components & Equipments
NSE:PRIMESECU-EQ,Prime Securities Limited,Financial Services,Finance,Other Financial Services
NSE:PRIMO-EQ,Primo Chemicals Limited,Chemicals,Chemicals & Petrochemicals,Commodity Chemicals
NSE:PRINCEPIPE-EQ,Prince Pipes And Fittings Limited,Capital Goods,Industrial Products,Plastic Products - Industrial
NSE:PRITI-EQ,Priti International Limited,Consumer Durables,Consumer Durables,Furniture Home Furnishing
NSE:PRITIKAUTO-EQ,Pritika Auto Industries Limited,Automobile and Auto Components,Auto Components,Auto Components & Equipments
NSE:PRIVISCL-EQ,Privi Speciality Chemicals Limited,Chemicals,Chemicals & Petrochemicals,Specialty Chemicals
NSE:PROSTARM-EQ,Prostarm Info Systems Limited,Capital Goods,Electrical Equipment,Other Electrical Equipment
NSE:PROTEAN-EQ,Protean eGov Technologies Limited,Information Technology,IT - Services,IT Enabled Services
NSE:PROZONER-EQ,Prozone Realty Limited,Realty,Realty,Real Estate related services
NSE:PRSMJOHNSN-EQ,Prism Johnson Limited,Construction Materials,Cement & Cement Products,Cement & Cement Products
NSE:PRUDENT-EQ,Prudent Corporate Advisory Services Limited,Financial Services,Capital Markets,Financial Products Distributor
NSE:PRUDMOULI-EQ,Prudential Sugar Corporation Limited,Fast Moving Consumer Goods,Agricultural Food & other Products,Sugar
NSE:PSB-EQ,Punjab & Sind Bank,Financial Services,Banks,Public Sector Bank
NSE:PSPPROJECT-EQ,PSP Projects Limited,Construction,Construction,Civil Construction
NSE:PTC-EQ,PTC India Limited,Power,Power,Power Trading
NSE:PTCIL-EQ,PTC Industries Limited,Capital Goods,Industrial Products,Other Industrial Products
NSE:PTL-EQ,PTL Enterprises Limited,Services,Commercial Services & Supplies,Diversified Commercial Services
NSE:PUNJABCHEM-EQ,Punjab Chemicals & Crop Protection Limited,Chemicals,Fertilizers & Agrochemicals,Pesticides & Agrochemicals
NSE:PURVA-EQ,Puravankara Limited,Realty,Realty,Residential Commercial Projects
NSE:PVP-EQ,PVP Ventures Limited,Realty,Realty,Residential Commercial Projects
NSE:PVRINOX-EQ,PVR INOX Limited,Media Entertainment & Publication,Entertainment,Film Production Distribution & Exhibition
NSE:PVSL-EQ,Popular Vehicles and Services Limited,Automobile and Auto Components,Automobiles,Auto Dealer
NSE:PWL-EQ,Physicswallah Limited,Consumer Services,Other Consumer Services,E-Learning
NSE:PYRAMID-EQ,Pyramid Technoplast Limited,Capital Goods,Industrial Products,Packaging
NSE:QPOWER-BE,Quality Power Electrical Equipments Limited,Capital Goods,Electrical Equipment,Heavy Electrical Equipment
NSE:QUADFUTURE-EQ,Quadrant Future Tek Limited,Capital Goods,Industrial Products,Cables - Electricals
NSE:QUESS-EQ,Quess Corp Limited,Services,Commercial Services & Supplies,Diversified Commercial Services
NSE:QUICKHEAL-BE,Quick Heal Technologies Limited,Information Technology,IT - Software,Software Products
NSE:QUINT-EQ,Quint Digital Limited,Media Entertainment & Publication,Media,Electronic Media
NSE:QUINTEGRA-BE,Quintegra Solutions Limited,Information Technology,IT - Software,Computers - Software & Consulting
NSE:RACE-BE,Race Eco Chain Limited,Utilities,Other Utilities,Waste Management
NSE:RACLGEAR-EQ,RACL Geartech Limited,Automobile and Auto Components,Auto Components,Auto Components & Equipments
NSE:RADAAN-EQ,Radaan Mediaworks India Limited,Media Entertainment & Publication,Entertainment,Media & Entertainment
NSE:RADHIKAJWE-EQ,Radhika Jeweltech Limited,Consumer Durables,Consumer Durables,Gems Jewellery And Watches
NSE:RADIANTCMS-EQ,Radiant Cash Management Services Limited,Services,Commercial Services & Supplies,Diversified Commercial Services
NSE:RADICO-EQ,Radico Khaitan Limited,Fast Moving Consumer Goods,Beverages,Breweries & Distilleries
NSE:RADIOCITY-EQ,Music Broadcast Limited,Media Entertainment & Publication,Entertainment,Media & Entertainment
NSE:RAILTEL-EQ,Railtel Corporation Of India Limited,Telecommunication,Telecom - Services,Other Telecom Services
NSE:RAIN-EQ,Rain Industries Limited,Chemicals,Chemicals & Petrochemicals,Petrochemicals
NSE:RAINBOW-EQ,Rainbow Childrens Medicare Limited,Healthcare,Healthcare Services,Hospital
NSE:RAJESHEXPO-BZ,Rajesh Exports Limited,Consumer Durables,Consumer Durables,Gems Jewellery And Watches
NSE:RAJMET-EQ,Rajnandini Metal Limited,Capital Goods,Industrial Products,Aluminium Copper & Zinc Products
NSE:RAJOOENG-EQ,Rajoo Engineers Limited,Capital Goods,Industrial Manufacturing,Industrial Products
NSE:RAJPALAYAM-EQ,Rajapalayam Mills Limited,Textiles,Textiles & Apparels,Other Textile Products
NSE:RAJRATAN-EQ,Rajratan Global Wire Limited,Automobile and Auto Components,Auto Components,Auto Components & Equipments
NSE:RAJRILTD-BE,Raj Rayon Industries Limited,Textiles,Textiles & Apparels,Other Textile Products
NSE:RAJSREESUG-EQ,Rajshree Sugars & Chemicals Limited,Fast Moving Consumer Goods,Agricultural Food & other Products,Sugar
NSE:RAJTV-EQ,Raj Television Network Limited,Media Entertainment & Publication,Entertainment,TV Broadcasting & Software Production
NSE:RAJVIR-BZ,Rajvir Industries Limited,Textiles,Textiles & Apparels,Other Textile Products
NSE:RALLIS-EQ,Rallis India Limited,Chemicals,Fertilizers & Agrochemicals,Pesticides & Agrochemicals
NSE:RAMANEWS-EQ,Shree Rama Newsprint Limited,Fast Moving Consumer Goods,Beverages,Other Beverages
NSE:RAMAPHO-EQ,Rama Phosphates Limited,Chemicals,Fertilizers & Agrochemicals,Fertilizers
NSE:RAMASTEEL-EQ,Rama Steel Tubes Limited,Capital Goods,Industrial Products,Iron & Steel Products
NSE:RAMCOCEM-EQ,The Ramco Cements Limited,Construction Materials,Cement & Cement Products,Cement & Cement Products
NSE:RAMCOIND-EQ,Ramco Industries Limited,Construction Materials,Other Construction Materials,Other Construction Materials
NSE:RAMCOSYS-EQ,Ramco Systems Limited,Information Technology,IT - Software,Software Products
NSE:RAMKY-EQ,Ramky Infrastructure Limited,Construction,Construction,Civil Construction
NSE:RAMRAT-EQ,Ram Ratna Wires Limited,Capital Goods,Electrical Equipment,Other Electrical Equipment
NSE:RANASUG-EQ,Rana Sugars Limited,Fast Moving Consumer Goods,Diversified FMCG,Diversified FMCG
NSE:RANEHOLDIN-EQ,Rane Holdings Limited,Financial Services,Finance,Holding Company
NSE:RATEGAIN-EQ,Rategain Travel Technologies Limited,Information Technology,IT - Software,Computers - Software & Consulting
NSE:RATNAMANI-EQ,Ratnamani Metals & Tubes Limited,Capital Goods,Industrial Products,Iron & Steel Products
NSE:RATNAVEER-EQ,Ratnaveer Precision Engineering Limited,Capital Goods,Industrial Products,Iron & Steel Products
NSE:RAYMOND-EQ,Raymond Limited,Capital Goods,Industrial Manufacturing,Industrial Products
NSE:RAYMONDLSL-EQ,Raymond Lifestyle Limited,Textiles,Textiles & Apparels,Other Textile Products
NSE:RAYMONDREL-EQ,Raymond Realty Limited,Realty,Realty,Residential Commercial Projects
NSE:RBA-EQ,Restaurant Brands Asia Limited,Consumer Services,Leisure Services,Restaurants
NSE:RBLBANK-EQ,RBL Bank Limited,Financial Services,Banks,Private Sector Bank
NSE:RBZJEWEL-EQ,RBZ Jewellers Limited,Consumer Durables,Consumer Durables,Gems Jewellery And Watches
NSE:RCF-EQ,Rashtriya Chemicals and Fertilizers Limited,Chemicals,Fertilizers & Agrochemicals,Fertilizers
NSE:RCOM-BE,Reliance Communications Limited,Telecommunication,Telecom - Services,Telecom - Cellular & Fixed line services
NSE:RECLTD-EQ,REC Limited,Financial Services,Finance,Financial Institution
NSE:REDINGTON-EQ,Redington Limited,Services,Commercial Services & Supplies,Trading & Distributors
NSE:REDTAPE-EQ,Redtape Limited,Consumer Durables,Consumer Durables,Footwear
NSE:REFEX-EQ,Refex Industries Limited,Chemicals,Chemicals & Petrochemicals,Industrial Gases
NSE:REGAAL-BE,Regaal Resources Limited,Fast Moving Consumer Goods,Agricultural Food & other Products,Other Agricultural Products
NSE:REGENCERAM-EQ,Regency Ceramics Limited,Consumer Durables,Consumer Durables,Ceramics
NSE:RELAXO-EQ,Relaxo Footwears Limited,Consumer Durables,Consumer Durables,Footwear
NSE:RELCHEMQ-EQ,Reliance Chemotex Industries Limited,Textiles,Textiles & Apparels,Other Textile Products
NSE:RELIABLE-EQ,Reliable Data Services Limited,Financial Services,Finance,Other Financial Services
NSE:RELIANCE-EQ,Reliance Industries Limited,Oil Gas & Consumable Fuels,Petroleum Products,Refineries & Marketing
NSE:RELIGARE-EQ,Religare Enterprises Limited,Financial Services,Finance,Investment Company
NSE:RELINFRA-BE,Reliance Infrastructure Limited,Power,Power,Integrated Power Utilities
NSE:RELTD-EQ,Ravindra Energy Limited,Capital Goods,Electrical Equipment,Other Electrical Equipment
NSE:REMSONSIND-EQ,Remsons Industries Limited,Automobile and Auto Components,Auto Components,Auto Components & Equipments
NSE:RENUKA-EQ,Shree Renuka Sugars Limited,Fast Moving Consumer Goods,Agricultural Food & other Products,Sugar
NSE:REPCOHOME-EQ,Repco Home Finance Limited,Financial Services,Finance,Housing Finance Company
NSE:REPL-EQ,Rudrabhishek Enterprises Limited,Realty,Realty,Real Estate related services
NSE:REPRO-EQ,Repro India Limited,Media Entertainment & Publication,Printing & Publication,Printing & Publication
NSE:RESPONIND-EQ,Responsive Industries Limited,Consumer Durables,Consumer Durables,Furniture Home Furnishing
NSE:RETAIL-EQ,JHS Svendgaard Retail Ventures Limited,Consumer Services,Retailing,Diversified Retail
NSE:RGL-EQ,Renaissance Global Limited,Consumer Durables,Consumer Durables,Gems Jewellery And Watches
NSE:RHETAN-EQ,Rhetan TMT Limited,Capital Goods,Industrial Products,Iron & Steel Products
NSE:RHFL-BZ,Reliance Home Finance Limited,Financial Services,Finance,Housing Finance Company
NSE:RHIM-EQ,RHI MAGNESITA INDIA LIMITED,Capital Goods,Industrial Products,Electrodes & Refractories
NSE:RHL-EQ,Robust Hotels Limited,Consumer Services,Leisure Services,Hotels & Resorts
NSE:RICOAUTO-EQ,Rico Auto Industries Limited,Automobile and Auto Components,Auto Components,Auto Components & Equipments
NSE:RIIL-EQ,Reliance Industrial Infrastructure Limited,Services,Transport Services,Logistics Solution Provider
NSE:RISHABH-EQ,Rishabh Instruments Limited,Capital Goods,Electrical Equipment,Other Electrical Equipment
NSE:RITCO-EQ,Ritco Logistics Limited,Services,Transport Services,Logistics Solution Provider
NSE:RITES-EQ,RITES Limited,Construction,Construction,Civil Construction
NSE:RKDL-EQ,Ravi Kumar Distilleries Limited,Fast Moving Consumer Goods,Beverages,Breweries & Distilleries
NSE:RKEC-EQ,RKEC Projects Limited,Construction,Construction,Civil Construction
NSE:RKFORGE-EQ,Ramkrishna Forgings Limited,Automobile and Auto Components,Auto Components,Auto Components & Equipments
NSE:RKSWAMY-EQ,R K Swamy Limited,Media Entertainment & Publication,Media,Advertising & Media Agencies
NSE:RMC-BE,RMC Switchgears Limited,Capital Goods,Electrical Equipment,Other Electrical Equipment
NSE:RMDRIP-EQ,R M Drip and Sprinklers Systems Limited,Capital Goods,Industrial Products,Plastic Products - Industrial
NSE:RML-EQ,Rane (Madras) Limited,Automobile and Auto Components,Auto Components,Auto Components & Equipments
NSE:RNBDENIMS-EQ,R&B Denims Limited,Textiles,Textiles & Apparels,Other Textile Products
NSE:ROHLTD-EQ,Royal Orchid Hotels Limited,Consumer Services,Leisure Services,Hotels & Resorts
NSE:ROLEXRINGS-EQ,Rolex Rings Limited,Automobile and Auto Components,Auto Components,Auto Components & Equipments
NSE:ROLLT-BE,Rollatainers Limited,Capital Goods,Industrial Products,Packaging
NSE:ROML-EQ,Raj Oil Mills Limited,Fast Moving Consumer Goods,Agricultural Food & other Products,Edible Oil
NSE:ROSSARI-EQ,Rossari Biotech Limited,Chemicals,Chemicals & Petrochemicals,Specialty Chemicals
NSE:ROSSELLIND-EQ,Rossell India Limited,Fast Moving Consumer Goods,Agricultural Food & other Products,Tea & Coffee
NSE:ROSSTECH-EQ,Rossell Techsys Limited,Capital Goods,Aerospace & Defense,Aerospace & Defense
NSE:ROTO-EQ,Roto Pumps Limited,Capital Goods,Industrial Products,Compressors Pumps & Diesel Engines
NSE:ROUTE-EQ,ROUTE MOBILE LIMITED,Telecommunication,Telecom - Services,Other Telecom Services
NSE:RPEL-EQ,Raghav Productivity Enhancers Limited,Capital Goods,Industrial Products,Electrodes & Refractories
NSE:RPGLIFE-EQ,RPG Life Sciences Limited,Healthcare,Pharmaceuticals & Biotechnology,Pharmaceuticals
NSE:RPOWER-EQ,Reliance Power Limited,Power,Power,Power Generation
NSE:RPPINFRA-EQ,R.P.P. Infra Projects Limited,Construction,Construction,Civil Construction
NSE:RPPL-EQ,Rajshree Polypack Limited,Capital Goods,Industrial Products,Packaging
NSE:RPSGVENT-EQ,RPSG VENTURES LIMITED,Services,Commercial Services & Supplies,Business Process Outsourcing (BPO)/ Knowledge Process Outsourcing (KPO)
NSE:RPTECH-EQ,Rashi Peripherals Limited,Information Technology,IT - Hardware,Computers Hardware & Equipments
NSE:RRIL-EQ,RRIL Limited,Textiles,Textiles & Apparels,Other Textile Products
NSE:RRKABEL-EQ,R R Kabel Limited,Capital Goods,Industrial Products,Cables - Electricals
NSE:RSDFIN-EQ,RSD Finance Limited,Financial Services,Finance,Non Banking Financial Company (NBFC)
NSE:RSL-EQ,Rajputana Stainless Limited,Capital Goods,Industrial Products,Iron & Steel Products
NSE:RSSOFTWARE-BE,R. S. Software (India) Limited,Information Technology,IT - Software,Computers - Software & Consulting
NSE:RSWM-EQ,RSWM Limited,Textiles,Textiles & Apparels,Other Textile Products
NSE:RSYSTEMS-EQ,R Systems International Limited,Information Technology,IT - Services,IT Enabled Services
NSE:RTNINDIA-EQ,RattanIndia Enterprises Limited,Consumer Services,Retailing,E-Retail/ E-Commerce
NSE:RTNPOWER-EQ,RattanIndia Power Limited,Power,Power,Power Generation
NSE:RUBFILA-EQ,Rubfila International Limited,Capital Goods,Industrial Products,Rubber
NSE:RUBICON-EQ,Rubicon Research Limited,Healthcare,Pharmaceuticals & Biotechnology,Pharmaceuticals
NSE:RUBYMILLS-BE,The Ruby Mills Limited,Textiles,Textiles & Apparels,Other Textile Products
NSE:RUCHINFRA-EQ,Ruchi Infrastructure Limited,Services,Commercial Services & Supplies,Diversified Commercial Services
NSE:RUCHIRA-EQ,Ruchira Papers Limited,Forest Materials,Paper Forest & Jute Products,Paper & Paper Products
NSE:RUDRA-BE,Rudra Global Infra Products Limited,Capital Goods,Industrial Products,Iron & Steel Products
NSE:RUPA-EQ,Rupa & Company Limited,Textiles,Textiles & Apparels,Garments & Apparels
NSE:RUSHIL-EQ,Rushil Decor Limited,Consumer Durables,Consumer Durables,Plywood Boards/ Laminates
NSE:RUSTOMJEE-EQ,Keystone Realtors Limited,Realty,Realty,Residential Commercial Projects
NSE:RVHL-EQ,Ravinder Heights Limited,Realty,Realty,Residential Commercial Projects
NSE:RVNL-EQ,Rail Vikas Nigam Limited,Construction,Construction,Civil Construction
NSE:RVTH-EQ,Revathi Equipment India Limited,Capital Goods,Industrial Manufacturing,Industrial Products
NSE:S&SPOWER-BE,S&S Power Switchgears Limited,Capital Goods,Electrical Equipment,Other Electrical Equipment
NSE:SAATVIKGL-EQ,Saatvik Green Energy Limited,Capital Goods,Electrical Equipment,Other Electrical Equipment
NSE:SABEVENTS-BE,Sab Events & Governance Now Media Limited,Media Entertainment & Publication,Media,Electronic Media
NSE:SADBHAV-EQ,Sadbhav Engineering Limited,Services,Transport Infrastructure,Road Assets - Toll Annuity Hybrid-Annuity
NSE:SADBHIN-EQ,Sadbhav Infrastructure Project Limited,Services,Transport Infrastructure,Road Assets - Toll Annuity Hybrid-Annuity
NSE:SADHNANIQ-BE,Sadhana Nitrochem Limited,Chemicals,Chemicals & Petrochemicals,Commodity Chemicals
NSE:SAFARI-EQ,Safari Industries (India) Limited,Consumer Durables,Consumer Durables,Plastic Products - Consumer
NSE:SAGARDEEP-EQ,Sagardeep Alloys Limited,Capital Goods,Industrial Products,Aluminium Copper & Zinc Products
NSE:SAGCEM-EQ,Sagar Cements Limited,Construction Materials,Cement & Cement Products,Cement & Cement Products
NSE:SAGILITY-EQ,SAGILITY LIMITED,Information Technology,IT - Services,IT Enabled Services
NSE:SAHLIBHFI-EQ,Shalibhadra Finance Limited,Financial Services,Finance,Non Banking Financial Company (NBFC)
NSE:SAHYADRI-EQ,Sahyadri Industries Limited,Construction Materials,Other Construction Materials,Other Construction Materials
NSE:SAIL-EQ,Steel Authority of India Limited,Metals & Mining,Ferrous Metals,Iron & Steel
NSE:SAILIFE-EQ,Sai Life Sciences Limited,Healthcare,Pharmaceuticals & Biotechnology,Pharmaceuticals
NSE:SAIPARENT-EQ,Sai Parenterals Limited,Healthcare,Pharmaceuticals & Biotechnology,Pharmaceuticals
NSE:SAKAR-EQ,Sakar Healthcare Limited,Healthcare,Pharmaceuticals & Biotechnology,Pharmaceuticals
NSE:SAKHTISUG-EQ,Sakthi Sugars Limited,Fast Moving Consumer Goods,Agricultural Food & other Products,Sugar
NSE:SAKSOFT-EQ,Saksoft Limited,Information Technology,IT - Software,Computers - Software & Consulting
NSE:SAKUMA-BE,Sakuma Exports Limited,Services,Commercial Services & Supplies,Trading & Distributors
NSE:SALASAR-EQ,Salasar Techno Engineering Limited,Capital Goods,Industrial Manufacturing,Industrial Products
NSE:SALONA-EQ,Salona Cotspin Limited,Textiles,Textiles & Apparels,Other Textile Products
NSE:SALSTEEL-BE,S.A.L. Steel Limited,Metals & Mining,Ferrous Metals,Sponge Iron
NSE:SALZERELEC-EQ,Salzer Electronics Limited,Capital Goods,Electrical Equipment,Other Electrical Equipment
NSE:SAMBHAAV-EQ,Sambhaav Media Limited,Media Entertainment & Publication,Media,Electronic Media
NSE:SAMBHV-EQ,Sambhv Steel Tubes Limited,Capital Goods,Industrial Products,Iron & Steel Products
NSE:SAMHI-EQ,Samhi Hotels Limited,Consumer Services,Leisure Services,Hotels & Resorts
NSE:SAMMAANCAP-EQ,Sammaan Capital Limited,Financial Services,Finance,Housing Finance Company
NSE:SAMPANN-EQ,Sampann Utpadan India Limited,Capital Goods,Industrial Products,Rubber
NSE:SANATHAN-EQ,Sanathan Textiles Limited,Textiles,Textiles & Apparels,Other Textile Products
NSE:SANDESH-EQ,The Sandesh Limited,Media Entertainment & Publication,Media,Print Media
NSE:SANDHAR-EQ,Sandhar Technologies Limited,Automobile and Auto Components,Auto Components,Auto Components & Equipments
NSE:SANDUMA-EQ,Sandur Manganese & Iron Ores Limited,Oil Gas & Consumable Fuels,Consumable Fuels,Coal
NSE:SANGAMIND-EQ,Sangam (India) Limited,Textiles,Textiles & Apparels,Other Textile Products
NSE:SANGHVIMOV-EQ,Sanghvi Movers Limited,Services,Commercial Services & Supplies,Diversified Commercial Services
NSE:SANGINITA-BE,Sanginita Chemicals Limited,Chemicals,Chemicals & Petrochemicals,Specialty Chemicals
NSE:SANOFI-EQ,Sanofi India Limited,Healthcare,Pharmaceuticals & Biotechnology,Pharmaceuticals
NSE:SANOFICONR-EQ,Sanofi Consumer Healthcare India Limited,Healthcare,Pharmaceuticals & Biotechnology,Pharmaceuticals
NSE:SANSERA-EQ,Sansera Engineering Limited,Automobile and Auto Components,Auto Components,Auto Components & Equipments
NSE:SANSTAR-EQ,Sanstar Limited,Fast Moving Consumer Goods,Agricultural Food & other Products,Other Agricultural Products
NSE:SANWARIA-BZ,Sanwaria Consumer Limited,Fast Moving Consumer Goods,Food Products,Other Food Products
NSE:SAPPHIRE-EQ,Sapphire Foods India Limited,Consumer Services,Leisure Services,Restaurants
NSE:SAPPL-EQ,Shree Ajit Pulp & Paper Limited,Forest Materials,Paper Forest & Jute Products,Paper & Paper Products
NSE:SARDAEN-EQ,Sarda Energy & Minerals Limited,Metals & Mining,Ferrous Metals,Iron & Steel
NSE:SAREGAMA-EQ,Saregama India Limited,Media Entertainment & Publication,Entertainment,Media & Entertainment
NSE:SARLAPOLY-EQ,Sarla Performance Fibers Limited,Textiles,Textiles & Apparels,Other Textile Products
NSE:SARVESHWAR-BE,Sarveshwar Foods Limited,Fast Moving Consumer Goods,Agricultural Food & other Products,Other Agricultural Products
NSE:SASKEN-EQ,Sasken Technologies Limited,Information Technology,IT - Services,IT Enabled Services
NSE:SATIA-EQ,Satia Industries Limited,Forest Materials,Paper Forest & Jute Products,Paper & Paper Products
NSE:SATIN-EQ,Satin Creditcare Network Limited,Financial Services,Finance,Microfinance Institutions
NSE:SAURASHCEM-EQ,Saurashtra Cement Limited,Construction Materials,Cement & Cement Products,Cement & Cement Products
NSE:SAYAJIHOTL-EQ,Sayaji Hotels Limited,Services,Leisure Services,Hotels & Resorts
NSE:SBC-EQ,SBC Exports Limited,Textiles,Textiles & Apparels,Garments & Apparels
NSE:SBCL-EQ,Shivalik Bimetal Controls Limited,Capital Goods,Industrial Products,Iron & Steel Products
NSE:SBFC-EQ,SBFC Finance Limited,Financial Services,Finance,Non Banking Financial Company (NBFC)
NSE:SBGLP-EQ,Suratwwala Business Group Limited,Realty,Realty,Residential Commercial Projects
NSE:SBICARD-EQ,SBI Cards and Payment Services Limited,Financial Services,Finance,Non Banking Financial Company (NBFC)
NSE:SBILIFE-EQ,SBI Life Insurance Company Limited,Financial Services,Insurance,Life Insurance
NSE:SBIN-EQ,State Bank of India,Financial Services,Banks,Public Sector Bank
NSE:SCANSTL-EQ,Scan Steels Limited,Metals & Mining,Ferrous Metals,Iron & Steel
NSE:SCHAEFFLER-EQ,Schaeffler India Limited,Automobile and Auto Components,Auto Components,Auto Components & Equipments
NSE:SCHAND-EQ,S Chand And Company Limited,Media Entertainment & Publication,Printing & Publication,Printing & Publication
NSE:SCHNEIDER-EQ,Schneider Electric Infrastructure Limited,Capital Goods,Electrical Equipment,Heavy Electrical Equipment
NSE:SCI-EQ,Shipping Corporation Of India Limited,Services,Transport Services,Shipping
NSE:SCILAL-EQ,Shipping Corporation of India Land and Assets Limited,Financial Services,Finance,Investment Company
NSE:SCODATUBES-EQ,Scoda Tubes Limited,Capital Goods,Industrial Products,Iron & Steel Products
NSE:SCPL-BE,Sheetal Cool Products Limited,Fast Moving Consumer Goods,Food Products,Dairy Products
NSE:SDBL-EQ,Som Distilleries & Breweries Limited,Fast Moving Consumer Goods,Beverages,Breweries & Distilleries
NSE:SEAMECLTD-EQ,Seamec Limited,Services,Transport Services,Shipping
NSE:SECMARK-EQ,SecMark Consultancy Limited,Information Technology,IT - Software,Computers - Software & Consulting
NSE:SECURKLOUD-EQ,SECUREKLOUD TECHNOLOGIES LIMITED,Information Technology,IT - Services,IT Enabled Services
NSE:SEDEMAC-EQ,SEDEMAC Mechatronics Limited,Automobile and Auto Components,Auto Components,Auto Components & Equipments
NSE:SEIL-EQ,Shanti Educational Initiatives Limited,Consumer Services,Other Consumer Services,Education
NSE:SEJALLTD-BE,Sejal Glass Limited,Capital Goods,Industrial Products,Glass - Industrial
NSE:SELMC-EQ,SEL Manufacturing Company Limited,Textiles,Textiles & Apparels,Other Textile Products
NSE:SEMAC-BE,Semac Construction Limited,Construction,Construction,Civil Construction
NSE:SENCO-EQ,Senco Gold Limited,Consumer Durables,Consumer Durables,Gems Jewellery And Watches
NSE:SENORES-EQ,Senores Pharmaceuticals Limited,Healthcare,Pharmaceuticals & Biotechnology,Pharmaceuticals
NSE:SEPC-EQ,SEPC Limited,Construction,Construction,Civil Construction
NSE:SERVOTECH-EQ,Servotech Renewable Power System Limited,Capital Goods,Electrical Equipment,Other Electrical Equipment
NSE:SESHAPAPER-EQ,Seshasayee Paper and Boards Limited,Forest Materials,Paper Forest & Jute Products,Paper & Paper Products
NSE:SETCO-BE,Setco Automotive Limited,Automobile and Auto Components,Auto Components,Auto Components & Equipments
NSE:SETL-EQ,Standard Engineering Technology Limited,Capital Goods,Industrial Manufacturing,Industrial Products
NSE:SETUINFRA-BZ,Setubandhan Infrastructure Limited,Construction,Construction,Civil Construction
NSE:SEYAIND-BE,Seya Industries Limited,Chemicals,Chemicals & Petrochemicals,Specialty Chemicals
NSE:SFL-EQ,Sheela Foam Limited,Consumer Durables,Consumer Durables,Furniture Home Furnishing
NSE:SGFIN-EQ,SG Finserve Limited,Financial Services,Finance,Non Banking Financial Company (NBFC)
NSE:SGIL-EQ,Synergy Green Industries Limited,Capital Goods,Industrial Products,Castings & Forgings
NSE:SGL-EQ,STL Global Limited,Textiles,Textiles & Apparels,Other Textile Products
NSE:SGMART-EQ,SG Mart Limited,Metals & Mining,Metals & Minerals Trading,Trading - Metals
NSE:SHADOWFAX-EQ,Shadowfax Technologies Limited,Services,Transport Services,Logistics Solution Provider
NSE:SHAH-EQ,Shah Metacorp Limited,Capital Goods,Industrial Products,Iron & Steel Products
NSE:SHAHALLOYS-EQ,Shah Alloys Limited,Capital Goods,Industrial Products,Iron & Steel Products
NSE:SHAILY-EQ,Shaily Engineering Plastics Limited,Consumer Durables,Consumer Durables,Plastic Products - Consumer
NSE:SHAKTIPUMP-EQ,Shakti Pumps (India) Limited,Capital Goods,Industrial Products,Compressors Pumps & Diesel Engines
NSE:SHALBY-EQ,Shalby Limited,Healthcare,Healthcare Services,Hospital
NSE:SHALPAINTS-EQ,Shalimar Paints Limited,Consumer Durables,Consumer Durables,Paints
NSE:SHANKARA-BE,Shankara Building Products Limited,Consumer Services,Retailing,Speciality Retail
NSE:SHANTI-EQ,Shanti Overseas (India) Limited,Fast Moving Consumer Goods,Agricultural Food & other Products,Other Agricultural Products
NSE:SHANTIGEAR-EQ,Shanthi Gears Limited,Capital Goods,Industrial Manufacturing,Industrial Products
NSE:SHANTIGOLD-EQ,Shanti Gold International Limited,Consumer Durables,Consumer Durables,Gems Jewellery And Watches
NSE:SHARDACROP-EQ,Sharda Cropchem Limited,Chemicals,Fertilizers & Agrochemicals,Pesticides & Agrochemicals
NSE:SHARDAMOTR-EQ,Sharda Motor Industries Limited,Automobile and Auto Components,Auto Components,Auto Components & Equipments
NSE:SHARDUL-EQ,Shardul Securities Limited,Financial Services,Capital Markets,Stockbroking & Allied
NSE:SHAREINDIA-EQ,Share India Securities Limited,Financial Services,Capital Markets,Stockbroking & Allied
NSE:SHBAJRG-EQ,Shri Bajrang Alliance Limited,Capital Goods,Industrial Products,Iron & Steel Products
NSE:SHEKHAWATI-BE,Shekhawati Industries Limited,Textiles,Textiles & Apparels,Other Textile Products
NSE:SHEMAROO-EQ,Shemaroo Entertainment Limited,Media Entertainment & Publication,Entertainment,Media & Entertainment
NSE:SHILCTECH-EQ,Shilchar Technologies Limited,Capital Goods,Electrical Equipment,Heavy Electrical Equipment
NSE:SHILPAMED-EQ,Shilpa Medicare Limited,Healthcare,Pharmaceuticals & Biotechnology,Pharmaceuticals
NSE:SHINDL-EQ,Sharat Industries Limited,Fast Moving Consumer Goods,Food Products,Seafood
NSE:SHIVALIK-BE,Shivalik Rasayan Limited,Chemicals,Fertilizers & Agrochemicals,Pesticides & Agrochemicals
NSE:SHIVAMAUTO-BE,Shivam Autotech Limited,Automobile and Auto Components,Auto Components,Auto Components & Equipments
NSE:SHIVAMILLS-BE,Shiva Mills Limited,Textiles,Textiles & Apparels,Other Textile Products
NSE:SHIVATEX-EQ,Shiva Texyarn Limited,Textiles,Textiles & Apparels,Other Textile Products
NSE:SHIVAUM-EQ,Shiv Aum Steels Limited,Services,Commercial Services & Supplies,Trading & Distributors
NSE:SHK-EQ,S H Kelkar and Company Limited,Chemicals,Chemicals & Petrochemicals,Specialty Chemicals
NSE:SHOPERSTOP-EQ,Shoppers Stop Limited,Consumer Services,Retailing,Diversified Retail
NSE:SHRADHA-EQ,Shradha Realty Limited,Realty,Realty,Residential Commercial Projects
NSE:SHREDIGCEM-EQ,Shree Digvijay Cement Co.Ltd,Construction Materials,Cement & Cement Products,Cement & Cement Products
NSE:SHREECEM-EQ,SHREE CEMENT LIMITED,Construction Materials,Cement & Cement Products,Cement & Cement Products
NSE:SHREEJISPG-EQ,Shreeji Shipping Global Limited,Services,Transport Services,Shipping
NSE:SHREEPUSHK-EQ,Shree Pushkar Chemicals & Fertilisers Limited,Chemicals,Chemicals & Petrochemicals,Dyes And Pigments
NSE:SHREERAMA-EQ,Shree Rama Multi-Tech Limited,Capital Goods,Industrial Products,Packaging
NSE:SHRENIK-BZ,Shrenik Limited,Forest Materials,Paper Forest & Jute Products,Paper & Paper Products
NSE:SHREYANIND-EQ,Shreyans Industries Limited,Forest Materials,Paper Forest & Jute Products,Paper & Paper Products
NSE:SHRIKRISH-EQ,Shri Krishna Devcon Limited,Realty,Realty,Residential Commercial Projects
NSE:SHRINGARMS-EQ,Shringar House of Mangalsutra Limited,Consumer Durables,Consumer Durables,Gems Jewellery And Watches
NSE:SHRIPISTON-EQ,Shriram Pistons & Rings Limited,Automobile and Auto Components,Auto Components,Auto Components & Equipments
NSE:SHRIRAMFIN-EQ,Shriram Finance Limited,Financial Services,Finance,Non Banking Financial Company (NBFC)
NSE:SHRIRAMPPS-EQ,Shriram Properties Limited,Realty,Realty,Residential Commercial Projects
NSE:SHYAMCENT-EQ,Shyam Century Ferrous Limited,Metals & Mining,Ferrous Metals,Ferro & Silica Manganese
NSE:SHYAMMETL-EQ,Shyam Metalics and Energy Limited,Capital Goods,Industrial Products,Iron & Steel Products
NSE:SHYAMTEL-BE,Shyam Telecom Limited,Services,Commercial Services & Supplies,Trading & Distributors
NSE:SICAGEN-EQ,Sicagen India Limited,Services,Commercial Services & Supplies,Trading & Distributors
NSE:SICALLOG-BE,Sical Logistics Limited,Services,Transport Services,Logistics Solution Provider
NSE:SIEMENS-EQ,Siemens Limited,Capital Goods,Electrical Equipment,Heavy Electrical Equipment
NSE:SIGACHI-BE,Sigachi Industries Limited,Healthcare,Pharmaceuticals & Biotechnology,Pharmaceuticals
NSE:SIGIND-EQ,Signet Industries Limited,Services,Commercial Services & Supplies,Trading & Distributors
NSE:SIGMA-EQ,Sigma Solve Limited,Information Technology,IT - Services,IT Enabled Services
NSE:SIGMAADV-BE,SIGMA ADVANCED SYSTEMS LIMITED,Capital Goods,Aerospace & Defense,Aerospace & Defense
NSE:SIGNATURE-EQ,Signatureglobal (India) Limited,Realty,Realty,Residential Commercial Projects
NSE:SIGNPOST-EQ,Signpost India Limited,Media Entertainment & Publication,Media,Advertising & Media Agencies
NSE:SIKA-EQ,Sika Interplant Systems Limited,Capital Goods,Aerospace & Defense,Aerospace & Defense
NSE:SIKKO-EQ,Sikko Industries Limited,Chemicals,Fertilizers & Agrochemicals,Pesticides & Agrochemicals
NSE:SIL-EQ,Standard Industries Limited,Textiles,Textiles & Apparels,Trading - Textile Products
NSE:SILGO-EQ,Silgo Retail Limited,Consumer Durables,Consumer Durables,Gems Jewellery And Watches
NSE:SILINV-EQ,SIL Investments Limited,Financial Services,Finance,Investment Company
NSE:SILLYMONKS-EQ,Silly Monks Entertainment Limited,Media Entertainment & Publication,Entertainment,Media & Entertainment
NSE:SILVERTUC-EQ,Silver Touch Technologies Limited,Information Technology,IT - Software,Computers - Software & Consulting
NSE:SIMBHALS-BZ,Simbhaoli Sugars Limited,Fast Moving Consumer Goods,Agricultural Food & other Products,Sugar
NSE:SIMPLEXINF-EQ,Simplex Infrastructures Limited,Construction,Construction,Civil Construction
NSE:SINCLAIR-EQ,Sinclairs Hotels Limited,Consumer Services,Leisure Services,Hotels & Resorts
NSE:SINDHUTRAD-EQ,Sindhu Trade Links Limited,Oil Gas & Consumable Fuels,Consumable Fuels,Coal
NSE:SINGERIND-EQ,Singer India Limited,Consumer Durables,Consumer Durables,Household Appliances
NSE:SINTERCOM-EQ,Sintercom India Limited,Automobile and Auto Components,Auto Components,Auto Components & Equipments
NSE:SIRCA-EQ,Sirca Paints India Limited,Consumer Durables,Consumer Durables,Paints
NSE:SIS-EQ,SIS LIMITED,Consumer Services,Other Consumer Services,Other Consumer Services
NSE:SITINET-BZ,Siti Networks Limited,Media Entertainment & Publication,Entertainment,TV Broadcasting & Software Production
NSE:SIYSIL-EQ,Siyaram Silk Mills Limited,Textiles,Textiles & Apparels,Other Textile Products
NSE:SJS-EQ,S.J.S. Enterprises Limited,Automobile and Auto Components,Auto Components,Auto Components & Equipments
NSE:SJVN-EQ,SJVN Limited,Power,Power,Power Generation
NSE:SKFINDIA-EQ,SKF India Limited,Automobile and Auto Components,Auto Components,Auto Components & Equipments
NSE:SKFINDUS-EQ,SKF India (Industrial) Limited,Capital Goods,Industrial Products,Abrasives & Bearings
NSE:SKIL-BZ,SKIL Infrastructure Limited,Construction,Construction,Civil Construction
NSE:SKIPPER-EQ,Skipper Limited,Capital Goods,Electrical Equipment,Heavy Electrical Equipment
NSE:SKMEGGPROD-EQ,SKM Egg Products Export (India) Limited,Fast Moving Consumer Goods,Food Products,Meat Products including Poultry
NSE:SKYGOLD-EQ,SKY GOLD AND DIAMONDS LIMITED,Consumer Durables,Consumer Durables,Gems Jewellery And Watches
NSE:SMARTLINK-BE,Smartlink Holdings Limited,Information Technology,IT - Hardware,Computers Hardware & Equipments
NSE:SMARTWORKS-EQ,Smartworks Coworking Spaces Limited,Services,Commercial Services & Supplies,Diversified Commercial Services
NSE:SMCGLOBAL-EQ,SMC Global Securities Limited,Financial Services,Capital Markets,Stockbroking & Allied
NSE:SMLMAH-EQ,SML Mahindra Limited,Capital Goods,Agricultural Commercial & Construction Vehicles,Commercial Vehicles
NSE:SMLT-EQ,Sarthak Metals Limited,Capital Goods,Industrial Products,Iron & Steel Products
NSE:SMSPHARMA-EQ,SMS Pharmaceuticals Limited,Healthcare,Pharmaceuticals & Biotechnology,Pharmaceuticals
NSE:SNOWMAN-EQ,Snowman Logistics Limited,Services,Transport Services,Logistics Solution Provider
NSE:SOBHA-EQ,Sobha Limited,Realty,Realty,Residential Commercial Projects
NSE:SOFTTECH-BE,Softtech Engineers Limited,Information Technology,IT - Software,Computers - Software & Consulting
NSE:SOLARA-EQ,Solara Active Pharma Sciences Limited,Healthcare,Pharmaceuticals & Biotechnology,Pharmaceuticals
NSE:SOLARINDS-EQ,Solar Industries India Limited,Chemicals,Chemicals & Petrochemicals,Explosives
NSE:SOLARWORLD-EQ,Solarworld Energy Solutions Limited,Construction,Construction,Civil Construction
NSE:SOLEX-EQ,Solex Energy Limited,Capital Goods,Electrical Equipment,Other Electrical Equipment
NSE:SOMANYCERA-EQ,Somany Ceramics Limited,Consumer Durables,Consumer Durables,Ceramics
NSE:SOMATEX-EQ,Soma Textiles & Industries Limited,Textiles,Textiles & Apparels,Other Textile Products
NSE:SOMICONVEY-EQ,Somi Conveyor Beltings Limited,Capital Goods,Industrial Manufacturing,Industrial Products
NSE:SONACOMS-EQ,Sona BLW Precision Forgings Limited,Automobile and Auto Components,Auto Components,Auto Components & Equipments
NSE:SONAL-EQ,Sonal Mercantile Limited,Financial Services,Finance,Non Banking Financial Company (NBFC)
NSE:SONAMLTD-EQ,SONAM LIMITED,Consumer Durables,Consumer Durables,Consumer Electronics
NSE:SONATSOFTW-EQ,Sonata Software Limited,Information Technology,IT - Software,Computers - Software & Consulting
NSE:SOTL-EQ,Savita Oil Technologies Limited,Oil Gas & Consumable Fuels,Petroleum Products,Lubricants
NSE:SOUTHBANK-EQ,The South Indian Bank Limited,Financial Services,Banks,Private Sector Bank
NSE:SOUTHWEST-EQ,South West Pinnacle Exploration Limited,Services,Commercial Services & Supplies,Diversified Commercial Services
NSE:SPAL-EQ,S. P. Apparels Limited,Textiles,Textiles & Apparels,Garments & Apparels
NSE:SPANDANA-EQ,Spandana Sphoorty Financial Limited,Financial Services,Finance,Microfinance Institutions
NSE:SPARC-EQ,Sun Pharma Advanced Research Company Limited,Healthcare,Pharmaceuticals & Biotechnology,Pharmaceuticals
NSE:SPCENET-EQ,Spacenet Enterprises India Limited,Services,Commercial Services & Supplies,Trading & Distributors
NSE:SPECIALITY-EQ,Speciality Restaurants Limited,Consumer Services,Leisure Services,Restaurants
NSE:SPECTRUM-EQ,Spectrum Electrical Industries Limited,Capital Goods,Industrial Manufacturing,Industrial Products
NSE:SPENCERS-EQ,Spencer's Retail Limited,Consumer Services,Retailing,Diversified Retail
NSE:SPIC-EQ,Southern Petrochemicals Industries Corporation  Limited,Chemicals,Fertilizers & Agrochemicals,Fertilizers
NSE:SPLIL-EQ,SPL Industries Limited,Textiles,Textiles & Apparels,Trading - Textile Products
NSE:SPLPETRO-EQ,Supreme Petrochem Limited,Chemicals,Chemicals & Petrochemicals,Petrochemicals
NSE:SPMLINFRA-EQ,SPML Infra Limited,Construction,Construction,Civil Construction
NSE:SPORTKING-EQ,Sportking India Limited,Textiles,Textiles & Apparels,Other Textile Products
NSE:SRD-EQ,Shankar Lal Rampal Dye-Chem Limited,Chemicals,Chemicals & Petrochemicals,Trading - Chemicals
NSE:SREEL-EQ,Sreeleathers Limited,Consumer Durables,Consumer Durables,Footwear
NSE:SRF-EQ,SRF Limited,Chemicals,Chemicals & Petrochemicals,Specialty Chemicals
NSE:SRGHFL-EQ,SRG Housing Finance Limited,Financial Services,Finance,Housing Finance Company
NSE:SRHHYPOLTD-EQ,Sree Rayalaseema Hi-Strength Hypo Limited,Chemicals,Chemicals & Petrochemicals,Commodity Chemicals
NSE:SRM-EQ,SRM Contractors Limited,Construction,Construction,Civil Construction
NSE:SRPL-BZ,Shree Ram Proteins Limited,Fast Moving Consumer Goods,Agricultural Food & other Products,Edible Oil
NSE:SRTL-EQ,Shree Ram Twistex Limited,Textiles,Textiles & Apparels,Other Textile Products
NSE:SSDL-EQ,Saraswati Saree Depot Limited,Textiles,Textiles & Apparels,Garments & Apparels
NSE:SSWL-EQ,Steel Strips Wheels Limited,Automobile and Auto Components,Auto Components,Auto Components & Equipments
NSE:STALLION-EQ,Stallion India Fluorochemicals Limited,Chemicals,Chemicals & Petrochemicals,Industrial Gases
NSE:STANLEY-EQ,Stanley Lifestyles Limited,Consumer Durables,Consumer Durables,Furniture Home Furnishing
NSE:STAR-EQ,Strides Pharma Science Limited,Healthcare,Pharmaceuticals & Biotechnology,Pharmaceuticals
NSE:STARCEMENT-EQ,Star Cement Limited,Construction Materials,Cement & Cement Products,Cement & Cement Products
NSE:STARHEALTH-EQ,Star Health and Allied Insurance Company Limited,Financial Services,Insurance,General Insurance
NSE:STARPAPER-EQ,Star Paper Mills Limited,Forest Materials,Paper Forest & Jute Products,Paper & Paper Products
NSE:STARTECK-EQ,Starteck Finance Limited,Financial Services,Finance,Non Banking Financial Company (NBFC)
NSE:STCINDIA-EQ,The State Trading Corporation of India Limited,Services,Commercial Services & Supplies,Trading & Distributors
NSE:STEELCAS-EQ,Steelcast Limited,Capital Goods,Industrial Products,Castings & Forgings
NSE:STEELCITY-EQ,Steel City Securities Limited,Financial Services,Capital Markets,Stockbroking & Allied
NSE:STEELXIND-EQ,STEEL EXCHANGE INDIA LIMITED,Capital Goods,Industrial Products,Iron & Steel Products
NSE:STEL-EQ,Stel Holdings Limited,Financial Services,Finance,Investment Company
NSE:STERTOOLS-EQ,Sterling Tools Limited,Automobile and Auto Components,Auto Components,Auto Components & Equipments
NSE:STLNETWORK-BE,STL Networks Limited,Telecommunication,Telecom - Services,Other Telecom Services
NSE:STLTECH-BE,Sterlite Technologies Limited,Telecommunication,Telecom - Equipment & Accessories,Telecom - Equipment & Accessories
NSE:STOVEKRAFT-EQ,Stove Kraft Limited,Consumer Durables,Consumer Durables,Household Appliances
NSE:STUDDS-EQ,Studds Accessories Limited,Automobile and Auto Components,Auto Components,Auto Components & Equipments
NSE:STYL-EQ,Seshaasai Technologies Limited,Financial Services,Financial Technology (Fintech),Financial Technology (Fintech)
NSE:STYLAMIND-EQ,Stylam Industries Limited,Consumer Durables,Consumer Durables,Plywood Boards/ Laminates
NSE:STYLEBAAZA-BE,Baazar Style Retail Limited,Consumer Services,Retailing,Speciality Retail
NSE:STYRENIX-EQ,Styrenix Performance Materials Limited,Chemicals,Chemicals & Petrochemicals,Specialty Chemicals
NSE:SUBEXLTD-BE,Subex Limited,Information Technology,IT - Software,Software Products
NSE:SUBROS-EQ,Subros Limited,Capital Goods,Industrial Products,Other Industrial Products
NSE:SUDARCOLOR-EQ,Sudarshan Colorants India Limited,Chemicals,Chemicals & Petrochemicals,Dyes And Pigments
NSE:SUDARSCHEM-EQ,Sudarshan Chemical Industries Limited,Chemicals,Chemicals & Petrochemicals,Dyes And Pigments
NSE:SUDEEPPHRM-EQ,Sudeep Pharma Limited,Chemicals,Chemicals & Petrochemicals,Specialty Chemicals
NSE:SUKHJITS-EQ,Sukhjit Starch & Chemicals Limited,Fast Moving Consumer Goods,Agricultural Food & other Products,Other Agricultural Products
NSE:SULA-EQ,Sula Vineyards Limited,Fast Moving Consumer Goods,Beverages,Breweries & Distilleries
NSE:SUMEETINDS-EQ,Sumeet Industries Limited,Textiles,Textiles & Apparels,Other Textile Products
NSE:SUMICHEM-EQ,Sumitomo Chemical India Limited,Chemicals,Fertilizers & Agrochemicals,Pesticides & Agrochemicals
NSE:SUMIT-BE,Sumit Woods Limited,Realty,Realty,Residential Commercial Projects
NSE:SUMMITSEC-EQ,Summit Securities Limited,Financial Services,Finance,Investment Company
NSE:SUNCLAY-EQ,Sundaram Clayton Limited,Automobile and Auto Components,Auto Components,Auto Components & Equipments
NSE:SUNDARAM-EQ,Sundaram Multi Pap Limited,Fast Moving Consumer Goods,Household Products,Stationary
NSE:SUNDARMFIN-EQ,Sundaram Finance Limited,Financial Services,Finance,Non Banking Financial Company (NBFC)
NSE:SUNDRMBRAK-EQ,Sundaram Brake Linings Limited,Automobile and Auto Components,Auto Components,Auto Components & Equipments
NSE:SUNDRMFAST-EQ,Sundram Fasteners Limited,Automobile and Auto Components,Auto Components,Auto Components & Equipments
NSE:SUNDROP-EQ,Sundrop Brands Limited,Fast Moving Consumer Goods,Agricultural Food & other Products,Edible Oil
NSE:SUNFLAG-EQ,Sunflag Iron And Steel Company Limited,Capital Goods,Industrial Products,Iron & Steel Products
NSE:SUNPHARMA-EQ,Sun Pharmaceutical Industries Limited,Healthcare,Pharmaceuticals & Biotechnology,Pharmaceuticals
NSE:SUNTECK-EQ,Sunteck Realty Limited,Realty,Realty,Residential Commercial Projects
NSE:SUNTV-EQ,Sun TV Network Limited,Media Entertainment & Publication,Entertainment,TV Broadcasting & Software Production
NSE:SUPERHOUSE-EQ,Superhouse Limited,Consumer Durables,Consumer Durables,Leather And Leather Products
NSE:SUPERSPIN-EQ,Super Spinning Mills Limited,Textiles,Textiles & Apparels,Other Textile Products
NSE:SUPRAJIT-EQ,Suprajit Engineering Limited,Automobile and Auto Components,Auto Components,Auto Components & Equipments
NSE:SUPREME-EQ,Supreme Holdings & Hospitality (India) Limited,Realty,Realty,Residential Commercial Projects
NSE:SUPREMEENG-BZ,Supreme Engineering Limited,Capital Goods,Industrial Products,Iron & Steel Products
NSE:SUPREMEIND-EQ,Supreme Industries Limited,Capital Goods,Industrial Products,Plastic Products - Industrial
NSE:SUPREMEINF-EQ,Supreme Infrastructure India Limited,Construction,Construction,Civil Construction
NSE:SUPRIYA-EQ,Supriya Lifescience Limited,Healthcare,Pharmaceuticals & Biotechnology,Pharmaceuticals
NSE:SURAJEST-EQ,Suraj Estate Developers Limited,Realty,Realty,Residential Commercial Projects
NSE:SURAJLTD-EQ,Suraj Limited,Capital Goods,Industrial Products,Iron & Steel Products
NSE:SURAKSHA-EQ,Suraksha Diagnostic Limited,Healthcare,Healthcare Services,Healthcare Service Provider
NSE:SURANASOL-EQ,Surana Solar Limited,Services,Commercial Services & Supplies,Trading & Distributors
NSE:SURANAT&P-EQ,Surana Telecom and Power Limited,Power,Power,Power Generation
NSE:SURYALA-EQ,Suryalata Spinning Mills Limited,Textiles,Textiles & Apparels,Other Textile Products
NSE:SURYALAXMI-EQ,Suryalakshmi Cotton Mills Limited,Textiles,Textiles & Apparels,Other Textile Products
NSE:SURYAROSNI-EQ,Surya Roshni Limited,Capital Goods,Industrial Products,Iron & Steel Products
NSE:SURYODAY-EQ,Suryoday Small Finance Bank Limited,Financial Services,Banks,Other Bank
NSE:SUTLEJTEX-EQ,Sutlej Textiles and Industries Limited,Textiles,Textiles & Apparels,Other Textile Products
NSE:SUVEN-EQ,Suven Life Sciences Limited,Healthcare,Healthcare Services,Healthcare Research Analytics & Technology
NSE:SUVIDHAA-EQ,Suvidhaa Infoserve Limited,Financial Services,Financial Technology (Fintech),Financial Technology (Fintech)
NSE:SUYOG-EQ,Suyog Telematics Limited,Telecommunication,Telecom - Services,Telecom - Infrastructure
NSE:SUZLON-EQ,Suzlon Energy Limited,Capital Goods,Electrical Equipment,Heavy Electrical Equipment
NSE:SVLL-EQ,Shree Vasu Logistics Limited,Services,Transport Services,Logistics Solution Provider
NSE:SVPGLOB-BE,SVP GLOBAL TEXTILES LIMITED,Textiles,Textiles & Apparels,Other Textile Products
NSE:SWANCORP-EQ,SWAN CORP LIMITED,Chemicals,Chemicals & Petrochemicals,Petrochemicals
NSE:SWANDEF-BE,Swan Defence and Heavy Industries Limited,Capital Goods,Industrial Manufacturing,Ship Building & Allied Services
NSE:SWARAJENG-EQ,Swaraj Engines Limited,Capital Goods,Industrial Products,Compressors Pumps & Diesel Engines
NSE:SWELECTES-EQ,Swelect Energy Systems Limited,Capital Goods,Electrical Equipment,Heavy Electrical Equipment
NSE:SWIGGY-EQ,Swiggy Limited,Consumer Services,Retailing,E-Retail/ E-Commerce
NSE:SWSOLAR-EQ,Sterling and Wilson Renewable Energy Limited,Construction,Construction,Civil Construction
NSE:SYMPHONY-EQ,Symphony Limited,Consumer Durables,Consumer Durables,Household Appliances
NSE:SYNCOMF-EQ,Syncom Formulations (India) Limited,Healthcare,Pharmaceuticals & Biotechnology,Pharmaceuticals
NSE:SYNGENE-EQ,Syngene International Limited,Healthcare,Healthcare Services,Healthcare Research Analytics & Technology
NSE:SYRMA-EQ,Syrma SGS Technology Limited,Capital Goods,Industrial Manufacturing,Industrial Products
NSE:SYSTMTXC-EQ,Systematix Corporate Services Limited,Financial Services,Capital Markets,Stockbroking & Allied
NSE:TAALTECH-EQ,Taal Tech Limited,Services,Transport Services,Airline
NSE:TAINWALCHM-EQ,Tainwala Chemical and Plastic (I) Limited,Capital Goods,Industrial Products,Plastic Products - Industrial
NSE:TAJGVK-EQ,Taj GVK Hotels & Resorts Limited,Consumer Services,Leisure Services,Hotels & Resorts
NSE:TAKE-BE,Take Solutions Limited,Healthcare,Healthcare Services,Healthcare Research Analytics & Technology
NSE:TALBROAUTO-EQ,Talbros Automotive Components Limited,Automobile and Auto Components,Auto Components,Auto Components & Equipments
NSE:TAMBOLIIN-EQ,Tamboli Industries Limited,Financial Services,Finance,Holding Company
NSE:TANLA-EQ,Tanla Platforms Limited,Information Technology,IT - Software,Software Products
NSE:TARACHAND-EQ,Tara Chand InfraLogistic Solutions Limited,Services,Commercial Services & Supplies,Diversified Commercial Services
NSE:TARAPUR-EQ,Tarapur Transformers Limited,Financial Services,Finance,Investment Company
NSE:TARC-EQ,TARC Limited,Realty,Realty,Residential Commercial Projects
NSE:TARIL-EQ,Transformers And Rectifiers (India) Limited,Capital Goods,Electrical Equipment,Heavy Electrical Equipment
NSE:TARMAT-EQ,Tarmat Limited,Construction,Construction,Civil Construction
NSE:TARSONS-EQ,Tarsons Products Limited,Healthcare,Healthcare Equipment & Supplies,Medical Equipment & Supplies
NSE:TASTYBITE-EQ,Tasty Bite Eatables Limited,Fast Moving Consumer Goods,Food Products,Packaged Foods
NSE:TATACAP-EQ,Tata Capital Limited,Financial Services,Finance,Non Banking Financial Company (NBFC)
NSE:TATACHEM-EQ,Tata Chemicals Limited,Chemicals,Chemicals & Petrochemicals,Commodity Chemicals
NSE:TATACOMM-EQ,Tata Communications Limited,Telecommunication,Telecom - Services,Telecom - Cellular & Fixed line services
NSE:TATACONSUM-EQ,TATA CONSUMER PRODUCTS LIMITED,Fast Moving Consumer Goods,Agricultural Food & other Products,Tea & Coffee
NSE:TATAELXSI-EQ,Tata Elxsi Limited,Information Technology,IT - Software,Computers - Software & Consulting
NSE:TATAINVEST-EQ,Tata Investment Corporation Limited,Financial Services,Finance,Investment Company
NSE:TATAPOWER-EQ,Tata Power Company Limited,Power,Power,Integrated Power Utilities
NSE:TATASTEEL-EQ,Tata Steel Limited,Metals & Mining,Ferrous Metals,Iron & Steel
NSE:TATATECH-EQ,Tata Technologies Limited,Information Technology,IT - Services,IT Enabled Services
NSE:TATVA-EQ,Tatva Chintan Pharma Chem Limited,Chemicals,Chemicals & Petrochemicals,Specialty Chemicals
NSE:TBOTEK-EQ,TBO Tek Limited,Consumer Services,Leisure Services,Tour Travel Related Services
NSE:TBZ-EQ,Tribhovandas Bhimji Zaveri Limited,Consumer Durables,Consumer Durables,Gems Jewellery And Watches
NSE:TCC-EQ,TCC Concept Limited,Consumer Services,Retailing,Internet & Catalogue Retail
NSE:TCI-EQ,Transport Corporation of India Limited,Services,Transport Services,Logistics Solution Provider
NSE:TCIEXP-EQ,TCI Express Limited,Services,Transport Services,Logistics Solution Provider
NSE:TCIFINANCE-EQ,TCI Finance Limited,Financial Services,Finance,Non Banking Financial Company (NBFC)
NSE:TCPLPACK-EQ,TCPL Packaging Limited,Capital Goods,Industrial Products,Packaging
NSE:TCS-EQ,Tata Consultancy Services Limited,Information Technology,IT - Software,Computers - Software & Consulting
NSE:TDPOWERSYS-EQ,TD Power Systems Limited,Capital Goods,Electrical Equipment,Heavy Electrical Equipment
NSE:TEAMGTY-EQ,Team India Guaranty Limited,Financial Services,Finance,Investment Company
NSE:TEAMLEASE-EQ,Teamlease Services Limited,Services,Commercial Services & Supplies,Diversified Commercial Services
NSE:TECHM-EQ,Tech Mahindra Limited,Information Technology,IT - Software,Computers - Software & Consulting
NSE:TECHNOE-EQ,Techno Electric & Engineering Company Limited,Construction,Construction,Civil Construction
NSE:TECHNVISN-EQ,TechNVision Ventures Limited,Information Technology,IT - Software,Software Products
NSE:TECILCHEM-EQ,TECIL Chemicals and Hydro Power Limited,Chemicals,Chemicals & Petrochemicals,Commodity Chemicals
NSE:TEGA-EQ,Tega Industries Limited,Capital Goods,Industrial Manufacturing,Industrial Products
NSE:TEJASNET-EQ,Tejas Networks Limited,Telecommunication,Telecom - Equipment & Accessories,Telecom - Equipment & Accessories
NSE:TEMBO-EQ,Tembo Global Industries Limited,Capital Goods,Industrial Products,Iron & Steel Products
NSE:TENNIND-EQ,Tenneco Clean Air India Limited,Automobile and Auto Components,Auto Components,Auto Components & Equipments
NSE:TERASOFT-EQ,Tera Software Limited,Information Technology,IT - Services,IT Enabled Services
NSE:TEXINFRA-EQ,Texmaco Infrastructure & Holdings Limited,Services,Commercial Services & Supplies,Diversified Commercial Services
NSE:TEXMOPIPES-EQ,Texmo Pipes and Products Limited,Capital Goods,Industrial Products,Plastic Products - Industrial
NSE:TEXRAIL-EQ,Texmaco Rail & Engineering Limited,Capital Goods,Industrial Manufacturing,Railway Wagons
NSE:TFCILTD-EQ,Tourism Finance Corporation of India Limited,Financial Services,Finance,Financial Institution
NSE:TFL-EQ,Transwarranty Finance Limited,Financial Services,Finance,Non Banking Financial Company (NBFC)
NSE:TGBHOTELS-EQ,TGB Banquets And Hotels Limited,Consumer Services,Leisure Services,Hotels & Resorts
NSE:THACKER-BE,Thacker & Company Limited,,,
NSE:THAKDEV-EQ,Thakkers Developers Limited,Realty,Realty,Residential Commercial Projects
NSE:THANGAMAYL-EQ,Thangamayil Jewellery Limited,Consumer Durables,Consumer Durables,Gems Jewellery And Watches
NSE:THEINVEST-EQ,The Investment Trust Of India Limited,Financial Services,Finance,Other Financial Services
NSE:THEJO-EQ,Thejo Engineering Limited,Capital Goods,Industrial Manufacturing,Industrial Products
NSE:THELEELA-EQ,Leela Palaces Hotels & Resorts Limited,Consumer Services,Leisure Services,Hotels & Resorts
NSE:THEMISMED-EQ,Themis Medicare Limited,Healthcare,Pharmaceuticals & Biotechnology,Pharmaceuticals
NSE:THERMAX-EQ,Thermax Limited,Capital Goods,Electrical Equipment,Heavy Electrical Equipment
NSE:THOMASCOOK-EQ,Thomas Cook  (India)  Limited,Consumer Services,Leisure Services,Tour Travel Related Services
NSE:THOMASCOTT-EQ,Thomas Scott (India) Limited,Textiles,Textiles & Apparels,Garments & Apparels
NSE:THYROCARE-EQ,Thyrocare Technologies Limited,Healthcare,Healthcare Services,Healthcare Service Provider
NSE:TI-EQ,Tilaknagar Industries Limited,Fast Moving Consumer Goods,Beverages,Breweries & Distilleries
NSE:TICL-EQ,Twamev Construction and Infrastructure Limited,Construction,Construction,Civil Construction
NSE:TIGERLOGS-BE,Tiger Logistics (India) Limited,Services,Transport Services,Logistics Solution Provider
NSE:TIIL-EQ,Technocraft Industries (India) Limited,Capital Goods,Industrial Products,Iron & Steel Products
NSE:TIINDIA-EQ,Tube Investments of India Limited,Automobile and Auto Components,Auto Components,Auto Components & Equipments
NSE:TIJARIA-EQ,Tijaria Polypipes Limited,Capital Goods,Industrial Products,Plastic Products - Industrial
NSE:TIL-EQ,TIL Limited,Capital Goods,Agricultural Commercial & Construction Vehicles,Construction Vehicles
NSE:TIMETECHNO-EQ,Time Technoplast Limited,Capital Goods,Industrial Products,Plastic Products - Industrial
NSE:TIMEX-EQ,Timex Group India Limited,Consumer Durables,Consumer Durables,Gems Jewellery And Watches
NSE:TIMKEN-EQ,Timken India Limited,Capital Goods,Industrial Products,Abrasives & Bearings
NSE:TINNARUBR-EQ,Tinna Rubber and Infrastructure Limited,Capital Goods,Industrial Products,Rubber
NSE:TIPSFILMS-EQ,Tips Films Limited,Media Entertainment & Publication,Entertainment,Film Production Distribution & Exhibition
NSE:TIPSMUSIC-EQ,Tips Music Limited,Media Entertainment & Publication,Entertainment,Media & Entertainment
NSE:TIRUMALCHM-EQ,Thirumalai Chemicals Limited,Chemicals,Chemicals & Petrochemicals,Commodity Chemicals
NSE:TIRUPATIFL-BE,Tirupati Forge Limited,Capital Goods,Industrial Products,Castings & Forgings
NSE:TITAGARH-EQ,TITAGARH RAIL SYSTEMS LIMITED,Capital Goods,Industrial Manufacturing,Railway Wagons
NSE:TITAN-EQ,Titan Company Limited,Consumer Durables,Consumer Durables,Gems Jewellery And Watches
NSE:TMB-EQ,Tamilnad Mercantile Bank Limited,Financial Services,Banks,Private Sector Bank
NSE:TMCV-EQ,Tata Motors Limited,Capital Goods,Agricultural Commercial & Construction Vehicles,Commercial Vehicles
NSE:TMPV-EQ,Tata Motors Passenger Vehicles Limited,Automobile and Auto Components,Automobiles,Passenger Cars & Utility Vehicles
NSE:TNPETRO-EQ,Tamilnadu PetroProducts Limited,Chemicals,Chemicals & Petrochemicals,Petrochemicals
NSE:TNPL-EQ,Tamil Nadu Newsprint & Papers Limited,Forest Materials,Paper Forest & Jute Products,Paper & Paper Products
NSE:TNTELE-EQ,Tamilnadu Telecommunication Limited,Telecommunication,Telecom - Equipment & Accessories,Telecom - Equipment & Accessories
NSE:TOKYOPLAST-BE,Tokyo Plast International Limited,Consumer Durables,Consumer Durables,Plastic Products - Consumer
NSE:TOLINS-EQ,Tolins Tyres Limited,Automobile and Auto Components,Auto Components,Tyres & Rubber Products
NSE:TORNTPHARM-EQ,Torrent Pharmaceuticals Limited,Healthcare,Pharmaceuticals & Biotechnology,Pharmaceuticals
NSE:TORNTPOWER-EQ,Torrent Power Limited,Power,Power,Integrated Power Utilities
NSE:TOTAL-EQ,Total Transport Systems Limited,Services,Transport Services,Logistics Solution Provider
NSE:TOUCHWOOD-EQ,Touchwood Entertainment Limited,Consumer Services,Other Consumer Services,Other Consumer Services
NSE:TPHQ-EQ,Teamo Productions HQ Limited,Services,Commercial Services & Supplies,Trading & Distributors
NSE:TPLPLASTEH-EQ,TPL Plastech Limited,Capital Goods,Industrial Products,Packaging
NSE:TRACXN-EQ,Tracxn Technologies Limited,Services,Commercial Services & Supplies,Data Processing Services
NSE:TRANSPEK-EQ,Transpek Industry Limited,Chemicals,Chemicals & Petrochemicals,Commodity Chemicals
NSE:TRANSRAILL-EQ,Transrail Lighting Limited,Capital Goods,Electrical Equipment,Heavy Electrical Equipment
NSE:TRANSWORLD-EQ,TRANSWORLD SHIPPING LINES LIMITED,Services,Transport Services,Shipping
NSE:TRAVELFOOD-EQ,Travel Food Services Limited,Consumer Services,Leisure Services,Restaurants
NSE:TREEHOUSE-EQ,Tree House Education & Accessories Limited,Consumer Services,Other Consumer Services,Education
NSE:TREJHARA-EQ,TREJHARA SOLUTIONS LIMITED,Services,Transport Services,Logistics Solution Provider
NSE:TREL-EQ,Transindia Real Estate Limited,Services,Transport Services,Logistics Solution Provider
NSE:TRENT-EQ,Trent Limited,Consumer Services,Retailing,Speciality Retail
NSE:TRF-EQ,TRF Limited,Capital Goods,Industrial Manufacturing,Industrial Products
NSE:TRIDENT-EQ,Trident Limited,Textiles,Textiles & Apparels,Other Textile Products
NSE:TRIGYN-EQ,Trigyn Technologies Limited,Information Technology,IT - Software,Computers - Software & Consulting
NSE:TRITURBINE-EQ,Triveni Turbine Limited,Capital Goods,Electrical Equipment,Heavy Electrical Equipment
NSE:TRIVENI-EQ,Triveni Engineering & Industries Limited,Fast Moving Consumer Goods,Agricultural Food & other Products,Sugar
NSE:TRU-EQ,TruCap Finance Limited,Financial Services,Finance,Non Banking Financial Company (NBFC)
NSE:TRUALT-EQ,TruAlt Bioenergy Limited,Fast Moving Consumer Goods,Agricultural Food & other Products,Other Agricultural Products
NSE:TSFINV-EQ,TSF INVESTMENTS LIMITED,Financial Services,Finance,Investment Company
NSE:TTKHLTCARE-EQ,TTK Healthcare Limited,Diversified,Diversified,Diversified
NSE:TTKPRESTIG-EQ,TTK Prestige Limited,Consumer Durables,Consumer Durables,Household Appliances
NSE:TTL-EQ,T T Limited,Textiles,Textiles & Apparels,Other Textile Products
NSE:TTML-EQ,Tata Teleservices (Maharashtra) Limited,Telecommunication,Telecom - Services,Telecom - Cellular & Fixed line services
NSE:TVSELECT-EQ,TVS Electronics Limited,Information Technology,IT - Hardware,Computers Hardware & Equipments
NSE:TVSHLTD-EQ,TVS Holdings Limited,Financial Services,Finance,Investment Company
NSE:TVSMOTOR-EQ,TVS Motor Company Limited,Automobile and Auto Components,Automobiles,2/3 Wheelers
NSE:TVSSCS-EQ,TVS Supply Chain Solutions Limited,Services,Transport Services,Logistics Solution Provider
NSE:TVSSRICHAK-EQ,TVS Srichakra Limited,Automobile and Auto Components,Auto Components,Tyres & Rubber Products
NSE:TVTODAY-EQ,TV Today Network Limited,Media Entertainment & Publication,Entertainment,TV Broadcasting & Software Production
NSE:TVVISION-EQ,TV Vision Limited,Media Entertainment & Publication,Entertainment,TV Broadcasting & Software Production
NSE:UBL-EQ,United Breweries Limited,Fast Moving Consumer Goods,Beverages,Breweries & Distilleries
NSE:UCAL-EQ,UCAL LIMITED,Automobile and Auto Components,Auto Components,Auto Components & Equipments
NSE:UCOBANK-EQ,UCO Bank,Financial Services,Banks,Public Sector Bank
NSE:UDS-EQ,Updater Services Limited,Services,Commercial Services & Supplies,Diversified Commercial Services
NSE:UEL-EQ,Ujaas Energy Limited,Power,Power,Power Generation
NSE:UFBL-EQ,United Foodbrands Limited,Consumer Services,Leisure Services,Restaurants
NSE:UFLEX-EQ,UFLEX Limited,Capital Goods,Industrial Products,Packaging
NSE:UFO-EQ,UFO Moviez India Limited,Media Entertainment & Publication,Entertainment,Film Production Distribution & Exhibition
NSE:UGARSUGAR-EQ,The Ugar Sugar Works Limited,Fast Moving Consumer Goods,Agricultural Food & other Products,Other Agricultural Products
NSE:UGROCAP-EQ,Ugro Capital Limited,Financial Services,Finance,Non Banking Financial Company (NBFC)
NSE:UJJIVANSFB-EQ,Ujjivan Small Finance Bank Limited,Financial Services,Banks,Other Bank
NSE:ULTRACEMCO-EQ,UltraTech Cement Limited,Construction Materials,Cement & Cement Products,Cement & Cement Products
NSE:ULTRAMAR-EQ,Ultramarine & Pigments Limited,Chemicals,Chemicals & Petrochemicals,Dyes And Pigments
NSE:UMAEXPORTS-EQ,Uma Exports Limited,Services,Commercial Services & Supplies,Trading & Distributors
NSE:UMESLTD-BE,Usha Martin Education & Solutions Limited,Consumer Services,Other Consumer Services,E-Learning
NSE:UMIYA-MRO-EQ,UMIYA BUILDCON LIMITED,Telecommunication,Telecom - Equipment & Accessories,Telecom - Equipment & Accessories
NSE:UNICHEMLAB-EQ,Unichem Laboratories Limited,Healthcare,Pharmaceuticals & Biotechnology,Pharmaceuticals
NSE:UNIDT-EQ,United Drilling Tools Limited,Capital Goods,Industrial Manufacturing,Industrial Products
NSE:UNIECOM-EQ,Unicommerce Esolutions Limited,Information Technology,IT - Services,IT Enabled Services
NSE:UNIENTER-EQ,Uniphos Enterprises Limited,Chemicals,Chemicals & Petrochemicals,Trading - Chemicals
NSE:UNIINFO-BE,Uniinfo Telecom Services Limited,Telecommunication,Telecom - Services,Other Telecom Services
NSE:UNIMECH-EQ,Unimech Aerospace and Manufacturing Limited,Capital Goods,Aerospace & Defense,Aerospace & Defense
NSE:UNIONBANK-EQ,Union Bank of India,Financial Services,Banks,Public Sector Bank
NSE:UNIPARTS-EQ,Uniparts India Limited,Automobile and Auto Components,Auto Components,Auto Components & Equipments
NSE:UNITDSPR-EQ,United Spirits Limited,Fast Moving Consumer Goods,Beverages,Breweries & Distilleries
NSE:UNITECH-EQ,Unitech Limited,Realty,Realty,Residential Commercial Projects
NSE:UNITEDPOLY-BE,United Polyfab Gujarat Limited,Textiles,Textiles & Apparels,Other Textile Products
NSE:UNITEDTEA-EQ,The United Nilgiri Tea Estates Company Limited,Fast Moving Consumer Goods,Agricultural Food & other Products,Tea & Coffee
NSE:UNIVAFOODS-BE,Univa Foods Limited,Consumer Services,Leisure Services,Hotels & Resorts
NSE:UNIVASTU-EQ,Univastu India Limited,Construction,Construction,Civil Construction
NSE:UNIVCABLES-EQ,Universal Cables Limited,Capital Goods,Industrial Products,Cables - Electricals
NSE:UNIVPHOTO-BE,Universus Photo Imagings Limited,Consumer Durables,Consumer Durables,Consumer Electronics
NSE:UNOMINDA-EQ,UNO Minda Limited,Automobile and Auto Components,Auto Components,Auto Components & Equipments
NSE:UPL-EQ,UPL Limited,Chemicals,Fertilizers & Agrochemicals,Pesticides & Agrochemicals
NSE:URAVIDEF-EQ,Uravi Defence and Technology Limited,Automobile and Auto Components,Auto Components,Auto Components & Equipments
NSE:URBANCO-EQ,Urban Company Limited,Consumer Services,Retailing,E-Retail/ E-Commerce
NSE:URJA-EQ,Urja Global Limited,Capital Goods,Electrical Equipment,Other Electrical Equipment
NSE:USHAMART-EQ,Usha Martin Limited,Capital Goods,Industrial Products,Iron & Steel Products
NSE:USK-EQ,Udayshivakumar Infra Limited,Construction,Construction,Civil Construction
NSE:UTIAMC-EQ,UTI Asset Management Company Limited,Financial Services,Capital Markets,Asset Management Company
NSE:UTKARSHBNK-EQ,Utkarsh Small Finance Bank Limited,Financial Services,Banks,Other Bank
NSE:UTLSOLAR-EQ,Fujiyama Power Systems Limited,Capital Goods,Electrical Equipment,Other Electrical Equipment
NSE:UTTAMSUGAR-EQ,Uttam Sugar Mills Limited,Fast Moving Consumer Goods,Agricultural Food & other Products,Sugar
NSE:UYFINCORP-EQ,U. Y. Fincorp Limited,Financial Services,Finance,Non Banking Financial Company (NBFC)
NSE:V2RETAIL-EQ,V2 Retail Limited,Consumer Services,Retailing,Speciality Retail
NSE:VADILALIND-EQ,Vadilal Industries Limited,Fast Moving Consumer Goods,Food Products,Dairy Products
NSE:VAIBHAVGBL-EQ,Vaibhav Global Limited,Consumer Durables,Consumer Durables,Gems Jewellery And Watches
NSE:VAISHALI-BE,Vaishali Pharma Limited,Healthcare,Pharmaceuticals & Biotechnology,Pharmaceuticals
NSE:VAKRANGEE-EQ,Vakrangee Limited,Information Technology,IT - Services,IT Enabled Services
NSE:VALIANTLAB-BE,Valiant Laboratories Limited,Healthcare,Pharmaceuticals & Biotechnology,Pharmaceuticals
NSE:VALIANTORG-EQ,Valiant Organics Limited,Chemicals,Chemicals & Petrochemicals,Specialty Chemicals
NSE:VARDHACRLC-EQ,Vardhman Acrylics Limited,Textiles,Textiles & Apparels,Other Textile Products
NSE:VARDMNPOLY-EQ,Vardhman Polytex Limited,Textiles,Textiles & Apparels,Other Textile Products
NSE:VARROC-EQ,Varroc Engineering Limited,Automobile and Auto Components,Auto Components,Auto Components & Equipments
NSE:VASCONEQ-BE,Vascon Engineers Limited,Realty,Realty,Residential Commercial Projects
NSE:VASWANI-EQ,Vaswani Industries Limited,Metals & Mining,Ferrous Metals,Sponge Iron
NSE:VBL-EQ,Varun Beverages Limited,Fast Moving Consumer Goods,Beverages,Other Beverages
NSE:VCL-EQ,Vaxtex Cotfab Limited,Textiles,Textiles & Apparels,Other Textile Products
NSE:VEDL-EQ,Vedanta Limited,Metals & Mining,Diversified Metals,Diversified Metals
NSE:VEEDOL-EQ,Veedol Corporation Limited,Oil Gas & Consumable Fuels,Petroleum Products,Lubricants
NSE:VELJAN-EQ,Veljan Denison Limited,Capital Goods,Industrial Products,Compressors Pumps & Diesel Engines
NSE:VENKEYS-EQ,Venky's (India) Limited,Fast Moving Consumer Goods,Food Products,Meat Products including Poultry
NSE:VENTIVE-EQ,Ventive Hospitality Limited,Consumer Services,Leisure Services,Hotels & Resorts
NSE:VENUSPIPES-EQ,Venus Pipes & Tubes Limited,Capital Goods,Industrial Products,Iron & Steel Products
NSE:VENUSREM-EQ,Venus Remedies Limited,Healthcare,Pharmaceuticals & Biotechnology,Pharmaceuticals
NSE:VERANDA-EQ,Veranda Learning Solutions Limited,Consumer Services,Other Consumer Services,E-Learning
NSE:VERTOZ-BE,Vertoz Limited,Information Technology,IT - Services,IT Enabled Services
NSE:VESUVIUS-EQ,Vesuvius India Limited,Capital Goods,Industrial Products,Electrodes & Refractories
NSE:VETO-EQ,Veto Switchgears And Cables Limited,Consumer Durables,Consumer Durables,Consumer Electronics
NSE:VGL-EQ,VARVEE GLOBAL LIMITED,Textiles,Textiles & Apparels,Other Textile Products
NSE:VGUARD-EQ,V-Guard Industries Limited,Consumer Durables,Consumer Durables,Household Appliances
NSE:VHL-EQ,Vardhman Holdings Limited,Financial Services,Finance,Investment Company
NSE:VHLTD-BE,Viceroy Hotels Limited,Consumer Services,Leisure Services,Hotels & Resorts
NSE:VIDHIING-EQ,Vidhi Specialty Food Ingredients Limited,Chemicals,Chemicals & Petrochemicals,Specialty Chemicals
NSE:VIDYAWIRES-EQ,Vidya Wires Limited,Capital Goods,Industrial Products,Aluminium Copper & Zinc Products
NSE:VIJAYA-EQ,Vijaya Diagnostic Centre Limited,Healthcare,Healthcare Services,Healthcare Service Provider
NSE:VIJIFIN-BE,Viji Finance Limited,Financial Services,Finance,Non Banking Financial Company (NBFC)
NSE:VIKASECO-EQ,Vikas EcoTech Limited,Chemicals,Chemicals & Petrochemicals,Specialty Chemicals
NSE:VIKASLIFE-EQ,Vikas Lifecare Limited,Services,Commercial Services & Supplies,Trading & Distributors
NSE:VIKRAMSOLR-EQ,Vikram Solar Limited,Capital Goods,Electrical Equipment,Other Electrical Equipment
NSE:VIKRAN-EQ,Vikran Engineering Limited,Construction,Construction,Civil Construction
NSE:VIMTALABS-EQ,Vimta Labs Limited,Healthcare,Healthcare Services,Healthcare Research Analytics & Technology
NSE:VINATIORGA-EQ,Vinati Organics Limited,Chemicals,Chemicals & Petrochemicals,Specialty Chemicals
NSE:VINCOFE-EQ,Vintage Coffee And Beverages Limited,Services,Commercial Services & Supplies,Trading & Distributors
NSE:VINDHYATEL-EQ,Vindhya Telelinks Limited,Telecommunication,Telecom - Services,Telecom - Infrastructure
NSE:VINEETLAB-BE,Vineet Laboratories Limited,Healthcare,Pharmaceuticals & Biotechnology,Pharmaceuticals
NSE:VINNY-EQ,Vinny Overseas Limited,Textiles,Textiles & Apparels,Garments & Apparels
NSE:VINYLINDIA-EQ,Vinyl Chemicals (India) Limited,Chemicals,Chemicals & Petrochemicals,Trading - Chemicals
NSE:VIPCLOTHNG-BE,VIP Clothing Limited,Textiles,Textiles & Apparels,Garments & Apparels
NSE:VIPIND-EQ,VIP Industries Limited,Consumer Durables,Consumer Durables,Plastic Products - Consumer
NSE:VIPULLTD-EQ,Vipul Limited,Realty,Realty,Residential Commercial Projects
NSE:VIRINCHI-EQ,Virinchi Limited,Information Technology,IT - Software,Software Products
NSE:VISACHROME-BE,VISA Chrome Limited,Metals & Mining,Ferrous Metals,Ferro & Silica Manganese
NSE:VISAKAIND-EQ,Visaka Industries Limited,Construction Materials,Cement & Cement Products,Cement & Cement Products
NSE:VISHNU-EQ,Vishnu Chemicals Limited,Chemicals,Chemicals & Petrochemicals,Specialty Chemicals
NSE:VISHWARAJ-EQ,Vishwaraj Sugar Industries Limited,Fast Moving Consumer Goods,Agricultural Food & other Products,Sugar
NSE:VITAL-BE,Vital Chemtech Limited,Chemicals,Chemicals & Petrochemicals,Specialty Chemicals
NSE:VIVIANA-BE,Viviana Power Tech Limited,Construction,Construction,Civil Construction
NSE:VIVIDHA-EQ,Visagar Polytex Limited,Textiles,Textiles & Apparels,Garments & Apparels
NSE:VIVIMEDLAB-BE,Vivimed Labs Limited,Healthcare,Pharmaceuticals & Biotechnology,Pharmaceuticals
NSE:VIYASH-EQ,Viyash Scientific Limited,Healthcare,Pharmaceuticals & Biotechnology,Pharmaceuticals
NSE:VLEGOV-BE,VL E-Governance & IT Solutions Limited,Information Technology,IT - Services,IT Enabled Services
NSE:VLSFINANCE-EQ,VLS Finance Limited,Financial Services,Finance,Investment Company
NSE:VMART-EQ,V-Mart Retail Limited,Consumer Services,Retailing,Diversified Retail
NSE:VMM-EQ,Vishal Mega Mart Limited,Consumer Services,Retailing,Diversified Retail
NSE:VMSTMT-BE,VMS TMT Limited,Capital Goods,Industrial Products,Iron & Steel Products
NSE:VOLTAMP-EQ,Voltamp Transformers Limited,Capital Goods,Electrical Equipment,Heavy Electrical Equipment
NSE:VOLTAS-EQ,Voltas Limited,Consumer Durables,Consumer Durables,Household Appliances
NSE:VPRPL-BE,Vishnu Prakash R Punglia Limited,Construction,Construction,Civil Construction
NSE:VRAJ-EQ,Vraj Iron and Steel Limited,Metals & Mining,Ferrous Metals,Sponge Iron
NSE:VRLLOG-EQ,VRL Logistics Limited,Services,Transport Services,Logistics Solution Provider
NSE:VSSL-EQ,Vardhman Special Steels Limited,Capital Goods,Industrial Products,Iron & Steel Products
NSE:VSTIND-EQ,VST Industries Limited,Fast Moving Consumer Goods,Cigarettes & Tobacco Products,Cigarettes & Tobacco Products
NSE:VSTL-EQ,Vibhor Steel Tubes Limited,Capital Goods,Industrial Products,Iron & Steel Products
NSE:VSTTILLERS-EQ,V.S.T Tillers Tractors Limited,Capital Goods,Agricultural Commercial & Construction Vehicles,Tractors
NSE:VTL-EQ,Vardhman Textiles Limited,Textiles,Textiles & Apparels,Other Textile Products
NSE:WAAREEENER-EQ,Waaree Energies Limited,Capital Goods,Electrical Equipment,Other Electrical Equipment
NSE:WAAREEINDO-EQ,Indosolar Limited,Capital Goods,Electrical Equipment,Heavy Electrical Equipment
NSE:WAAREERTL-EQ,Waaree Renewable Technologies Limited,Capital Goods,Electrical Equipment,Other Electrical Equipment
NSE:WABAG-EQ,VA Tech Wabag Limited,Utilities,Other Utilities,Water Supply & Management
NSE:WAKEFIT-EQ,Wakefit Innovations Limited,Consumer Durables,Consumer Durables,Furniture Home Furnishing
NSE:WALCHANNAG-EQ,Walchandnagar Industries Limited,Capital Goods,Industrial Manufacturing,Industrial Products
NSE:WANBURY-EQ,Wanbury Limited,Healthcare,Pharmaceuticals & Biotechnology,Pharmaceuticals
NSE:WCIL-EQ,Western Carriers (India) Limited,Services,Transport Services,Logistics Solution Provider
NSE:WEALTH-EQ,Wealth First Portfolio Managers Limited,Financial Services,Finance,Other Financial Services
NSE:WEBELSOLAR-EQ,Websol Energy System Limited,Capital Goods,Electrical Equipment,Other Electrical Equipment
NSE:WEIZMANIND-EQ,Weizmann Limited,Textiles,Textiles & Apparels,Other Textile Products
NSE:WEL-EQ,Wonder Electricals Limited,Consumer Durables,Consumer Durables,Household Appliances
NSE:WELCORP-EQ,Welspun Corp Limited,Capital Goods,Industrial Products,Iron & Steel Products
NSE:WELENT-EQ,Welspun Enterprises Limited,Construction,Construction,Civil Construction
NSE:WELINV-BE,Welspun Investments and Commercials Limited,Financial Services,Finance,Investment Company
NSE:WELSPLSOL-EQ,Welspun Specialty Solutions Limited,Capital Goods,Industrial Products,Iron & Steel Products
NSE:WELSPUNLIV-EQ,Welspun Living Limited,Textiles,Textiles & Apparels,Other Textile Products
NSE:WENDT-EQ,Wendt (India) Limited,Capital Goods,Industrial Products,Abrasives & Bearings
NSE:WESTLIFE-EQ,WESTLIFE FOODWORLD LIMITED,Consumer Services,Leisure Services,Restaurants
NSE:WEWIN-BE,WE WIN LIMITED,Services,Commercial Services & Supplies,Business Process Outsourcing (BPO)/ Knowledge Process Outsourcing (KPO)
NSE:WEWORK-EQ,WeWork India Management Limited,Services,Commercial Services & Supplies,Diversified Commercial Services
NSE:WHEELS-EQ,Wheels India Limited,Automobile and Auto Components,Auto Components,Auto Components & Equipments
NSE:WHIRLPOOL-EQ,Whirlpool of India Limited,Consumer Durables,Consumer Durables,Household Appliances
NSE:WILLAMAGOR-EQ,Williamson Magor & Company Limited,Financial Services,Finance,Investment Company
NSE:WIMPLAST-EQ,Wim Plast Limited,Consumer Durables,Consumer Durables,Plastic Products - Consumer
NSE:WINDLAS-EQ,Windlas Biotech Limited,Healthcare,Pharmaceuticals & Biotechnology,Pharmaceuticals
NSE:WINDMACHIN-EQ,Windsor Machines Limited,Capital Goods,Industrial Manufacturing,Industrial Products
NSE:WINSOME-BZ,Winsome Yarns Limited,Textiles,Textiles & Apparels,Other Textile Products
NSE:WIPL-EQ,The Western India Plywoods Limited,Consumer Durables,Consumer Durables,Plywood Boards/ Laminates
NSE:WIPRO-EQ,Wipro Limited,Information Technology,IT - Software,Computers - Software & Consulting
NSE:WOCKPHARMA-EQ,Wockhardt Limited,Healthcare,Pharmaceuticals & Biotechnology,Pharmaceuticals
NSE:WONDERLA-EQ,Wonderla Holidays Limited,Consumer Services,Leisure Services,Amusement Parks/ Other Recreation
NSE:WORTHPERI-EQ,Worth Peripherals Limited,Capital Goods,Industrial Products,Packaging
NSE:WPIL-EQ,WPIL Limited,Capital Goods,Industrial Products,Other Industrial Products
NSE:WSI-EQ,W S Industries (I) Limited,Construction,Construction,Civil Construction
NSE:WSTCSTPAPR-EQ,West Coast Paper Mills Limited,Forest Materials,Paper Forest & Jute Products,Paper & Paper Products
NSE:XCHANGING-EQ,Xchanging Solutions Limited,Information Technology,IT - Software,Computers - Software & Consulting
NSE:XELPMOC-EQ,Xelpmoc Design And Tech Limited,Information Technology,IT - Software,Software Products
NSE:XPROINDIA-EQ,Xpro India Limited,Capital Goods,Industrial Products,Packaging
NSE:XTGLOBAL-EQ,Xtglobal Infotech Limited,Information Technology,IT - Software,Computers - Software & Consulting
NSE:YASHO-EQ,Yasho Industries Limited,Chemicals,Chemicals & Petrochemicals,Specialty Chemicals
NSE:YATHARTH-EQ,Yatharth Hospital & Trauma Care Services Limited,Healthcare,Healthcare Services,Hospital
NSE:YATRA-EQ,Yatra Online Limited,Consumer Services,Leisure Services,Tour Travel Related Services
NSE:YESBANK-EQ,Yes Bank Limited,Financial Services,Banks,Private Sector Bank
NSE:YUKEN-EQ,Yuken India Limited,Capital Goods,Industrial Products,Compressors Pumps & Diesel Engines
NSE:ZAGGLE-EQ,Zaggle Prepaid Ocean Services Limited,Information Technology,IT - Services,IT Enabled Services
NSE:ZEEL-EQ,Zee Entertainment Enterprises Limited,Media Entertainment & Publication,Entertainment,TV Broadcasting & Software Production
NSE:ZEELEARN-EQ,Zee Learn Limited,Consumer Services,Other Consumer Services,Education
NSE:ZEEMEDIA-EQ,Zee Media Corporation Limited,Media Entertainment & Publication,Entertainment,TV Broadcasting & Software Production
NSE:ZENITHEXPO-EQ,Zenith Exports Limited,Consumer Durables,Consumer Durables,Leather And Leather Products
NSE:ZENITHSTL-EQ,Zenith Steel Pipes & Industries Limited,Capital Goods,Industrial Products,Iron & Steel Products
NSE:ZENSARTECH-EQ,Zensar Technologies Limited,Information Technology,IT - Software,Computers - Software & Consulting
NSE:ZENTEC-EQ,Zen Technologies Limited,Capital Goods,Aerospace & Defense,Aerospace & Defense
NSE:ZFCVINDIA-EQ,ZF Commercial Vehicle Control Systems India Limited,Automobile and Auto Components,Auto Components,Auto Components & Equipments
NSE:ZFSTEERING-EQ,ZF Steering Gear (India) Limited,Automobile and Auto Components,Auto Components,Auto Components & Equipments
NSE:ZIMLAB-BE,Zim Laboratories Limited,Healthcare,Pharmaceuticals & Biotechnology,Pharmaceuticals
NSE:ZODIAC-BE,Zodiac Energy Limited,Construction,Construction,Civil Construction
NSE:ZODIACLOTH-EQ,Zodiac Clothing Company Limited,Textiles,Textiles & Apparels,Garments & Apparels
NSE:ZOTA-EQ,Zota Health Care LImited,Healthcare,Pharmaceuticals & Biotechnology,Pharmaceuticals
NSE:ZSARACOM-EQ,Saraswati Commercial India Limited,Financial Services,Finance,Non Banking Financial Company (NBFC)
NSE:ZUARI-EQ,Zuari Agro Chemicals Limited,Chemicals,Fertilizers & Agrochemicals,Fertilizers
NSE:ZUARIIND-EQ,ZUARI INDUSTRIES LIMITED,Fast Moving Consumer Goods,Agricultural Food & other Products,Sugar
NSE:ZYDUSLIFE-EQ,Zydus Lifesciences Limited,Healthcare,Pharmaceuticals & Biotechnology,Pharmaceuticals
NSE:ZYDUSWELL-EQ,Zydus Wellness Limited,Fast Moving Consumer Goods,Food Products,Packaged Foods
