Stock Name,Symbol,Sector,Industry Name,Exchange, ISIN NUMBER
Grindwell Norton Ltd.,GRINDWELL,Abrasives,Abrasives,NSE,INE536A01023
Carborundum Universal Ltd.,CARBORUNIV,Abrasives,Abrasives,NSE,INE120A01034
Wendt (India) Ltd.,WENDT,Abrasives,Abrasives,NSE,INE274C01019
Signpost India Ltd.,SIGNPOST,Media & Entertainment,Advertising & Media,NSE,INE0KGZ01021
Vertoz Ltd.,VERTOZ,Media & Entertainment,Advertising & Media,NSE,INE188Y01031
RK Swamy Ltd.,RKSWAMY,Media & Entertainment,Advertising & Media,NSE,INE0NQ801033
Cash UR Drive Marketing Ltd.,CUDML,Media & Entertainment,Advertising & Media,NSE,INE0WL201014
Maxposure Ltd.,MAXPOSURE,Media & Entertainment,Advertising & Media,NSE,INE0ECC01022
Crayons Advertising Ltd.,CRAYONS,Media & Entertainment,Advertising & Media,NSE,INE0OFK01019
Graphisads Ltd.,GRAPHISAD,Media & Entertainment,Advertising & Media,NSE,INE0POU01017
Veritaas Advertising Ltd.,VERITAAS,Media & Entertainment,Advertising & Media,NSE,INE0SRI01019
Kaveri Seed Company Ltd.,KSCL,Agriculture,Agriculture,NSE,INE455I01029
Venky'S (India) Ltd.,VENKEYS,Agriculture,Agriculture,NSE,INE398A01010
Bombay Super Hybrid Seeds Ltd.,BSHSL,Agriculture,Agriculture,NSE,INE032Z01020
AVT Natural Products Ltd.,AVTNPL,Agriculture,Agriculture,NSE,INE488D01021
Regaal Resources Ltd.,REGAAL,Agriculture,Agriculture,NSE,INE0MHO01029
Shri Ahimsa Naturals Ltd.,SHRIAHIMSA,Agriculture,Agriculture,NSE,INE0DM401012
Mangalam Global Enterprise Ltd.,MGEL,Agriculture,Agriculture,NSE,INE0APB01032
Freshara Agro Exports Ltd.,FRESHARA,Agriculture,Agriculture,NSE,INE0SFW01015
Harrisons Malayalam Ltd.,HARRMALAYA,Agriculture,Agriculture,NSE,INE544A01019
Nath Bio-Genes (India) Ltd.,NATHBIOGEN,Agriculture,Agriculture,NSE,INE448G01010
Indo US Bio-Tech Ltd.,INDOUS,Agriculture,Agriculture,NSE,INE250Z01010
Kotyark Industries Ltd.,KOTYARK,Agriculture,Agriculture,NSE,INE0J0B01017
Sheetal Universal Ltd.,SHEETAL,Agriculture,Agriculture,NSE,INE04VX01019
Shree Oswal Seeds and Chemicals Ltd.,OSWALSEEDS,Agriculture,Agriculture,NSE,INE00IK01029
Sheel Biotech Ltd.,SHEEL,Agriculture,Agriculture,NSE,INE0YJV01017
Upsurge Seeds Of Agriculture Ltd.,USASEEDS,Agriculture,Agriculture,NSE,INE0CBM01019
Agri-Tech (India) Ltd.,AGRITECH,Agriculture,Agriculture,NSE,INE449G01018
Narmada Agrobase Ltd.,NARMADA,Agriculture,Agriculture,NSE,INE117Z01011
Sameera Agro & Infra Ltd.,SAIFL,Agriculture,Agriculture,NSE,INE0PZA01015
Rajgor Castor Derivatives Ltd.,RCDL,Agriculture,Agriculture,NSE,INE0BZQ01011
Dhanlaxmi Crop Science Ltd.,DHANLAXMI,Agriculture,Agriculture,NSE,INE0V9V01010
Nirman Agri Genetics Ltd.,NIRMAN,Agriculture,Agriculture,NSE,INE0OK701014
Vishwas Agri Seeds Ltd.,VISHWAS,Agriculture,Agriculture,NSE,INE0S2E01016
Continental Seeds and Chemicals Ltd.,CONTI,Agriculture,Agriculture,NSE,INE340Z01019
Gajanand International Ltd.,GAJANAND,Agriculture,Agriculture,NSE,INE0QTE01018
Antarctica Ltd.,ANTGRAPHIC,Agriculture,Agriculture,NSE,INE414B01021
Voltas Ltd.,VOLTAS,Consumer Durables,Air Conditioners,NSE,INE226A01021
Blue Star Ltd.,BLUESTARCO,Consumer Durables,Air Conditioners,NSE,INE472A01039
Amber Enterprises India Ltd.,AMBER,Consumer Durables,Air Conditioners,NSE,INE371P01015
Bosch Home Comfort India Ltd.,BOSCH-HCIL,Consumer Durables,Air Conditioners,NSE,INE782A01015
EPACK Durable Ltd.,EPACK,Consumer Durables,Air Conditioners,NSE,INE0G5901015
Interglobe Aviation Ltd.,INDIGO,Aviation,Airlines,NSE,INE646L01027
Raymond Ltd.,RAYMOND,Aviation,Airlines,NSE,INE301A01014
FlySBS Aviation Ltd.,FLYSBS,Aviation,Airlines,NSE,INE0VCK01011
Global Vectra Helicorp Ltd.,GLOBALVECT,Aviation,Airlines,NSE,INE792H01019
GMR Airports Ltd.,GMRAIRPORT,Aviation,Airport Management Services,NSE,INE776C01039
Dreamfolks Services Ltd.,DREAMFOLKS,Aviation,Airport Management Services,NSE,INE0JS101016
National Aluminium Company Ltd.,NATIONALUM,Non - Ferrous Metals,Aluminium & Aluminium Products,NSE,INE139A01034
Arfin India Ltd.,ARFIN,Non - Ferrous Metals,Aluminium & Aluminium Products,NSE,INE784R01023
Maan Aluminium Ltd.,MAANALU,Non - Ferrous Metals,Aluminium & Aluminium Products,NSE,INE215I01027
Hardwyn India Ltd.,HARDWYN,Non - Ferrous Metals,Aluminium & Aluminium Products,NSE,INE626Z01029
MMP Industries Ltd.,MMP,Non - Ferrous Metals,Aluminium & Aluminium Products,NSE,INE511Y01018
Baheti Recycling Industries Ltd.,BAHETI,Non - Ferrous Metals,Aluminium & Aluminium Products,NSE,INE029Q01017
Euro Panel Products Ltd.,EUROBOND,Non - Ferrous Metals,Aluminium & Aluminium Products,NSE,INE505V01016
Jainik Power Cables Ltd.,JAINIK,Non - Ferrous Metals,Aluminium & Aluminium Products,NSE,INE0XIL01012
Century Extrusions Ltd.,CENTEXT,Non - Ferrous Metals,Aluminium & Aluminium Products,NSE,INE281A01026
Manaksia Aluminium Company Ltd.,MANAKALUCO,Non - Ferrous Metals,Aluminium & Aluminium Products,NSE,INE859Q01017
Wonderla Holidays Ltd.,WONDERLA,Hospitality,Amusement Parks/Recreation/Club,NSE,INE066O01014
Imagicaaworld Entertainment Ltd.,IMAGICAA,Hospitality,Amusement Parks/Recreation/Club,NSE,INE172N01012
Delta Corp Ltd.,DELTACORP,Hospitality,Amusement Parks/Recreation/Club,NSE,INE124G01033
Avanti Feeds Ltd.,AVANTIFEED,Fast Moving Consumer Goods,Animal Feed,NSE,INE871C01038
Godrej Agrovet Ltd.,GODREJAGRO,Fast Moving Consumer Goods,Animal Feed,NSE,INE850D01014
Mukka Proteins Ltd.,MUKKA,Fast Moving Consumer Goods,Animal Feed,NSE,INE0CG401037
Ajooni Biotech Ltd.,AJOONI,Fast Moving Consumer Goods,Animal Feed,NSE,INE820Y01021
Apex Frozen Foods Ltd.,APEX,Agriculture,Aquaculture,NSE,INE346W01013
Samvardhana Motherson International Ltd.,MOTHERSON,Automobile & Ancillaries,Auto Ancillary,NSE,INE775A01035
Bosch Ltd.,BOSCHLTD,Automobile & Ancillaries,Auto Ancillary,NSE,INE323A01026
UNO Minda Ltd.,UNOMINDA,Automobile & Ancillaries,Auto Ancillary,NSE,INE405E01023
Tube Investments of India Ltd.,TIINDIA,Automobile & Ancillaries,Auto Ancillary,NSE,INE974X01010
Endurance Technologies Ltd.,ENDURANCE,Automobile & Ancillaries,Auto Ancillary,NSE,INE913H01037
Motherson Sumi Wiring India Ltd.,MSUMI,Automobile & Ancillaries,Auto Ancillary,NSE,INE0FS801015
Sona BLW Precision Forgings Ltd.,SONACOMS,Automobile & Ancillaries,Auto Ancillary,NSE,INE073K01018
ZF Commercial Vehicle Control Systems India Ltd.,ZFCVINDIA,Automobile & Ancillaries,Auto Ancillary,NSE,INE342J01019
Tenneco Clean Air India Ltd.,TENNIND,Automobile & Ancillaries,Auto Ancillary,NSE,INE19RI01016
Sundram Fasteners Ltd.,SUNDRMFAST,Automobile & Ancillaries,Auto Ancillary,NSE,INE387A01021
Craftsman Automation Ltd.,CRAFTSMAN,Automobile & Ancillaries,Auto Ancillary,NSE,INE00LO01017
Belrise Industries Ltd.,BELRISE,Automobile & Ancillaries,Auto Ancillary,NSE,INE894V01022
CIE Automotive India Ltd.,CIEINDIA,Automobile & Ancillaries,Auto Ancillary,NSE,INE536H01010
Gabriel India Ltd.,GABRIEL,Automobile & Ancillaries,Auto Ancillary,NSE,INE524A01029
JBM Auto Ltd.,JBMA,Automobile & Ancillaries,Auto Ancillary,NSE,INE927D01051
Shriram Pistons & Rings Ltd,SHRIPISTON,Automobile & Ancillaries,Auto Ancillary,NSE,INE526E01018
Minda Corporation Ltd.,MINDACORP,Automobile & Ancillaries,Auto Ancillary,NSE,INE842C01021
Bombay Burmah Trading Corporation Ltd.,BBTC,Automobile & Ancillaries,Auto Ancillary,NSE,INE050A01025
Sansera Engineering Ltd.,SANSERA,Automobile & Ancillaries,Auto Ancillary,NSE,INE953O01021
Lumax Auto Technologies Ltd.,LUMAXTECH,Automobile & Ancillaries,Auto Ancillary,NSE,INE872H01027
Banco Products (India) Ltd.,BANCOINDIA,Automobile & Ancillaries,Auto Ancillary,NSE,INE213C01025
ASK Automotive Ltd.,ASKAUTOLTD,Automobile & Ancillaries,Auto Ancillary,NSE,INE491J01022
Varroc Engineering Ltd.,VARROC,Automobile & Ancillaries,Auto Ancillary,NSE,INE665L01035
Pricol Ltd.,PRICOLLTD,Automobile & Ancillaries,Auto Ancillary,NSE,INE726V01018
Suprajit Engineering Ltd.,SUPRAJIT,Automobile & Ancillaries,Auto Ancillary,NSE,INE399C01030
Fiem Industries Ltd.,FIEMIND,Automobile & Ancillaries,Auto Ancillary,NSE,INE737H01014
LG Balakrishnan & Bros Ltd.,LGBBROSLTD,Automobile & Ancillaries,Auto Ancillary,NSE,INE337A01034
SJS Enterprises Ltd.,SJS,Automobile & Ancillaries,Auto Ancillary,NSE,INE284S01014
Subros Ltd.,SUBROS,Automobile & Ancillaries,Auto Ancillary,NSE,INE287B01021
Sharda Motor Industries Ltd.,SHARDAMOTR,Automobile & Ancillaries,Auto Ancillary,NSE,INE597I01028
Lumax Industries Ltd.,LUMAXIND,Automobile & Ancillaries,Auto Ancillary,NSE,INE162B01018
Jamna Auto Industries Ltd.,JAMNAAUTO,Automobile & Ancillaries,Auto Ancillary,NSE,INE039C01032
JTEKT India Ltd.,JTEKTINDIA,Automobile & Ancillaries,Auto Ancillary,NSE,INE643A01035
Shanthi Gears Ltd.,SHANTIGEAR,Automobile & Ancillaries,Auto Ancillary,NSE,INE631A01022
Sandhar Technologies Ltd.,SANDHAR,Automobile & Ancillaries,Auto Ancillary,NSE,INE278H01035
Carraro India Ltd.,CARRARO,Automobile & Ancillaries,Auto Ancillary,NSE,INE0V7W01012
Steel Strips Wheels Ltd.,SSWL,Automobile & Ancillaries,Auto Ancillary,NSE,INE802C01033
Automotive Axles Ltd.,AUTOAXLES,Automobile & Ancillaries,Auto Ancillary,NSE,INE449A01011
Sundaram-Clayton Ltd.,SUNCLAY,Automobile & Ancillaries,Auto Ancillary,NSE,INE0Q3R01026
Federal-Mogul Goetze (India) Ltd.,FMGOETZE,Automobile & Ancillaries,Auto Ancillary,NSE,INE529A01010
Rajratan Global Wire Ltd.,RAJRATAN,Automobile & Ancillaries,Auto Ancillary,NSE,INE451D01029
Rane (Madras) Ltd.,RML,Automobile & Ancillaries,Auto Ancillary,NSE,INE050H01012
Studds Accessories Ltd.,STUDDS,Automobile & Ancillaries,Auto Ancillary,NSE,INE00Q601028
Wheels India Ltd.,WHEELS,Automobile & Ancillaries,Auto Ancillary,NSE,INE715A01015
NDR Auto Components Ltd.,NDRAUTO,Automobile & Ancillaries,Auto Ancillary,NSE,INE07OG01012
Divgi Torqtransfer Systems Ltd.,DIVGIITTS,Automobile & Ancillaries,Auto Ancillary,NSE,INE753U01022
India Nippon Electricals Ltd.,INDNIPPON,Automobile & Ancillaries,Auto Ancillary,NSE,INE092B01025
Rico Auto Industries Ltd.,RICOAUTO,Automobile & Ancillaries,Auto Ancillary,NSE,INE209B01025
Talbros Automotive Components Ltd.,TALBROAUTO,Automobile & Ancillaries,Auto Ancillary,NSE,INE187D01029
Precision Camshafts Ltd.,PRECAM,Automobile & Ancillaries,Auto Ancillary,NSE,INE484I01029
RACL Geartech Ltd.,RACLGEAR,Automobile & Ancillaries,Auto Ancillary,NSE,INE704B01017
The Hi-Tech Gears Ltd.,HITECHGEAR,Automobile & Ancillaries,Auto Ancillary,NSE,INE127B01011
GNA Axles Ltd.,GNA,Automobile & Ancillaries,Auto Ancillary,NSE,INE934S01014
Kross Ltd.,KROSS,Automobile & Ancillaries,Auto Ancillary,NSE,INE0O6601022
Bharat Seats Ltd.,BHARATSE,Automobile & Ancillaries,Auto Ancillary,NSE,INE415D01024
Jay Bharat Maruti Ltd.,JAYBARMARU,Automobile & Ancillaries,Auto Ancillary,NSE,INE571B01036
Munjal Auto Industries Ltd.,MUNJALAU,Automobile & Ancillaries,Auto Ancillary,NSE,INE672B01032
Automotive Stampings and Assemblies Ltd.,ASAL,Automobile & Ancillaries,Auto Ancillary,NSE,INE900C01027
Hindustan Composites Ltd.,HINDCOMPOS,Automobile & Ancillaries,Auto Ancillary,NSE,INE310C01029
Munjal Showa Ltd.,MUNJALSHOW,Automobile & Ancillaries,Auto Ancillary,NSE,INE577A01027
Remsons Industries Ltd.,REMSONSIND,Automobile & Ancillaries,Auto Ancillary,NSE,INE474C01023
Autoline Industries Ltd.,AUTOIND,Automobile & Ancillaries,Auto Ancillary,NSE,INE718H01014
Pavna Industries Ltd.,PAVNAIND,Automobile & Ancillaries,Auto Ancillary,NSE,INE07S101038
PPAP Automotive Ltd.,PPAP,Automobile & Ancillaries,Auto Ancillary,NSE,INE095I01015
Shivam Autotech Ltd.,SHIVAMAUTO,Automobile & Ancillaries,Auto Ancillary,NSE,INE637H01024
Sintercom India Ltd.,SINTERCOM,Automobile & Ancillaries,Auto Ancillary,NSE,INE129Z01016
Sundaram Brake Linings Ltd.,SUNDRMBRAK,Automobile & Ancillaries,Auto Ancillary,NSE,INE073D01013
UCAL Ltd.,UCAL,Automobile & Ancillaries,Auto Ancillary,NSE,INE139B01016
Uravi Defence and Technology Ltd.,URAVIDEF,Automobile & Ancillaries,Auto Ancillary,NSE,INE568Z01015
Omax Autos Ltd.,OMAXAUTO,Automobile & Ancillaries,Auto Ancillary,NSE,INE090B01011
Setco Automotive Ltd.,SETCO,Automobile & Ancillaries,Auto Ancillary,NSE,INE878E01021
Pritika Engineering Components Ltd.,PRITIKA,Automobile & Ancillaries,Auto Ancillary,NSE,INE0MJQ01020
Bharat Gears Ltd.,BHARATGEAR,Automobile & Ancillaries,Auto Ancillary,NSE,INE561C01019
ASL Industries Ltd.,ASLIND,Automobile & Ancillaries,Auto Ancillary,NSE,INE617I01024
Sellowrap Industries Ltd.,SELLOWRAP,Automobile & Ancillaries,Auto Ancillary,NSE,INE0IJF01013
Shigan Quantum Technologies Ltd.,SHIGAN,Automobile & Ancillaries,Auto Ancillary,NSE,INE03KJ01013
Premium Plast Ltd.,PREMIUM,Automobile & Ancillaries,Auto Ancillary,NSE,INE0M1F01011
Mandeep Auto Industries Ltd.,MANDEEP,Automobile & Ancillaries,Auto Ancillary,NSE,INE0R3T01013
Landmark Cars Ltd.,LANDMARK,Automobile & Ancillaries,Automobiles - Dealers & Distributors,NSE,INE559R01029
Popular Vehicles & Services Ltd.,PVSL,Automobile & Ancillaries,Automobiles - Dealers & Distributors,NSE,INE772T01024
Bikewo Green Tech Ltd.,BIKEWO,Automobile & Ancillaries,Automobiles - Dealers & Distributors,NSE,INE0SQH01013
Kalyani Commercials Ltd.,KALYANI,Automobile & Ancillaries,Automobiles - Dealers & Distributors,NSE,INE610E01010
Maruti Suzuki India Ltd.,MARUTI,Automobile & Ancillaries,Automobiles - Passenger Cars,NSE,INE585B01010
Mahindra & Mahindra Ltd.,M&M,Automobile & Ancillaries,Automobiles - Passenger Cars,NSE,INE101A01026
Hyundai Motor India Ltd.,HYUNDAI,Automobile & Ancillaries,Automobiles - Passenger Cars,NSE,INE0V6F01027
Tata Motors Passenger Vehicles Ltd.,TMPV,Automobile & Ancillaries,Automobiles - Passenger Cars,NSE,INE155A01022
Escorts Kubota Ltd.,ESCORTS,Automobile & Ancillaries,Automobiles-Tractors,NSE,INE042A01014
V.S.T. Tillers Tractors Ltd.,VSTTILLERS,Automobile & Ancillaries,Automobiles-Tractors,NSE,INE764D01017
Indo Farm Equipments Ltd.,INDOFARM,Automobile & Ancillaries,Automobiles-Tractors,NSE,INE622H01018
Tata Motors Ltd.,TMCV,Automobile & Ancillaries,Automobiles-Trucks/Lcv,NSE,INE1TAE01010
Ashok Leyland Ltd.,ASHOKLEY,Automobile & Ancillaries,Automobiles-Trucks/Lcv,NSE,INE208A01029
Force Motors Ltd.,FORCEMOT,Automobile & Ancillaries,Automobiles-Trucks/Lcv,NSE,INE451A01017
Olectra Greentech Ltd.,OLECTRA,Automobile & Ancillaries,Automobiles-Trucks/Lcv,NSE,INE260D01016
SML Mahindra Ltd.,SMLMAH,Automobile & Ancillaries,Automobiles-Trucks/Lcv,NSE,INE294B01019
Bajaj Auto Ltd.,BAJAJ-AUTO,Automobile & Ancillaries,Automobile Two & Three Wheelers,NSE,INE917I01010
Eicher Motors Ltd.,EICHERMOT,Automobile & Ancillaries,Automobile Two & Three Wheelers,NSE,INE066A01021
TVS Motor Company Ltd.,TVSMOTOR,Automobile & Ancillaries,Automobile Two & Three Wheelers,NSE,INE494B01023
Hero MotoCorp Ltd.,HEROMOTOCO,Automobile & Ancillaries,Automobile Two & Three Wheelers,NSE,INE158A01026
Ather Energy Ltd.,ATHERENERG,Automobile & Ancillaries,Automobile Two & Three Wheelers,NSE,INE0LEZ01016
OLA Electric Mobility Ltd.,OLAELEC,Automobile & Ancillaries,Automobile Two & Three Wheelers,NSE,INE0LXG01040
Atul Auto Ltd.,ATULAUTO,Automobile & Ancillaries,Automobile Two & Three Wheelers,NSE,INE951D01028
Tunwal E-Motors Ltd.,TUNWAL,Automobile & Ancillaries,Automobile Two & Three Wheelers,NSE,INE0OXV01027
Delta Autocorp Ltd.,DELTIC,Automobile & Ancillaries,Automobile Two & Three Wheelers,NSE,INE0XRN01019
HDFC Bank Ltd.,HDFCBANK,Banking,Bank - Private,NSE,INE040A01034
ICICI Bank Ltd.,ICICIBANK,Banking,Bank - Private,NSE,INE090A01021
Kotak Mahindra Bank Ltd.,KOTAKBANK,Banking,Bank - Private,NSE,INE237A01028
Axis Bank Ltd.,AXISBANK,Banking,Bank - Private,NSE,INE238A01034
IDBI Bank Ltd.,IDBI,Banking,Bank - Private,NSE,INE008A01015
AU Small Finance Bank Ltd.,AUBANK,Banking,Bank - Private,NSE,INE949L01017
IDFC First Bank Ltd.,IDFCFIRSTB,Banking,Bank - Private,NSE,INE092T01019
Yes Bank Ltd.,YESBANK,Banking,Bank - Private,NSE,INE528G01035
IndusInd Bank Ltd.,INDUSINDBK,Banking,Bank - Private,NSE,INE095A01012
The Federal Bank Ltd.,FEDERALBNK,Banking,Bank - Private,NSE,INE171A01029
Karur Vysya Bank Ltd.,KARURVYSYA,Banking,Bank - Private,NSE,INE036D01028
Bandhan Bank Ltd.,BANDHANBNK,Banking,Bank - Private,NSE,INE545U01014
City Union Bank Ltd.,CUB,Banking,Bank - Private,NSE,INE491A01021
RBL Bank Ltd.,RBLBANK,Banking,Bank - Private,NSE,INE976G01028
The Jammu & Kashmir Bank Ltd.,J&KBANK,Banking,Bank - Private,NSE,INE168A01041
Ujjivan Small Finance Bank Ltd.,UJJIVANSFB,Banking,Bank - Private,NSE,INE551W01018
The South Indian Bank Ltd.,SOUTHBANK,Banking,Bank - Private,NSE,INE683A01023
Tamilnad Mercantile Bank Ltd.,TMB,Banking,Bank - Private,NSE,INE668A01016
The Karnataka Bank Ltd.,KTKBANK,Banking,Bank - Private,NSE,INE614B01018
CSB Bank Ltd.,CSBBANK,Banking,Bank - Private,NSE,INE679A01013
Equitas Small Finance Bank Ltd.,EQUITASBNK,Banking,Bank - Private,NSE,INE063P01018
DCB Bank Ltd.,DCBBANK,Banking,Bank - Private,NSE,INE503A01015
Jana Small Finance Bank Ltd.,JSFB,Banking,Bank - Private,NSE,INE953L01027
Utkarsh Small Finance Bank Ltd.,UTKARSHBNK,Banking,Bank - Private,NSE,INE735W01017
Fino Payments Bank Ltd.,FINOPB,Banking,Bank - Private,NSE,INE02NC01014
Suryoday Small Finance Bank Ltd.,SURYODAY,Banking,Bank - Private,NSE,INE428Q01011
ESAF Small Finance Bank Ltd.,ESAFSFB,Banking,Bank - Private,NSE,INE818W01011
Capital Small Finance Bank Ltd.,CAPITALSFB,Banking,Bank - Private,NSE,INE646H01017
Dhanlaxmi Bank Ltd.,DHANBANK,Banking,Bank - Private,NSE,INE680A01011
State Bank Of India,SBIN,Banking,Bank - Public,NSE,INE062A01020
Bank Of Baroda,BANKBARODA,Banking,Bank - Public,NSE,INE028A01039
Punjab National Bank,PNB,Banking,Bank - Public,NSE,INE160A01022
Canara Bank,CANBK,Banking,Bank - Public,NSE,INE476A01022
Union Bank Of India,UNIONBANK,Banking,Bank - Public,NSE,INE692A01016
Indian Bank,INDIANB,Banking,Bank - Public,NSE,INE562A01011
Indian Overseas Bank,IOB,Banking,Bank - Public,NSE,INE565A01014
Bank Of India,BANKINDIA,Banking,Bank - Public,NSE,INE084A01016
Bank Of Maharashtra,MAHABANK,Banking,Bank - Public,NSE,INE457A01014
UCO Bank,UCOBANK,Banking,Bank - Public,NSE,INE691A01018
Central Bank Of India,CENTRALBK,Banking,Bank - Public,NSE,INE483A01010
Punjab & Sind Bank,PSB,Banking,Bank - Public,NSE,INE608A01012
Exide Industries Ltd.,EXIDEIND,Automobile & Ancillaries,Batteries,NSE,INE302A01020
HBL Engineering Ltd.,HBLENGINE,Automobile & Ancillaries,Batteries,NSE,INE292B01021
Amara Raja Energy & Mobility Ltd.,ARE&M,Automobile & Ancillaries,Batteries,NSE,INE885A01032
Eveready Industries India Ltd.,EVEREADY,Automobile & Ancillaries,Batteries,NSE,INE128A01029
Maxvolt Energy Industries Ltd.,MAXVOLT,Automobile & Ancillaries,Batteries,NSE,INE10A501018
Indo-National Ltd.,NIPPOBATRY,Automobile & Ancillaries,Batteries,NSE,INE567A01028
Goldstar Power Ltd.,GOLDSTAR,Automobile & Ancillaries,Batteries,NSE,INE405Y01021
ATC Energies System Ltd.,ATCENERGY,Automobile & Ancillaries,Batteries,NSE,INE0V0Q01019
Schaeffler India Ltd.,SCHAEFFLER,Automobile & Ancillaries,Bearings,NSE,INE513A01022
Timken India Ltd.,TIMKEN,Automobile & Ancillaries,Bearings,NSE,INE325A01013
SKF India (Industrial) Ltd.,SKFINDUS,Automobile & Ancillaries,Bearings,NSE,INE2J8701016
SKF India Ltd.,SKFINDIA,Automobile & Ancillaries,Bearings,NSE,INE640A01023
Rolex Rings Ltd,ROLEXRINGS,Automobile & Ancillaries,Bearings,NSE,INE645S01024
NRB Bearings Ltd.,NRBBEARING,Automobile & Ancillaries,Bearings,NSE,INE349A01021
Menon Bearings Ltd.,MENONBE,Automobile & Ancillaries,Bearings,NSE,INE071D01033
SKP Bearing Industries Ltd.,SKP,Automobile & Ancillaries,Bearings,NSE,INE0KZA01016
NRB Industrial Bearings Ltd.,NIBL,Automobile & Ancillaries,Bearings,NSE,INE047O01014
Info Edge (India) Ltd.,NAUKRI,Information Technology,BPO/ITeS,NSE,INE663F01032
Inventurus Knowledge Solutions Ltd.,IKS,Information Technology,BPO/ITeS,NSE,INE115Q01022
Affle 3i Ltd.,AFFLE,Information Technology,BPO/ITeS,NSE,INE00WC01027
Firstsource Solutions Ltd.,FSL,Information Technology,BPO/ITeS,NSE,INE684F01012
eClerx Services Ltd.,ECLERX,Information Technology,BPO/ITeS,NSE,INE738I01010
Just Dial Ltd.,JUSTDIAL,Information Technology,BPO/ITeS,NSE,INE599M01018
Quess Corp Ltd.,QUESS,Information Technology,BPO/ITeS,NSE,INE615P01015
Protean e-Gov Technologies Ltd.,PROTEAN,Information Technology,BPO/ITeS,NSE,INE004A01022
Hinduja Global Solutions Ltd.,HGS,Information Technology,BPO/ITeS,NSE,INE170I01016
One Point One Solutions Ltd.,ONEPOINT,Information Technology,BPO/ITeS,NSE,INE840Y01029
Alldigi Tech Ltd.,ALLDIGI,Information Technology,BPO/ITeS,NSE,INE835G01018
Matrimony.Com Ltd.,MATRIMONY,Information Technology,BPO/ITeS,NSE,INE866R01028
Creative Newtech Ltd.,CNL,Information Technology,BPO/ITeS,NSE,INE985W01018
Vakrangee Ltd.,VAKRANGEE,Information Technology,BPO/ITeS,NSE,INE051B01021
IRIS RegTech Solutions Ltd.,IRIS,Information Technology,BPO/ITeS,NSE,INE864K01010
Sigma Solve Ltd.,SIGMA,Information Technology,BPO/ITeS,NSE,INE0A0S01028
Akiko Global Services Ltd.,AKIKO,Information Technology,BPO/ITeS,NSE,INE0PMR01017
Intrasoft Technologies Ltd.,ISFT,Information Technology,BPO/ITeS,NSE,INE566K01011
Enser Communications Ltd.,ENSER,Information Technology,BPO/ITeS,NSE,INE0R9I01021
Kandarp Digi Smart BPO Ltd.,KANDARP,Information Technology,BPO/ITeS,NSE,INE0MOT01016
Secmark Consultancy Ltd.,SECMARK,Information Technology,BPO/ITeS,NSE,INE0BTM01013
AAA Technologies Ltd.,AAATECH,Information Technology,BPO/ITeS,NSE,INE0D0U01013
HandsOn Global Management (HGM) Ltd.,HGM,Information Technology,BPO/ITeS,NSE,INE596H01014
We Win Ltd.,WEWIN,Information Technology,BPO/ITeS,NSE,INE082W01014
Cadsys India Ltd.,CADSYS,Information Technology,BPO/ITeS,NSE,INE090Y01013
HRH Next Services Ltd.,HRHNEXT,Information Technology,BPO/ITeS,NSE,INE0R3501012
ACE Integrated Solutions Ltd.,ACEINTEG,Information Technology,BPO/ITeS,NSE,INE543V01017
Plada Infotech Services Ltd.,PLADAINFO,Information Technology,BPO/ITeS,NSE,INE0PXD01014
Quadpro ITeS Ltd.,QUADPRO,Information Technology,BPO/ITeS,NSE,INE0GOJ01027
SecUR Credentials Ltd.,SECURCRED,Information Technology,BPO/ITeS,NSE,INE195Y01010
United Spirits Ltd.,UNITDSPR,Alcohol,Breweries & Distilleries,NSE,INE854D01024
Radico Khaitan Ltd.,RADICO,Alcohol,Breweries & Distilleries,NSE,INE944F01028
United Breweries Ltd.,UBL,Alcohol,Breweries & Distilleries,NSE,INE686F01025
Allied Blenders And Distillers Ltd.,ABDL,Alcohol,Breweries & Distilleries,NSE,INE552Z01027
Tilaknagar Industries Ltd.,TI,Alcohol,Breweries & Distilleries,NSE,INE133E01013
India Glycols Ltd.,INDIAGLYCO,Alcohol,Breweries & Distilleries,NSE,INE560A01023
Piccadily Agro Industries Ltd.,PICCADIL,Alcohol,Breweries & Distilleries,NSE,INE546C01010
TruAlt Bioenergy Ltd.,TRUALT,Alcohol,Breweries & Distilleries,NSE,INE0MWH01014
Globus Spirits Ltd.,GLOBUSSPR,Alcohol,Breweries & Distilleries,NSE,INE615I01010
GM Breweries Ltd.,GMBREW,Alcohol,Breweries & Distilleries,NSE,INE075D01018
Som Distilleries And Breweries Ltd.,SDBL,Alcohol,Breweries & Distilleries,NSE,INE480C01038
Sula Vineyards Ltd.,SULA,Alcohol,Breweries & Distilleries,NSE,INE142Q01026
Associated Alcohols & Breweries Ltd.,ASALCBR,Alcohol,Breweries & Distilleries,NSE,INE073G01016
IFB Agro Industries Ltd.,IFBAGRO,Alcohol,Breweries & Distilleries,NSE,INE076C01018
Gulshan Polyols Ltd.,GULPOLY,Alcohol,Breweries & Distilleries,NSE,INE255D01024
Alcokraft Distilleries Ltd.,ALCODIS,Alcohol,Breweries & Distilleries,NSE,INE448V01019
Ravi Kumar Distilleries Ltd.,RKDL,Alcohol,Breweries & Distilleries,NSE,INE722J01012
Sagility Ltd.,SAGILITY,Other,Business Support,NSE,INE0W2G01015
International Gemmological Institute (India) Ltd.,IGIL,Other,Business Support,NSE,INE0Q9301021
Indegene Ltd.,INDGN,Other,Business Support,NSE,INE065X01017
Latent View Analytics Ltd.,LATENTVIEW,Other,Business Support,NSE,INE0I7C01011
Nesco Ltd.,NESCO,Other,Business Support,NSE,INE317F01035
CMS Info Systems Ltd.,CMSINFO,Other,Business Support,NSE,INE925R01014
Smartworks Coworking Spaces Ltd.,SMARTWORKS,Other,Business Support,NSE,INE0NAZ01010
Indiqube Spaces Ltd.,INDIQUBE,Other,Business Support,NSE,INE06ST01018
Awfis Space Solutions Ltd.,AWFIS,Other,Business Support,NSE,INE108V01019
Medi Assist Healthcare Services Ltd.,MEDIASSIST,Other,Business Support,NSE,INE456Z01021
EFC (I) Ltd.,EFCIL,Other,Business Support,NSE,INE886D01026
Jaykay Enterprises Ltd.,JAYKAY,Other,Business Support,NSE,INE903A01025
TAC Infosec Ltd.,TAC,Other,Business Support,NSE,INE0SOY01013
Ecos (India) Mobility & Hospitality Ltd.,ECOSMOBLTY,Other,Business Support,NSE,INE06HJ01020
PTL Enterprises Ltd.,PTL,Other,Business Support,NSE,INE034D01049
Infollion Research Services Ltd.,INFOLLION,Other,Business Support,NSE,INE0NNZ01013
Voler Car Ltd.,VOLERCAR,Other,Business Support,NSE,INE241X01014
Crown Lifters Ltd.,CROWN,Other,Business Support,NSE,INE491V01019
Mitcon Consultancy & Engineering Services Ltd.,MITCON,Other,Business Support,NSE,INE828O01033
Moving Media Entertainment Ltd.,MMEL,Other,Business Support,NSE,INE0XM301010
AGS Transact Technologies Ltd.,AGSTRA,Other,Business Support,NSE,INE583L01014
Future Market Networks Ltd.,FMNL,Other,Business Support,NSE,INE360L01017
Varanium Cloud Ltd.,CLOUD,Other,Business Support,NSE,#N/A
Abhishek Integrations Ltd.,AILIMITED,Other,Business Support,NSE,INE0CAJ01017
Knowledge Realty Trust,KRT,Other,Business Support,NSE,#N/A
Polycab India Ltd.,POLYCAB,Electricals,Cable,NSE,INE455K01017
KEI Industries Ltd.,KEI,Electricals,Cable,NSE,INE878B01027
RR Kabel Ltd.,RRKABEL,Electricals,Cable,NSE,INE777K01022
Finolex Cables Ltd.,FINCABLES,Electricals,Cable,NSE,INE235A01022
Diamond Power Infrastructure Ltd.,DIACABS,Electricals,Cable,NSE,INE989C01038
Sterlite Technologies Ltd.,STLTECH,Electricals,Cable,NSE,INE089C01029
Precision Wires India Ltd.,PRECWIRE,Electricals,Cable,NSE,INE372C01037
Universal Cables Ltd.,UNIVCABLES,Electricals,Cable,NSE,INE279A01012
V-Marc India Ltd.,VMARCIND,Electricals,Cable,NSE,INE0GXK01018
Dynamic Cables Ltd.,DYCL,Electricals,Cable,NSE,INE600Y01019
Quadrant Future Tek Ltd.,QUADFUTURE,Electricals,Cable,NSE,INE0LRY01011
Paramount Communications Ltd.,PARACABLES,Electricals,Cable,NSE,INE074B01023
Birla Cable Ltd.,BIRLACABLE,Electricals,Cable,NSE,INE800A01015
Cords Cable Industries Ltd.,CORDSCABLE,Electricals,Cable,NSE,INE792I01017
Plaza Wires Ltd.,PLAZACABLE,Electricals,Cable,NSE,INE0INJ01017
Prime Cable Industries Ltd.,PRIMECAB,Electricals,Cable,NSE,INE0CQA01020
Bhadora Industries Ltd.,BHADORA,Electricals,Cable,NSE,INE0ZRC01017
DCG Cables & Wires Ltd.,DCG,Electricals,Cable,NSE,INE0S8401018
Aksh Optifibre Ltd.,AKSHOPTFBR,Electricals,Cable,NSE,INE523B01011
Marco Cables & Conductors Ltd.,MARCO,Electricals,Cable,NSE,INE0QP001012
Tamilnadu Telecommunications Ltd.,TNTELE,Electricals,Cable,NSE,INE141D01018
CMI Ltd.,CMICABLES,Electricals,Cable,NSE,INE981B01011
Himadri Speciality Chemical Ltd.,HSCL,Chemicals,Carbon Black,NSE,INE019C01026
PCBL Chemical Ltd.,PCBL,Chemicals,Carbon Black,NSE,INE602A01031
Hi-Green Carbon Ltd.,HIGREEN,Chemicals,Carbon Black,NSE,INE0PIC01017
Goa Carbon Ltd.,GOACARBON,Chemicals,Carbon Black,NSE,INE426D01013
AIA Engineering Ltd.,AIAENG,Automobile & Ancillaries,Castings/Forgings,NSE,INE212H01026
PTC Industries Ltd.,PTCIL,Automobile & Ancillaries,Castings/Forgings,NSE,INE596F01018
Steelcast Ltd.,STEELCAS,Automobile & Ancillaries,Castings/Forgings,NSE,INE124E01038
Alicon Castalloy Ltd.,ALICON,Automobile & Ancillaries,Castings/Forgings,NSE,INE062D01024
Nelcast Ltd.,NELCAST,Automobile & Ancillaries,Castings/Forgings,NSE,INE189I01024
Synergy Green Industries Ltd.,SGIL,Automobile & Ancillaries,Castings/Forgings,NSE,INE00QT01015
Thaai Casting Ltd.,TCL,Automobile & Ancillaries,Castings/Forgings,NSE,INE0QJL01014
Munish Forge Ltd.,MUNISH,Automobile & Ancillaries,Castings/Forgings,NSE,INE1K8Y01018
Sharp Chucks & Machines Ltd.,SCML,Automobile & Ancillaries,Castings/Forgings,NSE,INE460Q01014
Ultratech Cement Ltd.,ULTRACEMCO,Construction Materials,Cement & Construction Materials,NSE,INE481G01011
Grasim Industries Ltd.,GRASIM,Construction Materials,Cement & Construction Materials,NSE,INE047A01021
Ambuja Cements Ltd.,AMBUJACEM,Construction Materials,Cement & Construction Materials,NSE,INE079A01024
Shree Cement Ltd.,SHREECEM,Construction Materials,Cement & Construction Materials,NSE,INE070A01015
JK Cement Ltd.,JKCEMENT,Construction Materials,Cement & Construction Materials,NSE,INE823G01014
Dalmia Bharat Ltd.,DALBHARAT,Construction Materials,Cement & Construction Materials,NSE,INE00R701025
ACC Ltd.,ACC,Construction Materials,Cement & Construction Materials,NSE,INE012A01025
The Ramco Cements Ltd.,RAMCOCEM,Construction Materials,Cement & Construction Materials,NSE,INE331A01037
JSW Cement Ltd.,JSWCEMENT,Construction Materials,Cement & Construction Materials,NSE,INE718I01012
The India Cements Ltd.,INDIACEM,Construction Materials,Cement & Construction Materials,NSE,INE383A01012
Nuvoco Vistas Corporation Ltd.,NUVOCO,Construction Materials,Cement & Construction Materials,NSE,INE118D01016
JK Lakshmi Cement Ltd.,JKLAKSHMI,Construction Materials,Cement & Construction Materials,NSE,INE786A01032
Star Cement Ltd.,STARCEMENT,Construction Materials,Cement & Construction Materials,NSE,INE460H01021
Birla Corporation Ltd.,BIRLACORPN,Construction Materials,Cement & Construction Materials,NSE,INE340A01012
Prism Johnson Ltd.,PRSMJOHNSN,Construction Materials,Cement & Construction Materials,NSE,INE010A01011
Heidelberg Cement India Ltd.,HEIDELBERG,Construction Materials,Cement & Construction Materials,NSE,INE578A01017
Orient Cement Ltd.,ORIENTCEM,Construction Materials,Cement & Construction Materials,NSE,INE876N01018
Sagar Cements Ltd.,SAGCEM,Construction Materials,Cement & Construction Materials,NSE,INE229C01021
Ramco Industries Ltd.,RAMCOIND,Construction Materials,Cement & Construction Materials,NSE,INE614A01028
KCP Ltd.,KCP,Construction Materials,Cement & Construction Materials,NSE,INE805C01028
Mangalam Cement Ltd.,MANGLMCEM,Construction Materials,Cement & Construction Materials,NSE,INE347A01017
Sanghi Industries Ltd.,SANGHIIND,Construction Materials,Cement & Construction Materials,NSE,INE999B01013
Shree Digvijay Cement Company Ltd.,SHREDIGCEM,Construction Materials,Cement & Construction Materials,NSE,INE232A01011
BirlaNu Ltd.,BIRLANU,Construction Materials,Cement & Construction Materials,NSE,INE557A01011
Deccan Cements Ltd.,DECCANCE,Construction Materials,Cement & Construction Materials,NSE,INE583C01021
Bigbloc Construction Ltd.,BIGBLOC,Construction Materials,Cement & Construction Materials,NSE,INE412U01025
NCL Industries Ltd.,NCLIND,Construction Materials,Cement & Construction Materials,NSE,INE732C01016
Saurashtra Cement Ltd.,SAURASHCEM,Construction Materials,Cement & Construction Materials,NSE,INE626A01014
Everest Industries Ltd.,EVERESTIND,Construction Materials,Cement & Construction Materials,NSE,INE295A01018
Andhra Cements Ltd.,ACL,Construction Materials,Cement & Construction Materials,NSE,INE666E01020
Visaka Industries Ltd.,VISAKAIND,Construction Materials,Cement & Construction Materials,NSE,INE392A01021
Kesoram Industries Ltd.,KESORAMIND,Construction Materials,Cement & Construction Materials,NSE,INE087A01019
Anjani Portland Cement Ltd.,APCL,Construction Materials,Cement & Construction Materials,NSE,INE071F01012
Sahyadri Industries Ltd.,SAHYADRI,Construction Materials,Cement & Construction Materials,NSE,INE280H01015
Kakatiya Cement Sugar & Industries Ltd.,KAKATCEM,Construction Materials,Cement & Construction Materials,NSE,INE437B01014
Barak Valley Cements Ltd.,BVCL,Construction Materials,Cement & Construction Materials,NSE,INE139I01011
Burnpur Cement Ltd.,BURNPUR,Construction Materials,Cement & Construction Materials,NSE,INE817H01014
Kajaria Ceramics Ltd.,KAJARIACER,Construction Materials,Ceramics/Marble/Granite/Sanitaryware,NSE,INE217B01036
Cera Sanitaryware Ltd.,CERA,Construction Materials,Ceramics/Marble/Granite/Sanitaryware,NSE,INE739E01017
Midwest Ltd.,MIDWESTLTD,Construction Materials,Ceramics/Marble/Granite/Sanitaryware,NSE,INE0XAD01024
Pokarna Ltd.,POKARNA,Construction Materials,Ceramics/Marble/Granite/Sanitaryware,NSE,INE637C01025
Nitco Ltd.,NITCO,Construction Materials,Ceramics/Marble/Granite/Sanitaryware,NSE,INE858F01012
Asian Granito India Ltd.,ASIANTILES,Construction Materials,Ceramics/Marble/Granite/Sanitaryware,NSE,INE022I01019
Somany Ceramics Ltd.,SOMANYCERA,Construction Materials,Ceramics/Marble/Granite/Sanitaryware,NSE,INE355A01028
Orient Bell Ltd.,ORIENTBELL,Construction Materials,Ceramics/Marble/Granite/Sanitaryware,NSE,INE607D01018
Global Surfaces Ltd.,GSLSU,Construction Materials,Ceramics/Marble/Granite/Sanitaryware,NSE,INE0JSX01015
Exxaro Tiles Ltd.,EXXARO,Construction Materials,Ceramics/Marble/Granite/Sanitaryware,NSE,INE0GFE01026
Murudeshwar Ceramics Ltd.,MURUDCERA,Construction Materials,Ceramics/Marble/Granite/Sanitaryware,NSE,INE692B01014
Marvel Decor Ltd.,MDL,Construction Materials,Ceramics/Marble/Granite/Sanitaryware,NSE,INE575Z01010
Esprit Stones Ltd.,ESPRIT,Construction Materials,Ceramics/Marble/Granite/Sanitaryware,NSE,INE0SBP01018
Regency Ceramics Ltd.,REGENCERAM,Construction Materials,Ceramics/Marble/Granite/Sanitaryware,NSE,INE277C01012
Durlax Top Surface Ltd.,DURLAX,Construction Materials,Ceramics/Marble/Granite/Sanitaryware,NSE,INE0OUW01013
Oriental Trimex Ltd.,ORIENTALTL,Construction Materials,Ceramics/Marble/Granite/Sanitaryware,NSE,INE998H01012
Lexus Granito (India) Ltd.,LEXUS,Construction Materials,Ceramics/Marble/Granite/Sanitaryware,NSE,INE500X01013
Ganga Bath Fittings Ltd.,GANGABATH,Construction Materials,Ceramics/Marble/Granite/Sanitaryware,NSE,INE0ZI101018
Aro Granite Industries Ltd.,AROGRANITE,Construction Materials,Ceramics/Marble/Granite/Sanitaryware,NSE,INE210C01013
Madhav Marbles And Granites Ltd.,MADHAV,Construction Materials,Ceramics/Marble/Granite/Sanitaryware,NSE,INE925C01016
Pidilite Industries Ltd.,PIDILITIND,Chemicals,Chemicals,NSE,INE318A01026
Solar Industries India Ltd.,SOLARINDS,Chemicals,Chemicals,NSE,INE343H01029
SRF Ltd.,SRF,Chemicals,Chemicals,NSE,INE647A01010
Gujarat Fluorochemicals Ltd.,FLUOROCHEM,Chemicals,Chemicals,NSE,INE09N301011
Godrej Industries Ltd.,GODREJIND,Chemicals,Chemicals,NSE,INE233A01035
Navin Fluorine International Ltd.,NAVINFLUOR,Chemicals,Chemicals,NSE,INE048G01026
Deepak Nitrite Ltd.,DEEPAKNTR,Chemicals,Chemicals,NSE,INE288B01029
Tata Chemicals Ltd.,TATACHEM,Chemicals,Chemicals,NSE,INE092A01019
Atul Ltd.,ATUL,Chemicals,Chemicals,NSE,INE100A01010
BASF India Ltd.,BASF,Chemicals,Chemicals,NSE,INE373A01013
Vinati Organics Ltd.,VINATIORGA,Chemicals,Chemicals,NSE,INE410B01037
Deepak Fertilisers And Petrochemicals Corporation Ltd.,DEEPAKFERT,Chemicals,Chemicals,NSE,INE501A01019
Anupam Rasayan India Ltd.,ANURAS,Chemicals,Chemicals,NSE,INE930P01018
Aarti Industries Ltd.,AARTIIND,Chemicals,Chemicals,NSE,INE769A01020
Fine Organic Industries Ltd.,FINEORG,Chemicals,Chemicals,NSE,INE686Y01026
Privi Speciality Chemicals Ltd.,PRIVISCL,Chemicals,Chemicals,NSE,INE959A01019
Jubilant Ingrevia Ltd.,JUBLINGREA,Chemicals,Chemicals,NSE,INE0BY001018
Aether Industries Ltd.,AETHER,Chemicals,Chemicals,NSE,INE0BWX01014
Clean Science And Technology Ltd.,CLEAN,Chemicals,Chemicals,NSE,INE227W01023
Alkyl Amines Chemicals Ltd.,ALKYLAMINE,Chemicals,Chemicals,NSE,INE150B01039
Gujarat Narmada Valley Fertilizers & Chemicals Ltd,GNFC,Chemicals,Chemicals,NSE,INE113A01013
Archean Chemical Industries Ltd.,ACI,Chemicals,Chemicals,NSE,INE128X01021
Epigral Ltd.,EPIGRAL,Chemicals,Chemicals,NSE,INE071N01016
GHCL Ltd.,GHCL,Chemicals,Chemicals,NSE,INE539A01019
Laxmi Organic Industries Ltd.,LXCHEM,Chemicals,Chemicals,NSE,INE576O01020
Chemplast Sanmar Ltd.,CHEMPLASTS,Chemicals,Chemicals,NSE,INE488A01050
Foseco India Ltd.,FOSECOIND,Chemicals,Chemicals,NSE,INE519A01011
Vishnu Chemicals Ltd.,VISHNU,Chemicals,Chemicals,NSE,INE270I01022
Gujarat Alkalies And Chemicals Ltd.,GUJALKALI,Chemicals,Chemicals,NSE,INE186A01019
Balaji Amines Ltd.,BALAMINES,Chemicals,Chemicals,NSE,INE050E01027
Styrenix Performance Materials Ltd.,STYRENIX,Chemicals,Chemicals,NSE,INE189B01011
Jubilant Agri And Consumer Products Ltd.,JUBLCPL,Chemicals,Chemicals,NSE,INE03CC01015
Rossari Biotech Ltd.,ROSSARI,Chemicals,Chemicals,NSE,INE02A801020
Tatva Chintan Pharma Chem Ltd.,TATVA,Chemicals,Chemicals,NSE,INE0GK401011
Neogen Chemicals Ltd.,NEOGEN,Chemicals,Chemicals,NSE,INE136S01016
Fineotex Chemical Ltd.,FCL,Chemicals,Chemicals,NSE,INE045J01034
Camlin Fine Sciences Ltd.,CAMLINFINE,Chemicals,Chemicals,NSE,INE052I01032
Thirumalai Chemicals Ltd.,TIRUMALCHM,Chemicals,Chemicals,NSE,INE338A01024
Premier Explosives Ltd.,PREMEXPLN,Chemicals,Chemicals,NSE,INE863B01029
Nocil Ltd.,NOCIL,Chemicals,Chemicals,NSE,INE163A01018
SH Kelkar And Company Ltd.,SHK,Chemicals,Chemicals,NSE,INE500L01026
Bhansali Engineering Polymers Ltd.,BEPL,Chemicals,Chemicals,NSE,INE922A01025
Yasho Industries Ltd.,YASHO,Chemicals,Chemicals,NSE,INE616Z01012
DCW Ltd.,DCW,Chemicals,Chemicals,NSE,INE500A01029
Paushak Ltd.,PAUSHAKLTD,Chemicals,Chemicals,NSE,INE111F01024
GOCL Corporation Ltd.,GOCLCORP,Chemicals,Chemicals,NSE,INE077F01035
JG Chemicals Ltd.,JGCHEM,Chemicals,Chemicals,NSE,INE0MB501011
Platinum Industries Ltd.,PLATIND,Chemicals,Chemicals,NSE,INE0PT501018
Sigachi Industries Ltd.,SIGACHI,Chemicals,Chemicals,NSE,INE0D0K01022
IG Petrochemicals Ltd.,IGPL,Chemicals,Chemicals,NSE,INE204A01010
Sudarshan Colorants India Ltd.,HEUBACHIND,Chemicals,Chemicals,NSE,INE492A01029
Amines & Plasticizers Ltd.,AMNPLST,Chemicals,Chemicals,NSE,INE275D01022
Manali Petrochemicals Ltd.,MANALIPETC,Chemicals,Chemicals,NSE,INE201A01024
The Andhra Sugars Ltd.,ANDHRSUGAR,Chemicals,Chemicals,NSE,INE715B01021
Oriental Aromatics Ltd.,OAL,Chemicals,Chemicals,NSE,INE959C01023
Indo Amines Ltd.,INDOAMIN,Chemicals,Chemicals,NSE,INE760F01028
Fairchem Organics Ltd.,FAIRCHEMOR,Chemicals,Chemicals,NSE,INE0DNW01011
Sree Rayalaseema Hi-Strength Hypo Ltd.,SRHHYPOLTD,Chemicals,Chemicals,NSE,INE917H01012
Gem Aromatics Ltd.,GEMAROMA,Chemicals,Chemicals,NSE,INE06XZ01023
Indo Borax & Chemicals Ltd.,INDOBORAX,Chemicals,Chemicals,NSE,INE803D01021
Sacheerome Ltd.,SACHEEROME,Chemicals,Chemicals,NSE,INE1ARD01016
Valiant Organics Ltd.,VALIANTORG,Chemicals,Chemicals,NSE,INE565V01010
Chemcon Speciality Chemicals Ltd.,CHEMCON,Chemicals,Chemicals,NSE,INE03YM01018
DMCC Speciality Chemicals Ltd.,DMCC,Chemicals,Chemicals,NSE,INE505A01010
Chemfab Alkalis Ltd.,CHEMFAB,Chemicals,Chemicals,NSE,INE783X01023
Jayant Agro-Organics Ltd.,JAYAGROGN,Chemicals,Chemicals,NSE,INE785A01026
Primo Chemicals Ltd.,PRIMO,Chemicals,Chemicals,NSE,INE607A01022
Ganesh Benzoplast Ltd.,GANESHBE,Chemicals,Chemicals,NSE,INE388A01029
Kronox Lab Sciences Ltd.,KRONOX,Chemicals,Chemicals,NSE,INE0ATZ01017
OCCL Ltd.,OCCLLTD,Chemicals,Chemicals,NSE,INE0PK601023
DIC India Ltd.,DICIND,Chemicals,Chemicals,NSE,INE303A01010
Lords Chloro Alkali Ltd.,LORDSCHLO,Chemicals,Chemicals,NSE,INE846D01012
Plastiblends India Ltd.,PLASTIBLEN,Chemicals,Chemicals,NSE,INE083C01022
Chembond Chemicals Ltd.,CHEMBONDCH,Chemicals,Chemicals,NSE,INE0TGX01019
Mangalam Organics Ltd.,MANORG,Chemicals,Chemicals,NSE,INE370D01013
HP Adhesives Ltd.,HPAL,Chemicals,Chemicals,NSE,INE0GSL01024
Infinium Pharmachem Ltd.,INFINIUM,Chemicals,Chemicals,NSE,INE0MRE01011
Kanoria Chemicals & Industries Ltd.,KANORICHEM,Chemicals,Chemicals,NSE,INE138C01024
Diamines & Chemicals Ltd.,DIAMINESQ,Chemicals,Chemicals,NSE,INE591D01014
Arvee Laboratories (India) Ltd.,ARVEE,Chemicals,Chemicals,NSE,INE006Z01016
Sadhana Nitro Chem Ltd.,SADHNANIQ,Chemicals,Chemicals,NSE,INE888C01040
Vikas EcoTech Ltd.,VIKASECO,Chemicals,Chemicals,NSE,INE806A01020
Chembond Material Technologies Ltd.,CHEMBOND,Chemicals,Chemicals,NSE,INE995D01025
Indian Emulsifiers Ltd.,IEML,Chemicals,Chemicals,NSE,INE0RRU01016
Neochem Bio Solutions Ltd.,NEOCHEM,Chemicals,Chemicals,NSE,INE21UM01018
IVP Ltd.,IVP,Chemicals,Chemicals,NSE,INE043C01018
Hindcon Chemicals Ltd.,HINDCON,Chemicals,Chemicals,NSE,INE642Y01029
Vital Chemtech Ltd.,VITAL,Chemicals,Chemicals,NSE,INE0L4K01016
Jocil Ltd.,JOCIL,Chemicals,Chemicals,NSE,INE839G01010
Par Drugs And Chemicals Ltd.,PAR,Chemicals,Chemicals,NSE,INE04LG01015
Mahickra Chemicals Ltd.,MAHICKRA,Chemicals,Chemicals,NSE,INE961Y01015
SPEB Adhesives Ltd.,SPEB,Chemicals,Chemicals,NSE,INE1CW901027
Beardsell Ltd.,BEARDSELL,Chemicals,Chemicals,NSE,INE520H01022
Renol Polychem Ltd.,RNPL,Chemicals,Chemicals,NSE,INE0VZX01015
Alkali Metals Ltd.,ALKALI,Chemicals,Chemicals,NSE,INE773I01017
Paragon Fine And Speciality Chemical Ltd.,PARAGON,Chemicals,Chemicals,NSE,INE0N4G01012
Ambani Orgochem Ltd.,AMBANIORGO,Chemicals,Chemicals,NSE,INE00C501018
Snehaa Organics Ltd.,SNEHAA,Chemicals,Chemicals,NSE,INE1OIC01018
AVSL Industries Ltd.,AVSL,Chemicals,Chemicals,NSE,INE522V01011
Ushanti Colour Chem Ltd.,UCL,Chemicals,Chemicals,NSE,INE00NI01015
Unilex Colours And Chemicals Ltd.,UNILEX,Chemicals,Chemicals,NSE,INE0B2801011
Auro Impex & Chemicals Ltd.,AUROIMPEX,Chemicals,Chemicals,NSE,INE0NUL01018
MCON Rasayan India Ltd.,MCON,Chemicals,Chemicals,NSE,INE0O4M01019
Seya Industries Ltd.,SEYAIND,Chemicals,Chemicals,NSE,INE573R01012
Tecil Chemicals & Hydro Power Ltd.,TECILCHEM,Chemicals,Chemicals,NSE,INE014B01011
Prolife Industries Ltd.,PROLIFE,Chemicals,Chemicals,NSE,INE994V01012
Sanginita Chemicals Ltd.,SANGINITA,Chemicals,Chemicals,NSE,INE753W01010
Vadivarhe Speciality Chemicals Ltd.,VSCL,Chemicals,Chemicals,NSE,INE551Q01028
Omkar Speciality Chemicals Ltd.,OMKARCHEM,Chemicals,Chemicals,NSE,INE474L01016
Rite Zone Chemcon India Ltd.,RITEZONE,Chemicals,Chemicals,NSE,INE0MRA01019
Ushanti Colour Chem Ltd. - RE,UCL-RE,Chemicals,Chemicals,NSE,#N/A
ITC Ltd.,ITC,Fast Moving Consumer Goods,Cigarettes/Tobacco,NSE,INE154A01025
Godfrey Phillips India Ltd.,GODFRYPHLP,Fast Moving Consumer Goods,Cigarettes/Tobacco,NSE,INE260B01028
VST Industries Ltd.,VSTIND,Fast Moving Consumer Goods,Cigarettes/Tobacco,NSE,INE710A01016
Golden Tobacco Ltd.,GOLDENTOBC,Fast Moving Consumer Goods,Cigarettes/Tobacco,NSE,INE973A01010
Elgi Equipments Ltd.,ELGIEQUIP,Capital Goods,Compressors / Pumps,NSE,INE285A01027
KSB Ltd.,KSB,Capital Goods,Compressors / Pumps,NSE,INE999A01023
Kirloskar Brothers Ltd.,KIRLOSBROS,Capital Goods,Compressors / Pumps,NSE,INE732A01036
Ingersoll-Rand (India) Ltd.,INGERRAND,Capital Goods,Compressors / Pumps,NSE,INE177A01018
Shakti Pumps (India) Ltd.,SHAKTIPUMP,Capital Goods,Compressors / Pumps,NSE,INE908D01010
Kirloskar Pneumatic Company Ltd.,KIRLPNU,Capital Goods,Compressors / Pumps,NSE,INE811A01020
Dynamatic Technologies Ltd.,DYNAMATECH,Capital Goods,Compressors / Pumps,NSE,INE221B01012
Oswal Pumps Ltd.,OSWALPUMPS,Capital Goods,Compressors / Pumps,NSE,INE0BYP01024
Roto Pumps Ltd.,ROTO,Capital Goods,Compressors / Pumps,NSE,INE535D01037
Yuken India Ltd.,YUKEN,Capital Goods,Compressors / Pumps,NSE,INE384C01016
Latteys Industries Ltd.,LATTEYS,Capital Goods,Compressors / Pumps,NSE,INE262Z01023
DLF Ltd.,DLF,Realty,Construction - Real Estate,NSE,INE271C01023
Lodha Developers Ltd.,LODHA,Realty,Construction - Real Estate,NSE,INE670K01029
Prestige Estates Projects Ltd.,PRESTIGE,Realty,Construction - Real Estate,NSE,INE811K01011
The Phoenix Mills Ltd.,PHOENIXLTD,Realty,Construction - Real Estate,NSE,INE211B01039
Oberoi Realty Ltd.,OBEROIRLTY,Realty,Construction - Real Estate,NSE,INE093I01010
Godrej Properties Ltd.,GODREJPROP,Realty,Construction - Real Estate,NSE,INE484J01027
Brigade Enterprises Ltd.,BRIGADE,Realty,Construction - Real Estate,NSE,INE791I01019
Anant Raj Ltd.,ANANTRAJ,Realty,Construction - Real Estate,NSE,INE242C01024
Aditya Birla Real Estate Ltd.,ABREL,Realty,Construction - Real Estate,NSE,INE055A01016
Signatureglobal (India) Ltd.,SIGNATURE,Realty,Construction - Real Estate,NSE,INE903U01023
Sobha Ltd.,SOBHA,Realty,Construction - Real Estate,NSE,INE671H01015
Embassy Developments Ltd.,EMBDL,Realty,Construction - Real Estate,NSE,INE069I01010
Mahindra Lifespace Developers Ltd.,MAHLIFE,Realty,Construction - Real Estate,NSE,INE813A01018
Sri Lotus Developers And Realty Ltd.,LOTUSDEV,Realty,Construction - Real Estate,NSE,INE0V9Q01010
Max Estates Ltd.,MAXESTATES,Realty,Construction - Real Estate,NSE,INE03EI01018
Kalpataru Ltd.,KALPATARU,Realty,Construction - Real Estate,NSE,INE227J01012
Ahluwalia Contracts (India) Ltd.,AHLUCONT,Realty,Construction - Real Estate,NSE,INE758C01029
Ganesh Housing Ltd.,GANESHHOU,Realty,Construction - Real Estate,NSE,INE460C01014
Keystone Realtors Ltd,RUSTOMJEE,Realty,Construction - Real Estate,NSE,INE263M01029
Valor Estate Ltd.,DBREALTY,Realty,Construction - Real Estate,NSE,INE879I01012
Sunteck Realty Ltd.,SUNTECK,Realty,Construction - Real Estate,NSE,INE805D01034
Puravankara Ltd.,PURVA,Realty,Construction - Real Estate,NSE,INE323I01011
TARC Ltd.,TARC,Realty,Construction - Real Estate,NSE,INE0EK901012
Indiabulls Ltd.,IBULLSLTD,Realty,Construction - Real Estate,NSE,INE126M01010
Hemisphere Properties India Ltd.,HEMIPROP,Realty,Construction - Real Estate,NSE,INE0AJG01018
Ajmera Realty & Infra India Ltd.,AJMERA,Realty,Construction - Real Estate,NSE,INE298G01027
Kolte-Patil Developers Ltd.,KOLTEPATIL,Realty,Construction - Real Estate,NSE,INE094I01018
PSP Projects Ltd.,PSPPROJECT,Realty,Construction - Real Estate,NSE,INE488V01015
Marathon Nextgen Realty Ltd.,MARATHON,Realty,Construction - Real Estate,NSE,INE182D01020
Hubtown Ltd.,HUBTOWN,Realty,Construction - Real Estate,NSE,INE703H01016
Raymond Realty Ltd.,RAYMONDREL,Realty,Construction - Real Estate,NSE,INE1SY401010
AGI Infra Ltd.,AGIIL,Realty,Construction - Real Estate,NSE,INE976R01033
Ashiana Housing Ltd.,ASHIANA,Realty,Construction - Real Estate,NSE,INE365D01021
Arvind Smartspaces Ltd.,ARVSMART,Realty,Construction - Real Estate,NSE,INE034S01021
Alembic Ltd.,ALEMBICLTD,Realty,Construction - Real Estate,NSE,INE426A01027
Arkade Developers Ltd.,ARKADE,Realty,Construction - Real Estate,NSE,INE0QRL01017
Capacit'e Infraprojects Ltd.,CAPACITE,Realty,Construction - Real Estate,NSE,INE264T01014
Garuda Construction & Engineering Ltd.,GARUDA,Realty,Construction - Real Estate,NSE,INE0JVO01026
Omaxe Ltd.,OMAXE,Realty,Construction - Real Estate,NSE,INE800H01010
Unitech Ltd.,UNITECH,Realty,Construction - Real Estate,NSE,INE694A01020
Shriram Properties Ltd.,SHRIRAMPPS,Realty,Construction - Real Estate,NSE,INE217L01019
Arihant Superstructures Ltd.,ARIHANTSUP,Realty,Construction - Real Estate,NSE,INE643K01018
Texmaco Infrastructure & Holdings Ltd.,TEXINFRA,Realty,Construction - Real Estate,NSE,INE435C01024
B.L. Kashyap and Sons Ltd.,BLKASHYAP,Realty,Construction - Real Estate,NSE,INE350H01032
Suraj Estate Developers Ltd.,SURAJEST,Realty,Construction - Real Estate,NSE,INE843S01025
PVP Ventures Ltd.,PVP,Realty,Construction - Real Estate,NSE,INE362A01016
Eldeco Housing & Industries Ltd.,ELDEHSG,Realty,Construction - Real Estate,NSE,INE668G01021
BEML Land Assets Ltd.,BLAL,Realty,Construction - Real Estate,NSE,INE0N7W01012
Peninsula Land Ltd.,PENINLAND,Realty,Construction - Real Estate,NSE,INE138A01028
Prozone Realty Ltd.,PROZONER,Realty,Construction - Real Estate,NSE,INE195N01013
GeeCee Ventures Ltd.,GEECEE,Realty,Construction - Real Estate,NSE,INE916G01016
Modi's Navnirman Ltd.,MODIS,Realty,Construction - Real Estate,NSE,INE0L0L01012
Nila Spaces Ltd.,NILASPACES,Realty,Construction - Real Estate,NSE,INE00S901012
Suratwwala Business Group Ltd.,SBGLP,Realty,Construction - Real Estate,NSE,INE05ST01028
Deepak Builders & Engineers India Ltd.,DBEIL,Realty,Construction - Real Estate,NSE,INE0OPA01019
Pansari Developers Ltd.,PANSARI,Realty,Construction - Real Estate,NSE,INE697V01011
R.P.P. Infra Projects Ltd.,RPPINFRA,Realty,Construction - Real Estate,NSE,INE324L01013
Mason Infratech Ltd.,MASON,Realty,Construction - Real Estate,NSE,INE0SH001010
Parsvnath Developers Ltd.,PARSVNATH,Realty,Construction - Real Estate,NSE,INE561H01026
Vishnusurya Projects and Infra Ltd.,VISHNUINFR,Realty,Construction - Real Estate,NSE,INE0PQ001012
Nila Infrastructures Ltd.,NILAINFRA,Realty,Construction - Real Estate,NSE,INE937C01029
Emami Realty Ltd.,EMAMIREAL,Realty,Construction - Real Estate,NSE,INE778K01012
Ashima Ltd.,ASHIMASYN,Realty,Construction - Real Estate,NSE,INE440A01010
Ravinder Heights Ltd.,RVHL,Realty,Construction - Real Estate,NSE,INE09E501017
Atal Realtech Ltd.,ATALREAL,Realty,Construction - Real Estate,NSE,INE0ALR01029
Shradha Infraprojects Ltd.,SHRADHA,Realty,Construction - Real Estate,NSE,INE715Y01031
Chavda Infra Ltd.,CHAVDA,Realty,Construction - Real Estate,NSE,INE0PT101017
Sumit Woods Ltd.,SUMIT,Realty,Construction - Real Estate,NSE,INE748Z01013
Supreme Holdings & Hospitality (India) Ltd.,SUPREME,Realty,Construction - Real Estate,NSE,INE822E01011
AMJ Land Holdings Ltd.,AMJLAND,Realty,Construction - Real Estate,NSE,INE606A01024
Lancor Holdings Ltd.,LANCORHOL,Realty,Construction - Real Estate,NSE,INE572G01025
Prajay Engineers Syndicate Ltd.,PRAENG,Realty,Construction - Real Estate,NSE,INE505C01016
Vipul Ltd.,VIPULLTD,Realty,Construction - Real Estate,NSE,INE946H01037
Navkar Urbanstructure Ltd.,NAVKARURB,Realty,Construction - Real Estate,NSE,INE268H01044
VR Infraspace Ltd.,VR,Realty,Construction - Real Estate,NSE,INE0QQM01017
Dharan Infra-EPC Ltd.,DHARAN,Realty,Construction - Real Estate,NSE,INE278R01034
Mahendra Realtors & Infrastructure Ltd.,MRIL,Realty,Construction - Real Estate,NSE,INE632Q01018
Art Nirman Ltd.,ARTNIRMAN,Realty,Construction - Real Estate,NSE,INE738V01013
Housing Development And Infrastructure Ltd.,HDIL,Realty,Construction - Real Estate,NSE,INE191I01012
Landmark Property Development Company Ltd.,LPDC,Realty,Construction - Real Estate,NSE,INE197J01017
Homesfy Realty Ltd.,HOMESFY,Realty,Construction - Real Estate,NSE,INE0N7F01017
Ansal Properties & Infrastructure Ltd.,ANSALAPI,Realty,Construction - Real Estate,NSE,INE436A01026
Country Condo's Ltd.,COUNCODOS,Realty,Construction - Real Estate,NSE,INE695B01025
Poddar Housing and Development Ltd.,PODDARHOUS,Realty,Construction - Real Estate,NSE,INE888B01018
Shaival Reality Ltd.,SHAIVAL,Realty,Construction - Real Estate,NSE,INE262S01010
Dhanuka Infra Realty Ltd.,DRL,Realty,Construction - Real Estate,NSE,INE704V01015
CMM Infraprojects Ltd.,CMMIPL,Realty,Construction - Real Estate,NSE,#N/A
BEML Ltd.,BEML,Capital Goods,Construction Vehicles,NSE,INE258A01024
Action Construction Equipment Ltd.,ACE,Capital Goods,Construction Vehicles,NSE,INE731H01025
TIL Ltd.,TIL,Capital Goods,Construction Vehicles,NSE,INE806C01018
LG Electronics India Ltd.,LGEINDIA,Consumer Durables,Consumer Durables - Domestic Appliances,NSE,INE324D01010
Crompton Greaves Consumer Electricals Ltd.,CROMPTON,Consumer Durables,Consumer Durables - Domestic Appliances,NSE,INE299U01018
PG Electroplast Ltd.,PGEL,Consumer Durables,Consumer Durables - Domestic Appliances,NSE,INE457L01029
Eureka Forbes Ltd.,EUREKAFORB,Consumer Durables,Consumer Durables - Domestic Appliances,NSE,INE0KCE01017
Whirlpool Of India Ltd.,WHIRLPOOL,Consumer Durables,Consumer Durables - Domestic Appliances,NSE,INE716A01013
TTK Prestige Ltd.,TTKPRESTIG,Consumer Durables,Consumer Durables - Domestic Appliances,NSE,INE690A01028
Bajaj Electricals Ltd.,BAJAJELEC,Consumer Durables,Consumer Durables - Domestic Appliances,NSE,INE193E01025
Orient Electric Ltd.,ORIENTELEC,Consumer Durables,Consumer Durables - Domestic Appliances,NSE,INE142Z01019
Borosil Ltd.,BOROLTD,Consumer Durables,Consumer Durables - Domestic Appliances,NSE,INE02PY01013
Hindware Home Innovation Ltd.,HINDWAREAP,Consumer Durables,Consumer Durables - Domestic Appliances,NSE,INE05AN01011
Stove Kraft Ltd.,STOVEKRAFT,Consumer Durables,Consumer Durables - Domestic Appliances,NSE,INE00IN01015
Safe Enterprises Retail Fixtures Ltd.,SAFEENTP,Consumer Durables,Consumer Durables - Domestic Appliances,NSE,INE17D601016
Butterfly Gandhimathi Appliances Ltd.,BUTTERFLY,Consumer Durables,Consumer Durables - Domestic Appliances,NSE,INE295F01017
Greenchef Appliances Ltd.,GREENCHEF,Consumer Durables,Consumer Durables - Domestic Appliances,NSE,INE0O7P01015
Dixon Technologies (India) Ltd.,DIXON,Consumer Durables,Consumer Durables - Electronics,NSE,INE935N01020
Honeywell Automation India Ltd.,HONAUT,Consumer Durables,Consumer Durables - Electronics,NSE,INE671A01010
IFB Industries Ltd.,IFBIND,Consumer Durables,Consumer Durables - Electronics,NSE,INE559A01017
Wonder Electricals Ltd.,WEL,Consumer Durables,Consumer Durables - Electronics,NSE,INE02WG01024
Mirc Electronics Ltd.,MIRCELECTR,Consumer Durables,Consumer Durables - Electronics,NSE,INE831A01028
Elin Electronics Ltd.,ELIN,Consumer Durables,Consumer Durables - Electronics,NSE,INE050401020
Arham Technologies Ltd.,ARHAM,Consumer Durables,Consumer Durables - Electronics,NSE,INE0L2Y01011
Khaitan (India) Ltd.,KHAITANLTD,Consumer Durables,Consumer Durables - Electronics,NSE,INE731C01018
Nestle India Ltd.,NESTLEIND,Fast Moving Consumer Goods,Consumer Food,NSE,INE239A01024
Varun Beverages Ltd.,VBL,Fast Moving Consumer Goods,Consumer Food,NSE,INE200M01039
Britannia Industries Ltd.,BRITANNIA,Fast Moving Consumer Goods,Consumer Food,NSE,INE216A01030
Jubilant FoodWorks Ltd.,JUBLFOOD,Fast Moving Consumer Goods,Consumer Food,NSE,INE797F01020
Hatsun Agro Product Ltd.,HATSUN,Fast Moving Consumer Goods,Consumer Food,NSE,INE473B01035
Bikaji Foods International Ltd.,BIKAJI,Fast Moving Consumer Goods,Consumer Food,NSE,INE00E101023
Devyani International Ltd.,DEVYANI,Fast Moving Consumer Goods,Consumer Food,NSE,INE872J01023
LT Foods Ltd.,LTFOODS,Fast Moving Consumer Goods,Consumer Food,NSE,INE818H01020
Zydus Wellness Ltd.,ZYDUSWELL,Fast Moving Consumer Goods,Consumer Food,NSE,INE768C01028
KRBL Ltd.,KRBL,Fast Moving Consumer Goods,Consumer Food,NSE,INE001B01026
Orkla India Ltd.,ORKLAINDIA,Fast Moving Consumer Goods,Consumer Food,NSE,INE16NZ01023
Sapphire Foods India Ltd.,SAPPHIRE,Fast Moving Consumer Goods,Consumer Food,NSE,INE806T01020
Manorama Industries Ltd.,MANORAMA,Fast Moving Consumer Goods,Consumer Food,NSE,INE00VM01036
Dodla Dairy Ltd,DODLA,Fast Moving Consumer Goods,Consumer Food,NSE,INE021O01019
Mrs. Bectors Food Specialities Ltd.,BECTORFOOD,Fast Moving Consumer Goods,Consumer Food,NSE,INE495P01020
Heritage Foods Ltd.,HERITGFOOD,Fast Moving Consumer Goods,Consumer Food,NSE,INE978A01027
Gopal Snacks Ltd.,GOPAL,Fast Moving Consumer Goods,Consumer Food,NSE,INE0L9R01028
Vadilal Industries Ltd.,VADILALIND,Fast Moving Consumer Goods,Consumer Food,NSE,INE694D01016
Parag Milk Foods Ltd.,PARAGMILK,Fast Moving Consumer Goods,Consumer Food,NSE,INE883N01014
GRM Overseas Ltd.,GRMOVER,Fast Moving Consumer Goods,Consumer Food,NSE,INE192H01020
Prataap Snacks Ltd.,DIAMONDYD,Fast Moving Consumer Goods,Consumer Food,NSE,INE393P01035
ADF Foods Ltd.,ADFFOODS,Fast Moving Consumer Goods,Consumer Food,NSE,INE982B01027
Tasty Bite Eatables Ltd.,TASTYBITE,Fast Moving Consumer Goods,Consumer Food,NSE,INE488B01017
Sanstar Ltd.,SANSTAR,Fast Moving Consumer Goods,Consumer Food,NSE,INE08NE01025
HMA Agro Industries Ltd.,HMAAGRO,Fast Moving Consumer Goods,Consumer Food,NSE,INE0ECP01024
Chaman Lal Setia Exports Ltd.,CLSEL,Fast Moving Consumer Goods,Consumer Food,NSE,INE419D01026
SKM Egg Products Export (India) Ltd.,SKMEGGPROD,Fast Moving Consumer Goods,Consumer Food,NSE,INE411D01015
Krishival Foods Ltd.,KRISHIVAL,Fast Moving Consumer Goods,Consumer Food,NSE,INE0GGO01015
Ganesh Consumer Products Ltd.,GANESHCP,Fast Moving Consumer Goods,Consumer Food,NSE,INE652V01016
Euro India Fresh Foods Ltd.,EIFFL,Fast Moving Consumer Goods,Consumer Food,NSE,INE546V01010
Sukhjit Starch & Chemicals Ltd.,SUKHJITS,Fast Moving Consumer Goods,Consumer Food,NSE,INE450E01029
Sarveshwar Foods Ltd.,SARVESHWAR,Fast Moving Consumer Goods,Consumer Food,NSE,INE324X01026
Foods & Inns Ltd.,FOODSIN,Fast Moving Consumer Goods,Consumer Food,NSE,INE976E01023
KN Agri Resources Ltd.,KNAGRI,Fast Moving Consumer Goods,Consumer Food,NSE,INE0KNW01016
Proventus Agrocom Ltd.,PROV,Fast Moving Consumer Goods,Consumer Food,NSE,INE0ONE01016
Annapurna Swadisht Ltd.,ANNAPURNA,Fast Moving Consumer Goods,Consumer Food,NSE,INE0MGM01017
Sheetal Cool Products Ltd.,SCPL,Fast Moving Consumer Goods,Consumer Food,NSE,INE501Y01019
Sawaliya Food Products Ltd.,SAWALIYA,Fast Moving Consumer Goods,Consumer Food,NSE,INE10VS01016
Coastal Corporation Ltd.,COASTCORP,Fast Moving Consumer Goods,Consumer Food,NSE,INE377E01024
Jeyyam Global Foods Ltd.,JEYYAM,Fast Moving Consumer Goods,Consumer Food,NSE,INE0RXB01022
Goyal Salt Ltd.,GOYALSALT,Fast Moving Consumer Goods,Consumer Food,NSE,INE0QFE01017
Megastar Foods Ltd.,MEGASTAR,Fast Moving Consumer Goods,Consumer Food,NSE,INE00EM01016
Shivashrit Foods Ltd.,SHIVASHRIT,Fast Moving Consumer Goods,Consumer Food,NSE,INE1DLF01018
Shreeji Global FMCG Ltd.,SHETHJI,Fast Moving Consumer Goods,Consumer Food,NSE,INE1FL101016
Madhusudan Masala Ltd.,MADHUSUDAN,Fast Moving Consumer Goods,Consumer Food,NSE,INE0P6701019
TBI Corn Ltd.,TBI,Fast Moving Consumer Goods,Consumer Food,NSE,INE0N2D01013
Hoac Foods India Ltd.,HOACFOODS,Fast Moving Consumer Goods,Consumer Food,NSE,INE0S6S01017
Srivari Spices & Foods Ltd.,SSFL,Fast Moving Consumer Goods,Consumer Food,NSE,INE0ON201012
Kohinoor Foods Ltd.,KOHINOOR,Fast Moving Consumer Goods,Consumer Food,NSE,INE080B01012
Dangee Dums Ltd.,DANGEE,Fast Moving Consumer Goods,Consumer Food,NSE,INE688Y01022
Nakoda Group Of Industries Ltd.,NGIL,Fast Moving Consumer Goods,Consumer Food,NSE,INE236Y01012
Baba Food Processing (India) Ltd.,BABAFP,Fast Moving Consumer Goods,Consumer Food,NSE,INE0QW501012
Italian Edibles Ltd.,ITALIANE,Fast Moving Consumer Goods,Consumer Food,NSE,INE0R7R01018
Tapi Fruit Processing Ltd.,TAPIFRUIT,Fast Moving Consumer Goods,Consumer Food,NSE,INE0M7001010
Srivari Spices & Foods Ltd. - RE,SSFL-RE,Fast Moving Consumer Goods,Consumer Food,NSE,#N/A
Blue Dart Express Ltd.,BLUEDART,Logistics,Courier  Services,NSE,INE233B01017
VL E-Governance & IT Solutions Ltd.,VLEGOV,Logistics,Courier  Services,NSE,INE03HW01020
Atlas Cycles (Haryana) Ltd.,ATLASCYCLE,Automobile & Ancillaries,Cycles,NSE,INE446A01025
Hindustan Aeronautics Ltd.,HAL,Capital Goods,Defence,NSE,INE066F01020
Bharat Electronics Ltd.,BEL,Capital Goods,Defence,NSE,INE263A01024
Bharat Dynamics Ltd.,BDL,Capital Goods,Defence,NSE,INE171Z01026
Data Patterns (India) Ltd.,DATAPATTNS,Capital Goods,Defence,NSE,INE0IX101010
Zen Technologies Ltd.,ZENTEC,Capital Goods,Defence,NSE,INE251B01027
Astra Microwave Products Ltd.,ASTRAMICRO,Capital Goods,Defence,NSE,INE386C01029
Paras Defence And Space Technologies Ltd.,PARAS,Capital Goods,Defence,NSE,INE045601023
Unimech Aerospace and Manufacturing Ltd.,UNIMECH,Capital Goods,Defence,NSE,INE0U3I01011
Avantel Ltd.,AVANTEL,Capital Goods,Defence,NSE,INE005B01027
Rossell Techsys Ltd.,ROSSTECH,Capital Goods,Defence,NSE,INE0OJW01016
DCX Systems Ltd.,DCXINDIA,Capital Goods,Defence,NSE,INE0KL801015
Ideaforge Technology Ltd.,IDEAFORGE,Capital Goods,Defence,NSE,INE349Y01013
NIBE Ltd.,NIBE,Capital Goods,Defence,NSE,INE149O01018
Krishna Defence and Allied Industries Ltd.,KRISHNADEF,Capital Goods,Defence,NSE,INE0J5601015
C2C Advanced Systems Ltd.,C2C,Capital Goods,Defence,NSE,INE0U7V01015
Central Depository Services (India) Ltd.,CDSL,Finance,Depository Services,NSE,INE736A01011
KFin Technologies Ltd.,KFINTECH,Finance,Depository Services,NSE,INE138Y01010
Computer Age Management Services Ltd.,CAMS,Finance,Depository Services,NSE,INE596I01020
Titan Company Ltd.,TITAN,Diamond & Jewellery,Diamond  &  Jewellery,NSE,INE280A01028
Kalyan Jewellers India Ltd.,KALYANKJIL,Diamond & Jewellery,Diamond  &  Jewellery,NSE,INE303R01014
Thangamayil Jewellery Ltd.,THANGAMAYL,Diamond & Jewellery,Diamond  &  Jewellery,NSE,INE085J01014
PN Gadgil Jewellers Ltd.,PNGJL,Diamond & Jewellery,Diamond  &  Jewellery,NSE,INE953R01016
Bluestone Jewellery And Lifestyle Ltd.,BLUESTONE,Diamond & Jewellery,Diamond  &  Jewellery,NSE,INE304W01038
PC Jeweller Ltd.,PCJEWELLER,Diamond & Jewellery,Diamond  &  Jewellery,NSE,INE785M01021
Rajesh Exports Ltd.,RAJESHEXPO,Diamond & Jewellery,Diamond  &  Jewellery,NSE,INE343B01030
Senco Gold Ltd.,SENCO,Diamond & Jewellery,Diamond  &  Jewellery,NSE,INE602W01027
Sky Gold and Diamonds Ltd.,SKYGOLD,Diamond & Jewellery,Diamond  &  Jewellery,NSE,INE01IU01018
Goldiam International Ltd.,GOLDIAM,Diamond & Jewellery,Diamond  &  Jewellery,NSE,INE025B01025
Vaibhav Global Ltd.,VAIBHAVGBL,Diamond & Jewellery,Diamond  &  Jewellery,NSE,INE884A01027
D.P. Abhushan Ltd.,DPABHUSHAN,Diamond & Jewellery,Diamond  &  Jewellery,NSE,INE266Y01019
Shringar House of Mangalsutra Ltd.,SHRINGARMS,Diamond & Jewellery,Diamond  &  Jewellery,NSE,INE1B3L01017
Motisons Jewellers Ltd.,MOTISONS,Diamond & Jewellery,Diamond  &  Jewellery,NSE,INE0FRK01020
Laxmi Goldorna House Ltd.,LGHL,Diamond & Jewellery,Diamond  &  Jewellery,NSE,INE258Y01016
Shanti Gold International Ltd.,SHANTIGOLD,Diamond & Jewellery,Diamond  &  Jewellery,NSE,INE06ZD01017
Renaissance Global Ltd.,RGL,Diamond & Jewellery,Diamond  &  Jewellery,NSE,INE722H01024
Tribhovandas Bhimji Zaveri Ltd.,TBZ,Diamond & Jewellery,Diamond  &  Jewellery,NSE,INE760L01018
Radhika Jeweltech Ltd.,RADHIKAJWE,Diamond & Jewellery,Diamond  &  Jewellery,NSE,INE583V01021
RBZ Jewellers Ltd.,RBZJEWEL,Diamond & Jewellery,Diamond  &  Jewellery,NSE,INE0PEQ01016
Utssav CZ Gold Jewels Ltd.,UTSSAV,Diamond & Jewellery,Diamond  &  Jewellery,NSE,INE06IJ01010
Goldkart Jewels Ltd.,GOLDKART,Diamond & Jewellery,Diamond  &  Jewellery,NSE,INE06MH01016
Pushpa Jewellers Ltd.,PUSHPA,Diamond & Jewellery,Diamond  &  Jewellery,NSE,INE154801018
SILGO Retail Ltd.,SILGO,Diamond & Jewellery,Diamond  &  Jewellery,NSE,INE01II01013
Moksh Ornaments Ltd.,MOKSH,Diamond & Jewellery,Diamond  &  Jewellery,NSE,INE514Y01020
Shubhlaxmi Jewel Art Ltd.,SHUBHLAXMI,Diamond & Jewellery,Diamond  &  Jewellery,NSE,INE01Z401013
Kanani Industries Ltd.,KANANIIND,Diamond & Jewellery,Diamond  &  Jewellery,NSE,INE879E01037
Goenka Diamond and Jewels Ltd.,GOENKA,Diamond & Jewellery,Diamond  &  Jewellery,NSE,INE516K01024
Cummins India Ltd.,CUMMINSIND,Automobile & Ancillaries,Diesel Engines,NSE,INE298A01020
Greaves Cotton Ltd.,GREAVESCOT,Automobile & Ancillaries,Diesel Engines,NSE,INE224A01026
Swaraj Engines Ltd.,SWARAJENG,Automobile & Ancillaries,Diesel Engines,NSE,INE277A01016
3M India Ltd.,3MINDIA,Diversified,Diversified,NSE,INE470A01017
DCM Shriram Ltd.,DCMSHRIRAM,Diversified,Diversified,NSE,INE499A01024
Hindustan Foods Ltd.,HNDFDS,Diversified,Diversified,NSE,INE254N01026
Balmer Lawrie & Company Ltd.,BALMLAWRIE,Diversified,Diversified,NSE,INE164A01016
TTK Healthcare Ltd.,TTKHLTCARE,Diversified,Diversified,NSE,INE910C01018
Gillanders Arbuthnot & Company Ltd.,GILLANDERS,Diversified,Diversified,NSE,INE047B01011
BIL Vyapar Ltd.,BILVYAPAR,Diversified,Diversified,NSE,INE071A01013
Niraj Ispat Industries Ltd.,NIRAJISPAT,Diversified,Diversified,NSE,INE326T01011
Sudarshan Chemical Industries Ltd.,SUDARSCHEM,Chemicals,Dyes & Pigments,NSE,INE659A01023
Kiri Industries Ltd.,KIRIINDUS,Chemicals,Dyes & Pigments,NSE,INE415I01015
Vidhi Specialty Food Ingredients Ltd.,VIDHIING,Chemicals,Dyes & Pigments,NSE,INE632C01026
Shree Pushkar Chemicals & Fertilisers Ltd.,SHREEPUSHK,Chemicals,Dyes & Pigments,NSE,INE712K01011
Bhageria Industries Ltd.,BHAGERIA,Chemicals,Dyes & Pigments,NSE,INE354C01027
Bodal Chemicals Ltd.,BODALCHEM,Chemicals,Dyes & Pigments,NSE,INE338D01028
Dynemic Products Ltd.,DYNPRO,Chemicals,Dyes & Pigments,NSE,INE256H01015
Asahi Songwon Colors Ltd.,ASAHISONG,Chemicals,Dyes & Pigments,NSE,INE228I01012
Poddar Pigments Ltd.,PODDARMENT,Chemicals,Dyes & Pigments,NSE,INE371C01013
Aksharchem (India) Ltd.,AKSHARCHEM,Chemicals,Dyes & Pigments,NSE,INE542B01011
Ishan Dyes and Chemicals Ltd.,ISHANCH,Chemicals,Dyes & Pigments,NSE,INE561M01018
Hindprakash Industries Ltd.,HPIL,Chemicals,Dyes & Pigments,NSE,INE05X901010
Arunaya Organics Ltd.,ARUNAYA,Chemicals,Dyes & Pigments,NSE,INE0TTG01017
Yasons Chemex Care Ltd.,YCCL,Chemicals,Dyes & Pigments,NSE,INE08S201019
Eternal Ltd.,ETERNAL,Information Technology,e-Commerce,NSE,INE758T01015
Swiggy Ltd.,SWIGGY,Information Technology,e-Commerce,NSE,INE00H001014
Meesho Ltd.,MEESHO,Information Technology,e-Commerce,NSE,INE0VDM01015
FSN E-Commerce Ventures Ltd.,NYKAA,Information Technology,e-Commerce,NSE,INE388Y01029
Brainbees Solutions Ltd.,FIRSTCRY,Information Technology,e-Commerce,NSE,INE02RE01045
Indiamart Intermesh Ltd.,INDIAMART,Information Technology,e-Commerce,NSE,INE933S01016
CarTrade Tech Ltd.,CARTRADE,Information Technology,e-Commerce,NSE,INE290S01011
MSTC Ltd.,MSTCLTD,Information Technology,e-Commerce,NSE,INE255X01014
Sat Kartar Shopping Ltd.,SATKARTAR,Information Technology,e-Commerce,NSE,INE0NB801022
Macobs Technologies Ltd.,MACOBSTECH,Information Technology,e-Commerce,NSE,INE0R0J01010
Enfuse Solutions Ltd.,ENFUSE,Information Technology,e-Commerce,NSE,INE0S3X01014
Radiowalla Network Ltd.,RADIOWALLA,Information Technology,e-Commerce,NSE,INE430U01019
Net Avenue Technologies Ltd.,CBAZAAR,Information Technology,e-Commerce,NSE,INE518X01015
Marico Ltd.,MARICO,Fast Moving Consumer Goods,Edible Oil,NSE,INE196A01026
Patanjali Foods Ltd.,PATANJALI,Fast Moving Consumer Goods,Edible Oil,NSE,INE619A01035
AWL Agri Business Ltd.,AWL,Fast Moving Consumer Goods,Edible Oil,NSE,INE699H01024
Gokul Agro Resources Ltd.,GOKULAGRO,Fast Moving Consumer Goods,Edible Oil,NSE,INE314T01033
Sundrop Brands Ltd.,SUNDROP,Fast Moving Consumer Goods,Edible Oil,NSE,INE209A01019
BCL Industries Ltd.,BCLIND,Fast Moving Consumer Goods,Edible Oil,NSE,INE412G01024
Modi Naturals Ltd.,MODINATUR,Fast Moving Consumer Goods,Edible Oil,NSE,INE537F01012
Gokul Refoils and Solvent Ltd.,GOKUL,Fast Moving Consumer Goods,Edible Oil,NSE,INE020J01029
Kriti Nutrients Ltd.,KRITINUT,Fast Moving Consumer Goods,Edible Oil,NSE,INE798K01010
MK Proteins Ltd.,MKPL,Fast Moving Consumer Goods,Edible Oil,NSE,INE964W01021
Raj Oil Mills Ltd.,ROML,Fast Moving Consumer Goods,Edible Oil,NSE,INE294G01026
NK Industries Ltd.,NKIND,Fast Moving Consumer Goods,Edible Oil,NSE,INE542C01019
Sanwaria Consumer Ltd.,SANWARIA,Fast Moving Consumer Goods,Edible Oil,NSE,INE890C01046
Physicswallah Ltd.,PWL,Other,Educational Institutions,NSE,INE0LP301011
Crizac Ltd.,CRIZAC,Other,Educational Institutions,NSE,INE0S4R01014
Veranda Learning Solutions Ltd.,VERANDA,Other,Educational Institutions,NSE,INE0IQ001011
Jaro Institute of Technology Management and Research Ltd.,JARO,Other,Educational Institutions,NSE,INE00YJ01010
Career Point Edutech Ltd.,CPEDU,Other,Educational Institutions,NSE,INE0P6P01016
Global Education Ltd.,GLOBAL,Other,Educational Institutions,NSE,INE291W01037
CL Educate Ltd.,CLEDUCATE,Other,Educational Institutions,NSE,INE201M01029
Arihant Academy Ltd.,ARIHANTACA,Other,Educational Institutions,NSE,INE0NCC01015
Zee Learn Ltd.,ZEELEARN,Other,Educational Institutions,NSE,INE565L01011
Flywings Simulator Training Centre Ltd.,FWSTC,Other,Educational Institutions,NSE,INE0SQZ01015
CP Capital Ltd.,CPCAP,Other,Educational Institutions,NSE,INE521J01018
Addictive Learning Technology Ltd.,ADDICTIVE,Other,Educational Institutions,NSE,INE0RDH01021
Moxsh Overseas Educon Ltd.,MOXSH,Other,Educational Institutions,NSE,INE0N6D01014
Tree House Education & Accessories Ltd.,TREEHOUSE,Other,Educational Institutions,NSE,INE040M01013
Docmode Health Technologies Ltd.,DHTL,Other,Educational Institutions,NSE,INE0OGG01015
MT Educare Ltd.,MTEDUCARE,Other,Educational Institutions,NSE,INE472M01018
ABB India Ltd.,ABB,Capital Goods,Electric Equipment,NSE,INE117A01022
Siemens Ltd.,SIEMENS,Capital Goods,Electric Equipment,NSE,INE003A01024
CG Power and Industrial Solutions Ltd.,CGPOWER,Capital Goods,Electric Equipment,NSE,INE067A01029
Siemens Energy India Ltd.,ENRIN,Capital Goods,Electric Equipment,NSE,INE1NPP01017
Havells India Ltd.,HAVELLS,Capital Goods,Electric Equipment,NSE,INE176B01034
Waaree Energies Ltd.,WAAREEENER,Capital Goods,Electric Equipment,NSE,INE377N01017
Hitachi Energy India Ltd.,POWERINDIA,Capital Goods,Electric Equipment,NSE,INE07Y701011
GE Vernova T&D India Ltd.,GVT&D,Capital Goods,Electric Equipment,NSE,INE200A01026
Suzlon Energy Ltd.,SUZLON,Capital Goods,Electric Equipment,NSE,INE040H01021
Apar Industries Ltd.,APARINDS,Capital Goods,Electric Equipment,NSE,INE372A01015
Inox Wind Ltd.,INOXWIND,Capital Goods,Electric Equipment,NSE,INE066P01011
Schneider Electric Infrastructure Ltd.,SCHNEIDER,Capital Goods,Electric Equipment,NSE,INE839M01018
V-Guard Industries Ltd.,VGUARD,Capital Goods,Electric Equipment,NSE,INE951I01027
TD Power Systems Ltd.,TDPOWERSYS,Capital Goods,Electric Equipment,NSE,INE419M01027
Genus Power Infrastructures Ltd.,GENUSPOWER,Capital Goods,Electric Equipment,NSE,INE955D01029
Transformers & Rectifiers (India) Ltd.,TARIL,Capital Goods,Electric Equipment,NSE,INE763I01026
Voltamp Transformers Ltd.,VOLTAMP,Capital Goods,Electric Equipment,NSE,INE540H01012
Transrail Lighting Ltd.,TRANSRAILL,Capital Goods,Electric Equipment,NSE,INE454P01035
Atlanta Electricals Ltd.,ATLANTAELE,Capital Goods,Electric Equipment,NSE,INE0Z4F01028
Quality Power Electrical Equipments Ltd.,QPOWER,Capital Goods,Electric Equipment,NSE,INE0SII01026
Ujaas Energy Ltd.,UEL,Capital Goods,Electric Equipment,NSE,INE899L01030
Shilchar Technologies Ltd.,SHILCTECH,Capital Goods,Electric Equipment,NSE,INE024F01011
Bharat Bijlee Ltd.,BBL,Capital Goods,Electric Equipment,NSE,INE464A01036
HPL Electric & Power Ltd.,HPL,Capital Goods,Electric Equipment,NSE,INE495S01016
Hind Rectifiers Ltd.,HIRECT,Capital Goods,Electric Equipment,NSE,INE835D01023
KSH International Ltd.,KSHINTL,Capital Goods,Electric Equipment,NSE,INE987S01020
Honda India Power Products Ltd.,HONDAPOWER,Capital Goods,Electric Equipment,NSE,INE634A01018
Alpex Solar Ltd.,ALPEXSOLAR,Capital Goods,Electric Equipment,NSE,INE0R4701017
Spectrum Electrical Industries Ltd.,SPECTRUM,Capital Goods,Electric Equipment,NSE,INE01EO01010
Servotech Renewable Power System Ltd.,SERVOTECH,Capital Goods,Electric Equipment,NSE,INE782X01033
Indo Tech Transformers Ltd.,INDOTECH,Capital Goods,Electric Equipment,NSE,INE332H01014
Exicom Tele-Systems Ltd.,EXICOM,Capital Goods,Electric Equipment,NSE,INE777F01014
Rishabh Instruments Ltd.,RISHABH,Capital Goods,Electric Equipment,NSE,INE0N2P01017
Igarashi Motors India Ltd.,IGARASHI,Capital Goods,Electric Equipment,NSE,INE188B01013
Solex Energy Ltd.,SOLEX,Capital Goods,Electric Equipment,NSE,INE880Y01017
Danish Power Ltd.,DANISH,Capital Goods,Electric Equipment,NSE,INE0YU901016
Salzer Electronics Ltd.,SALZERELEC,Capital Goods,Electric Equipment,NSE,INE457F01013
Vidya Wires Ltd.,VIDYAWIRES,Capital Goods,Electric Equipment,NSE,INE14UN01029
MIC Electronics Ltd.,MICEL,Capital Goods,Electric Equipment,NSE,INE287C01037
Mangal Electrical Industries Ltd.,MEIL,Capital Goods,Electric Equipment,NSE,INE0PKD01011
Prostarm Info Systems Ltd.,PROSTARM,Capital Goods,Electric Equipment,NSE,INE0BX301013
Vilas Transcore Ltd.,VILAS,Capital Goods,Electric Equipment,NSE,INE0AZY01017
Ganesh Green Bharat Ltd.,GGBL,Capital Goods,Electric Equipment,NSE,INE0R8C01018
Kirloskar Electric Company Ltd.,KECL,Capital Goods,Electric Equipment,NSE,INE134B01017
Modison Ltd.,MODISONLTD,Capital Goods,Electric Equipment,NSE,INE737D01021
Focus Lighting & Fixtures Ltd.,FOCUS,Capital Goods,Electric Equipment,NSE,INE593W01028
Supreme Power Equipment Ltd.,SUPREMEPWR,Capital Goods,Electric Equipment,NSE,INE0QHG01026
Saakshi Medtech & Panels Ltd.,SAAKSHI,Capital Goods,Electric Equipment,NSE,INE0PSK01027
S&S Power Switchgear Ltd.,S&SPOWER,Capital Goods,Electric Equipment,NSE,INE902B01017
Parth Electricals & Engineering Ltd.,PARTH,Capital Goods,Electric Equipment,NSE,INE1H7V01011
Jay Bee Laminations Ltd.,JAYBEE,Capital Goods,Electric Equipment,NSE,INE0SMY01017
Veto Switchgears And Cables Ltd.,VETO,Capital Goods,Electric Equipment,NSE,INE918N01018
Shivalic Power Control Ltd.,SPCL,Capital Goods,Electric Equipment,NSE,INE0T7B01010
Aartech Solonics Ltd.,AARTECH,Capital Goods,Electric Equipment,NSE,INE01C001026
Smarten Power Systems Ltd.,SMARTEN,Capital Goods,Electric Equipment,NSE,INE14GK01016
Akanksha Power & Infrastructure Ltd.,AKANKSHA,Capital Goods,Electric Equipment,NSE,INE0PCY01014
Kundan Edifice Ltd.,KEL,Capital Goods,Electric Equipment,NSE,INE0OWX01025
Vdeal System Ltd.,VDEAL,Capital Goods,Electric Equipment,NSE,INE0U2M01015
Delta Manufacturing Ltd.,DELTAMAGNT,Capital Goods,Electric Equipment,NSE,INE393A01011
Chamunda Electrical Ltd.,CHAMUNDA,Capital Goods,Electric Equipment,NSE,INE11HG01018
Tarapur Transformers Ltd.,TARAPUR,Capital Goods,Electric Equipment,NSE,INE747K01017
Rulka Electricals Ltd.,RULKA,Capital Goods,Electric Equipment,NSE,INE0R7301013
Maks Energy Solutions India Ltd.,MAKS,Capital Goods,Electric Equipment,NSE,INE0CDK01019
Shri Ram Switchgears Ltd.,SRIRAM,Capital Goods,Electric Equipment,NSE,#N/A
Graphite India Ltd.,GRAPHITE,Capital Goods,Electrodes & Welding Equipment,NSE,INE371A01025
HEG Ltd.,HEG,Capital Goods,Electrodes & Welding Equipment,NSE,INE545A01024
Esab India Ltd.,ESABINDIA,Capital Goods,Electrodes & Welding Equipment,NSE,INE284A01012
Ador Welding Ltd.,ADOR,Capital Goods,Electrodes & Welding Equipment,NSE,INE045A01017
Diffusion Engineers Ltd.,DIFFNKG,Capital Goods,Electrodes & Welding Equipment,NSE,INE184O01015
De Nora India Ltd.,DENORA,Capital Goods,Electrodes & Welding Equipment,NSE,INE244A01016
Royal Arc Electrodes Ltd.,ROYALARC,Capital Goods,Electrodes & Welding Equipment,NSE,INE0EO401019
Classic Electrodes (India) Ltd.,CLASSICEIL,Capital Goods,Electrodes & Welding Equipment,NSE,INE0UQ601012
Kaynes Technology India Ltd.,KAYNES,Electricals,Electronics - Components,NSE,INE918Z01012
Syrma SGS Technology Ltd.,SYRMA,Electricals,Electronics - Components,NSE,INE0DYJ01015
Apollo Micro Systems Ltd.,APOLLO,Electricals,Electronics - Components,NSE,INE713T01028
Vikram Solar Ltd.,VIKRAMSOLR,Electricals,Electronics - Components,NSE,INE078V01014
Fujiyama Power Systems Ltd.,UTLSOLAR,Electricals,Electronics - Components,NSE,INE12UR01024
Avalon Technologies Ltd.,AVALON,Electricals,Electronics - Components,NSE,INE0LCL01028
Saatvik Green Energy Ltd.,SAATVIKGL,Electricals,Electronics - Components,NSE,INE13B501022
Websol Energy System Ltd.,WEBELSOLAR,Electricals,Electronics - Components,NSE,INE855C01023
Centum Electronics Ltd.,CENTUM,Electricals,Electronics - Components,NSE,INE320B01020
Cyient DLM Ltd.,CYIENTDLM,Electricals,Electronics - Components,NSE,INE055S01018
Indosolar Ltd.,WAAREEINDO,Electricals,Electronics - Components,NSE,INE866K01023
Kernex Microsystems (India) Ltd.,KERNEX,Electricals,Electronics - Components,NSE,INE202H01019
Aimtron Electronics Ltd.,AIMTRON,Electricals,Electronics - Components,NSE,INE0RUV01018
Vinyas Innovative Technologies Ltd.,VINYAS,Electricals,Electronics - Components,NSE,INE0OLS01010
IKIO Technologies Ltd.,IKIO,Electricals,Electronics - Components,NSE,INE0LOJ01019
ICE Make Refrigeration Ltd.,ICEMAKE,Electricals,Electronics - Components,NSE,INE520Y01019
Swelect Energy Systems Ltd.,SWELECTES,Electricals,Electronics - Components,NSE,INE409B01013
Australian Premium Solar (India) Ltd.,APS,Electricals,Electronics - Components,NSE,INE0P0001010
Sahasra Electronic Solutions Ltd.,SAHASRA,Electricals,Electronics - Components,NSE,INE0RBQ01018
BPL Ltd.,BPL,Electricals,Electronics - Components,NSE,INE110A01019
Eppeltone Engineers Ltd.,EEPL,Electricals,Electronics - Components,NSE,INE11HF01010
Surana Solar Ltd.,SURANASOL,Electricals,Electronics - Components,NSE,INE272L01022
Richa Info Systems Ltd.,RICHA,Electricals,Electronics - Components,NSE,INE0J1P01015
Electro Force (India) Ltd.,EFORCE,Electricals,Electronics - Components,NSE,INE0Q1W01012
Pulz Electronics Ltd.,PULZ,Electricals,Electronics - Components,NSE,INE335X01014
Ultra Wiring Connectivity Systems Ltd.,UWCSL,Electricals,Electronics - Components,NSE,INE00F301010
MTAR Technologies Ltd.,MTARTECH,Capital Goods,Engineering,NSE,INE864I01014
Pitti Engineering Ltd.,PITTIENG,Capital Goods,Engineering,NSE,INE450D01021
Thejo Engineering Ltd.,THEJO,Capital Goods,Engineering,NSE,INE121N01019
South West Pinnacle Exploration Ltd.,SOUTHWEST,Capital Goods,Engineering,NSE,INE980Y01015
RBM Infracon Ltd.,RBMINFRA,Capital Goods,Engineering,NSE,INE0NA301016
Aaron Industries Ltd.,AARON,Capital Goods,Engineering,NSE,INE721Z01010
Lokesh Machines Ltd.,LOKESHMACH,Capital Goods,Engineering,NSE,INE397H01017
Anlon Technology Solution Ltd.,ANLON,Capital Goods,Engineering,NSE,INE0LR101013
Affordable Robotic & Automation Ltd.,AFFORDABLE,Capital Goods,Engineering,NSE,INE692Z01013
Kataria Industries Ltd.,KATARIA,Capital Goods,Engineering,NSE,INE0SVY01018
Pritika Auto Industries Ltd.,PRITIKAUTO,Capital Goods,Engineering,NSE,INE583R01029
Taurian MPS Ltd.,TAURIAN,Capital Goods,Engineering,NSE,INE0XWS01018
Aluwind Infra-Tech Ltd.,ALUWIND,Capital Goods,Engineering,NSE,INE0STM01017
BEW Engineering Ltd.,BEWLTD,Capital Goods,Engineering,NSE,INE0HQI01014
Aesthetik Engineers Ltd.,AESTHETIK,Capital Goods,Engineering,NSE,INE0TSF01011
Alphageo (India) Ltd.,ALPHAGEO,Capital Goods,Engineering,NSE,INE137C01018
ANI Integrated Services Ltd.,AISL,Capital Goods,Engineering,NSE,INE635Y01015
Ameya Precision Engineers Ltd.,AMEYA,Capital Goods,Engineering,NSE,INE0KT901015
Konstelec Engineers Ltd.,KONSTELEC,Capital Goods,Engineering,NSE,INE0QEI01011
Samay Project Services Ltd.,SAMAY,Capital Goods,Engineering,NSE,INE124101010
Ahlada Engineers Ltd.,AHLADA,Capital Goods,Engineering,NSE,INE00PV01013
Presstonic Engineering Ltd.,PRESSTONIC,Capital Goods,Engineering,NSE,INE0R1601012
Debock Industries Ltd.,DIL,Capital Goods,Engineering,NSE,INE411Y01011
SKIL Infrastructure Ltd.,SKIL,Capital Goods,Engineering,NSE,INE429F01012
Ishan International Ltd.,ISHAN,Capital Goods,Engineering,NSE,INE0LCW01025
Perfect Infraengineers Ltd.,PERFECT,Capital Goods,Engineering,NSE,INE925S01012
Larsen & Toubro Ltd.,LT,Infrastructure,Engineering - Construction,NSE,INE018A01030
Rail Vikas Nigam Ltd.,RVNL,Infrastructure,Engineering - Construction,NSE,INE415G01027
IRB Infrastructure Developers Ltd.,IRB,Infrastructure,Engineering - Construction,NSE,INE821I01022
Kalpataru Projects International Ltd.,KPIL,Infrastructure,Engineering - Construction,NSE,INE220B01022
KEC International Ltd.,KEC,Infrastructure,Engineering - Construction,NSE,INE389H01022
Ircon International Ltd.,IRCON,Infrastructure,Engineering - Construction,NSE,INE962Y01021
Afcons Infrastructure Ltd.,AFCONS,Infrastructure,Engineering - Construction,NSE,INE101I01011
Cemindia Projects Ltd.,CEMPRO,Infrastructure,Engineering - Construction,NSE,INE686A01026
Techno Electric & Engineering Company Ltd.,TECHNOE,Infrastructure,Engineering - Construction,NSE,INE285K01026
Engineers India Ltd.,ENGINERSIN,Infrastructure,Engineering - Construction,NSE,INE510A01028
NCC Ltd.,NCC,Infrastructure,Engineering - Construction,NSE,INE868B01028
Waaree Renewable Technologies Ltd.,WAAREERTL,Infrastructure,Engineering - Construction,NSE,INE299N01021
GR Infraprojects Ltd.,GRINFRA,Infrastructure,Engineering - Construction,NSE,INE201P01022
Inox Green Energy Services Ltd.,INOXGREEN,Infrastructure,Engineering - Construction,NSE,INE510W01014
Dilip Buildcon Ltd.,DBL,Infrastructure,Engineering - Construction,NSE,INE917M01012
Power Mech Projects Ltd.,POWERMECH,Infrastructure,Engineering - Construction,NSE,INE211R01019
Welspun Enterprises Ltd.,WELENT,Infrastructure,Engineering - Construction,NSE,INE625G01013
ISGEC Heavy Engineering Ltd.,ISGEC,Infrastructure,Engineering - Construction,NSE,INE858B01029
PNC Infratech Ltd.,PNCINFRA,Infrastructure,Engineering - Construction,NSE,INE195J01029
Man InfraConstruction Ltd.,MANINFRA,Infrastructure,Engineering - Construction,NSE,INE949H01023
Sterling and Wilson Renewable Energy Ltd.,SWSOLAR,Infrastructure,Engineering - Construction,NSE,INE00M201021
H.G. Infra Engineering Ltd.,HGINFRA,Infrastructure,Engineering - Construction,NSE,INE926X01010
Hindustan Construction Company Ltd.,HCC,Infrastructure,Engineering - Construction,NSE,INE549A01026
Ashoka Buildcon Ltd.,ASHOKA,Infrastructure,Engineering - Construction,NSE,INE442H01029
KNR Constructions Ltd.,KNRCON,Infrastructure,Engineering - Construction,NSE,INE634I01029
Ceigall India Ltd.,CEIGALL,Infrastructure,Engineering - Construction,NSE,INE0AG901020
Oriana Power Ltd.,ORIANA,Infrastructure,Engineering - Construction,NSE,INE0OUT01019
J Kumar Infraprojects Ltd.,JKIL,Infrastructure,Engineering - Construction,NSE,INE576I01022
Interarch Building Solutions Ltd.,INTERARCH,Infrastructure,Engineering - Construction,NSE,INE00M901018
Ramky Infrastructure Ltd.,RAMKY,Infrastructure,Engineering - Construction,NSE,INE874I01013
Enviro Infra Engineers Ltd.,EIEL,Infrastructure,Engineering - Construction,NSE,INE0LLY01014
GK Energy Ltd.,GKENERGY,Infrastructure,Engineering - Construction,NSE,INE1AG301022
Patel Engineering Ltd.,PATELENG,Infrastructure,Engineering - Construction,NSE,INE244B01030
Vikran Engineering Ltd.,VIKRAN,Infrastructure,Engineering - Construction,NSE,INE01R501028
BGR Energy Systems Ltd.,BGRENERGY,Infrastructure,Engineering - Construction,NSE,INE661I01014
Solarworld Energy Solutions Ltd.,SOLARWORLD,Infrastructure,Engineering - Construction,NSE,INE0TY101024
EMS Ltd.,EMSLIMITED,Infrastructure,Engineering - Construction,NSE,INE0OV601013
KP Energy Ltd.,KPEL,Infrastructure,Engineering - Construction,NSE,INE127T01021
Indian Hume Pipe Company Ltd.,INDIANHUME,Infrastructure,Engineering - Construction,NSE,INE323C01030
GE Power India Ltd.,GVPIL,Infrastructure,Engineering - Construction,NSE,INE878A01011
Bajel Projects Ltd.,BAJEL,Infrastructure,Engineering - Construction,NSE,INE0KQN01018
Simplex Infrastructures Ltd.,SIMPLEXINF,Infrastructure,Engineering - Construction,NSE,INE059B01024
SEPC Ltd.,SEPC,Infrastructure,Engineering - Construction,NSE,INE964H01014
GPT Infraprojects Ltd.,GPTINFRA,Infrastructure,Engineering - Construction,NSE,INE390G01014
SPML Infra Ltd.,SPMLINFRA,Infrastructure,Engineering - Construction,NSE,INE937A01023
SRM Contractors Ltd.,SRM,Infrastructure,Engineering - Construction,NSE,INE0R6Z01013
AB Infrabuild Ltd.,ABINFRA,Infrastructure,Engineering - Construction,NSE,INE00YB01025
Sathlokhar Synergys E&C Global Ltd.,SSEGL,Infrastructure,Engineering - Construction,NSE,INE0RFP01011
Vascon Engineers Ltd.,VASCONEQ,Infrastructure,Engineering - Construction,NSE,INE893I01013
Z-Tech (India) Ltd.,ZTECH,Infrastructure,Engineering - Construction,NSE,INE0ISZ01012
Om Infra Ltd.,OMINFRAL,Infrastructure,Engineering - Construction,NSE,INE239D01028
Jaiprakash Associates Ltd.,JPASSOCIAT,Infrastructure,Engineering - Construction,NSE,INE455F01025
Denta Water And Infra Solutions Ltd.,DENTA,Infrastructure,Engineering - Construction,NSE,INE0R4L01018
Supreme Infrastructure India Ltd.,SUPREMEINF,Infrastructure,Engineering - Construction,NSE,INE550H01011
Consolidated Construction Consortium Ltd.,CCCL,Infrastructure,Engineering - Construction,NSE,INE429I01024
Likhitha Infrastructure Ltd.,LIKHITHA,Infrastructure,Engineering - Construction,NSE,INE060901027
Viviana Power Tech Ltd.,VIVIANA,Infrastructure,Engineering - Construction,NSE,INE0MEG01014
Vishnu Prakash R Punglia Ltd.,VPRPL,Infrastructure,Engineering - Construction,NSE,INE0AE001013
W.S. Industries (India) Ltd.,WSI,Infrastructure,Engineering - Construction,NSE,INE100D01014
Giriraj Civil Developers Ltd.,GIRIRAJ,Infrastructure,Engineering - Construction,NSE,INE614Z01017
Ganesh Infraworld Ltd.,GANESHIN,Infrastructure,Engineering - Construction,NSE,INE0TVT01024
Effwa Infra & Research Ltd.,EFFWA,Infrastructure,Engineering - Construction,NSE,INE0U9101019
MBL Infrastructure Ltd.,MBLINFRA,Infrastructure,Engineering - Construction,NSE,INE912H01013
Highway Infrastructure Ltd.,HILINFRA,Infrastructure,Engineering - Construction,NSE,INE00RL01028
Twamev Construction And Infrastructure Ltd.,TICL,Infrastructure,Engineering - Construction,NSE,INE388G01026
Markolines Pavement Technologies Ltd.,MARKOLINES,Infrastructure,Engineering - Construction,NSE,INE0FW001016
IL&FS Engineering and Construction Company Ltd.,IL&FSENGG,Infrastructure,Engineering - Construction,NSE,INE369I01014
Globe Civil Projects Ltd.,GLOBECIVIL,Infrastructure,Engineering - Construction,NSE,INE0V3U01015
Atlantaa Ltd.,ATLANTAA,Infrastructure,Engineering - Construction,NSE,INE285H01022
Savy Infra and Logistics Ltd.,SAVY,Infrastructure,Engineering - Construction,NSE,INE0UCN01017
A2Z Infra Engineering Ltd.,A2ZINFRA,Infrastructure,Engineering - Construction,NSE,INE619I01012
AVP Infracon Ltd.,AVPINFRA,Infrastructure,Engineering - Construction,NSE,INE0R9401019
Pratham EPC Projects Ltd.,PRATHAM,Infrastructure,Engineering - Construction,NSE,INE0QA601016
Active Infrastructures Ltd.,ACTIVEINFR,Infrastructure,Engineering - Construction,NSE,INE0KLO01025
Current Infraprojects Ltd.,CURRENT,Infrastructure,Engineering - Construction,NSE,INE1CRQ01014
Univastu India Ltd.,UNIVASTU,Infrastructure,Engineering - Construction,NSE,INE562X01013
Generic Engineering Construction And Projects Ltd.,GENCON,Infrastructure,Engineering - Construction,NSE,INE854S01022
Niraj Cement Structurals Ltd.,NIRAJ,Infrastructure,Engineering - Construction,NSE,INE368I01016
Eleganz Interiors Ltd.,ELGNZ,Infrastructure,Engineering - Construction,NSE,INE0R9101015
Power & Instrumentation (Gujarat) Ltd.,PIGL,Infrastructure,Engineering - Construction,NSE,INE557Z01018
Rudrabhishek Enterprises Ltd.,REPL,Infrastructure,Engineering - Construction,NSE,INE364Z01019
Sadbhav Engineering Ltd.,SADBHAV,Infrastructure,Engineering - Construction,NSE,INE226H01026
Bharat Road Network Ltd.,BRNL,Infrastructure,Engineering - Construction,NSE,INE727S01012
Kay Cee Energy & Infra Ltd.,KCEIL,Infrastructure,Engineering - Construction,NSE,INE0RCG01017
RKEC Projects Ltd.,RKEC,Infrastructure,Engineering - Construction,NSE,INE786W01010
Mayasheel Ventures Ltd.,MAYASHEEL,Infrastructure,Engineering - Construction,NSE,INE0ZTO01018
Sadbhav Infrastructure Project Ltd.,SADBHIN,Infrastructure,Engineering - Construction,NSE,INE764L01010
HEC Infra Projects Ltd.,HECPROJECT,Infrastructure,Engineering - Construction,NSE,INE558R01013
Tarmat Ltd.,TARMAT,Infrastructure,Engineering - Construction,NSE,INE924H01018
Udayshivakumar Infra Ltd.,USK,Infrastructure,Engineering - Construction,NSE,INE0N0Y01013
Lakshya Powertech Ltd.,LAKSHYA,Infrastructure,Engineering - Construction,NSE,INE0VZS01015
Ducon Infratechnologies Ltd.,DUCON,Infrastructure,Engineering - Construction,NSE,INE741L01018
Sattva Engineering Construction Ltd.,SATTVAENGG,Infrastructure,Engineering - Construction,NSE,INE14DW01018
Gensol Engineering Ltd.,GENSOL,Infrastructure,Engineering - Construction,NSE,INE06H201014
Teerth Gopicon Ltd.,TGL,Infrastructure,Engineering - Construction,NSE,INE0K6601012
IL&FS Transportation Networks Ltd.,IL&FSTRANS,Infrastructure,Engineering - Construction,NSE,INE975G01012
Sonu Infratech Ltd.,SONUINFRA,Infrastructure,Engineering - Construction,NSE,INE0JZA01018
Suntech Infra Solutions Ltd.,SUNTECH,Infrastructure,Engineering - Construction,NSE,INE0SGZ01016
Noida Toll Bridge Company Ltd.,NOIDATOLL,Infrastructure,Engineering - Construction,NSE,INE781B01015
K2 Infragen Ltd.,K2INFRA,Infrastructure,Engineering - Construction,NSE,INE0DEZ01013
Teamo Productions HQ Ltd.,TPHQ,Infrastructure,Engineering - Construction,NSE,INE065J01024
Gayatri Highways Ltd.,GAYAHWS,Infrastructure,Engineering - Construction,NSE,INE287Z01012
Rachana Infrastructure Ltd.,RILINFRA,Infrastructure,Engineering - Construction,NSE,INE02OY01016
Trom Industries Ltd.,TROM,Infrastructure,Engineering - Construction,NSE,INE0SYV01018
Integrity Infrabuild Developers Ltd.,INTEGRITY,Infrastructure,Engineering - Construction,NSE,INE0YSH01017
Madhucon Projects Ltd.,MADHUCON,Infrastructure,Engineering - Construction,NSE,INE378D01032
VL Infraprojects Ltd.,VLINFRA,Infrastructure,Engineering - Construction,NSE,INE0QXL01015
Agni Green Power Ltd.,AGNI,Infrastructure,Engineering - Construction,NSE,INE0LF301013
Salasar Exteriors & Contour Ltd.,SECL,Infrastructure,Engineering - Construction,NSE,#N/A
Akash Infra-Projects Ltd.,AKASH,Infrastructure,Engineering - Construction,NSE,INE737W01013
Manav Infra Projects Ltd.,MANAV,Infrastructure,Engineering - Construction,NSE,INE104Y01012
MEP Infrastructure Developers Ltd.,MEP,Infrastructure,Engineering - Construction,NSE,INE776I01010
Kaushalya Infrastructure Development Corporation Ltd.,KAUSHALYA,Infrastructure,Engineering - Construction,NSE,INE234I01028
TechIndia Nirman Ltd.,TECHIN,Infrastructure,Engineering - Construction,NSE,INE778A01021
Transwind Infrastructures Ltd.,TRANSWIND,Infrastructure,Engineering - Construction,NSE,INE792X01016
Indifra Ltd.,INDIFRA,Infrastructure,Engineering - Construction,NSE,INE0PS301014
Setubandhan Infrastructure Ltd.,SETUINFRA,Infrastructure,Engineering - Construction,NSE,INE023M01027
Mcnally Bharat Engineering Company Ltd.,MBECL,Infrastructure,Engineering - Construction,NSE,INE748A01016
AB Infrabuild Ltd. - RE,ABIN-RE,Infrastructure,Engineering - Construction,NSE,#N/A
SEPC Ltd- Partly Paid-up Equity Shares (Rights Issue),SEPCPP,Infrastructure,Engineering - Construction,NSE,IN9964H01012
NBCC (India) Ltd.,NBCC,Other,Engineering Consultancy,NSE,INE095N01031
Rites Ltd.,RITES,Other,Engineering Consultancy,NSE,INE320J01015
Mold-Tek Technologies Ltd.,MOLDTECH,Other,Engineering Consultancy,NSE,INE835B01035
HVAX Technologies Ltd.,HVAX,Other,Engineering Consultancy,NSE,INE0TO501019
Winsol Engineers Ltd.,WINSOL,Other,Engineering Consultancy,NSE,INE0S3D01016
Dhruv Consultancy Services Ltd.,DHRUV,Other,Engineering Consultancy,NSE,INE506Z01015
Blue Pebble Ltd.,BLUEPEBBLE,Other,Engineering Consultancy,NSE,INE0SAK01011
Manglam Infra & Engineering Ltd.,MIEL,Other,Engineering Consultancy,NSE,INE0R3101011
Falcon Technoprojects India Ltd.,FALCONTECH,Other,Engineering Consultancy,NSE,INE0PQK01013
Bharat Heavy Electricals Ltd.,BHEL,Capital Goods,Engineering - Industrial Equipments,NSE,INE257A01026
Thermax Ltd.,THERMAX,Capital Goods,Engineering - Industrial Equipments,NSE,INE152A01029
Jyoti CNC Automation Ltd.,JYOTICNC,Capital Goods,Engineering - Industrial Equipments,NSE,INE980O01024
Kirloskar Oil Engines Ltd.,KIRLOSENG,Capital Goods,Engineering - Industrial Equipments,NSE,INE146L01010
Triveni Turbine Ltd.,TRITURBINE,Capital Goods,Engineering - Industrial Equipments,NSE,INE152M01016
Tega Industries Ltd.,TEGA,Capital Goods,Engineering - Industrial Equipments,NSE,INE011K01018
Elecon Engineering Company Ltd.,ELECON,Capital Goods,Engineering - Industrial Equipments,NSE,INE205B01031
Azad Engineering Ltd.,AZAD,Capital Goods,Engineering - Industrial Equipments,NSE,INE02IJ01035
Inox India Ltd.,INOXINDIA,Capital Goods,Engineering - Industrial Equipments,NSE,INE616N01034
Aequs Ltd.,AEQUS,Capital Goods,Engineering - Industrial Equipments,NSE,INE947N01017
Lloyds Engineering Works Ltd.,LLOYDSENGG,Capital Goods,Engineering - Industrial Equipments,NSE,INE093R01011
Ajax Engineering Ltd.,AJAXENGG,Capital Goods,Engineering - Industrial Equipments,NSE,INE274Y01021
Praj Industries Ltd.,PRAJIND,Capital Goods,Engineering - Industrial Equipments,NSE,INE074A01025
GMM Pfaudler Ltd.,GMMPFAUDLR,Capital Goods,Engineering - Industrial Equipments,NSE,INE541A01023
Skipper Ltd.,SKIPPER,Capital Goods,Engineering - Industrial Equipments,NSE,INE439E01022
KRN Heat Exchanger And Refrigeration Ltd.,KRN,Capital Goods,Engineering - Industrial Equipments,NSE,INE0Q3J01015
The Anup Engineering Ltd.,ANUP,Capital Goods,Engineering - Industrial Equipments,NSE,INE294Z01018
Harsha Engineers International Ltd.,HARSHA,Capital Goods,Engineering - Industrial Equipments,NSE,INE0JUS01029
Kirloskar Industries Ltd.,KIRLOSIND,Capital Goods,Engineering - Industrial Equipments,NSE,INE250A01039
HLE Glascoat Ltd.,HLEGLAS,Capital Goods,Engineering - Industrial Equipments,NSE,INE461D01028
Sanghvi Movers Ltd.,SANGHVIMOV,Capital Goods,Engineering - Industrial Equipments,NSE,INE989A01032
Marine Electricals (India) Ltd.,MARINE,Capital Goods,Engineering - Industrial Equipments,NSE,INE01JE01028
Standard Engineering Technology Ltd.,SGLTL,Capital Goods,Engineering - Industrial Equipments,NSE,INE0M4D01010
Jash Engineering Ltd.,JASH,Capital Goods,Engineering - Industrial Equipments,NSE,INE039O01029
Windsor Machines Ltd.,WINDMACHIN,Capital Goods,Engineering - Industrial Equipments,NSE,INE052A01021
Uniparts India Ltd.,UNIPARTS,Capital Goods,Engineering - Industrial Equipments,NSE,INE244O01017
M&B Engineering Ltd.,MBEL,Capital Goods,Engineering - Industrial Equipments,NSE,INE08N601015
RM Drip and Sprinklers System Ltd.,RMDRIP,Capital Goods,Engineering - Industrial Equipments,NSE,INE219Y01026
HMT Ltd.,HMT,Capital Goods,Engineering - Industrial Equipments,NSE,INE262A01018
Salasar Techno Engineering Ltd.,SALASAR,Capital Goods,Engineering - Industrial Equipments,NSE,INE170V01027
Tembo Global Industries Ltd.,TEMBO,Capital Goods,Engineering - Industrial Equipments,NSE,INE869Y01010
Dee Development Engineers Ltd,DEEDEV,Capital Goods,Engineering - Industrial Equipments,NSE,INE841L01016
JNK India Ltd.,JNKINDIA,Capital Goods,Engineering - Industrial Equipments,NSE,INE0OAF01028
Everest Kanto Cylinder Ltd.,EKC,Capital Goods,Engineering - Industrial Equipments,NSE,INE184H01027
Walchandnagar Industries Ltd.,WALCHANNAG,Capital Goods,Engineering - Industrial Equipments,NSE,INE711A01022
Rajoo Engineers Ltd.,RAJOOENG,Capital Goods,Engineering - Industrial Equipments,NSE,INE535F01024
Indef Manufacturing Ltd.,BAJAJINDEF,Capital Goods,Engineering - Industrial Equipments,NSE,INE0O9T01021
Mamata Machinery Ltd.,MAMATA,Capital Goods,Engineering - Industrial Equipments,NSE,INE0TO701015
Macpower CNC Machines Ltd.,MACPOWER,Capital Goods,Engineering - Industrial Equipments,NSE,INE155Z01011
Gala Precision Engineering Ltd.,GALAPREC,Capital Goods,Engineering - Industrial Equipments,NSE,INE0RE001014
Emkay Tools Ltd.,ETL,Capital Goods,Engineering - Industrial Equipments,NSE,INE0PXC01024
Eimco Elecon (India) Ltd.,EIMCOELECO,Capital Goods,Engineering - Industrial Equipments,NSE,INE158B01016
Kabra Extrusiontechnik Ltd.,KABRAEXTRU,Capital Goods,Engineering - Industrial Equipments,NSE,INE900B01029
OBSC Perfection Ltd.,OBSCP,Capital Goods,Engineering - Industrial Equipments,NSE,INE0YHV01011
Mallcom (India) Ltd,MALLCOM,Capital Goods,Engineering - Industrial Equipments,NSE,INE389C01015
International Conveyors Ltd.,INTLCONV,Capital Goods,Engineering - Industrial Equipments,NSE,INE575C01027
Gujarat Apollo Industries Ltd.,GUJAPOLLO,Capital Goods,Engineering - Industrial Equipments,NSE,INE826C01016
Hercules Investments Ltd.,HERCULES,Capital Goods,Engineering - Industrial Equipments,NSE,INE688E01024
Zodiac Energy Ltd.,ZODIAC,Capital Goods,Engineering - Industrial Equipments,NSE,INE761Y01019
Megatherm Induction Ltd.,MEGATHERM,Capital Goods,Engineering - Industrial Equipments,NSE,INE531R01010
Mazda Ltd.,MAZDA,Capital Goods,Engineering - Industrial Equipments,NSE,INE885E01042
United Drilling Tools Ltd.,UNIDT,Capital Goods,Engineering - Industrial Equipments,NSE,INE961D01019
Tankup Engineers Ltd.,TANKUP,Capital Goods,Engineering - Industrial Equipments,NSE,INE0Z7N01017
Patil Automation Ltd.,PATILAUTOM,Capital Goods,Engineering - Industrial Equipments,NSE,INE17GV01016
Sahaj Solar Ltd.,SAHAJSOLAR,Capital Goods,Engineering - Industrial Equipments,NSE,INE0P4701011
TechEra Engineering India Ltd.,TECHERA,Capital Goods,Engineering - Industrial Equipments,NSE,INE0JQS01019
Mahindra EPC Irrigation Ltd.,MAHEPC,Capital Goods,Engineering - Industrial Equipments,NSE,INE215D01010
Atmastco Ltd.,ATMASTCO,Capital Goods,Engineering - Industrial Equipments,NSE,INE05DH01017
TRF Ltd.,TRF,Capital Goods,Engineering - Industrial Equipments,NSE,INE391D01019
Envirotech Systems Ltd.,ENVIRO,Capital Goods,Engineering - Industrial Equipments,NSE,INE0SUH01015
Energy-Mission Machineries (India) Ltd.,EMMIL,Capital Goods,Engineering - Industrial Equipments,NSE,INE0S1L01013
Revathi Equipment India Ltd.,RVTH,Capital Goods,Engineering - Industrial Equipments,NSE,INE0DAB01012
Nitiraj Engineers Ltd.,NITIRAJ,Capital Goods,Engineering - Industrial Equipments,NSE,INE439T01012
Rappid Valves (India) Ltd.,RAPPID,Capital Goods,Engineering - Industrial Equipments,NSE,INE0MVO01012
Global Pet Industries Ltd.,GLOBALPET,Capital Goods,Engineering - Industrial Equipments,NSE,INE0PS501019
DE Neers Tools Ltd.,DENEERS,Capital Goods,Engineering - Industrial Equipments,NSE,INE0JWV01011
Readymix Construction Machinery Ltd.,READYMIX,Capital Goods,Engineering - Industrial Equipments,NSE,INE10QL01011
Emkay Taps And Cutting Tools Ltd.,EMKAYTOOLS,Capital Goods,Engineering - Industrial Equipments,NSE,INE332S01011
United Heat Transfer Ltd.,UHTL,Capital Goods,Engineering - Industrial Equipments,NSE,INE0SMR01011
Auri Grow India Ltd.,AURIGROW,Capital Goods,Engineering - Industrial Equipments,NSE,INE925Y01036
Atam Valves Ltd.,ATAM,Capital Goods,Engineering - Industrial Equipments,NSE,INE09KD01013
Semac Construction Ltd.,SEMAC,Capital Goods,Engineering - Industrial Equipments,NSE,INE617A01013
Sona Machinery Ltd.,SONAMAC,Capital Goods,Engineering - Industrial Equipments,NSE,INE0Q6H01012
Manugraph India Ltd.,MANUGRAPH,Capital Goods,Engineering - Industrial Equipments,NSE,INE867A01022
Gurunanak Agriculture India Ltd.,GURUNANAK,Capital Goods,Engineering - Industrial Equipments,NSE,INE1CCX01012
Rollatainers Ltd.,ROLLT,Capital Goods,Engineering - Industrial Equipments,NSE,INE927A01040
BKM Industries Ltd.,BKMINDST,Capital Goods,Engineering - Industrial Equipments,NSE,INE831Q01016
Premier Ltd.,PREMIER,Capital Goods,Engineering - Industrial Equipments,NSE,INE342A01018
Marshall Machines Ltd.,MARSHALL,Capital Goods,Engineering - Industrial Equipments,NSE,#N/A
Lloyds Engineering Works Ltd. - (Partly Paid-up Equity Shares (Rights Issue),LLOYDSENPP,Capital Goods,Engineering - Industrial Equipments,NSE,IN9093R01019
VA Tech Wabag Ltd.,WABAG,Other,Environmental Services,NSE,INE956G01038
Ion Exchange (India) Ltd.,IONEXCHANG,Other,Environmental Services,NSE,INE570A01022
Antony Waste Handling Cell Ltd.,AWHCL,Other,Environmental Services,NSE,INE01BK01022
Concord Enviro Systems Ltd.,CEWATER,Other,Environmental Services,NSE,INE037Z01029
Namo Ewaste Management Ltd.,NAMOEWASTE,Other,Environmental Services,NSE,INE08NZ01012
Felix Industries Ltd.,FELIX,Other,Environmental Services,NSE,INE901X01013
Race Eco Chain Ltd.,RACE,Other,Environmental Services,NSE,INE084Q01012
Apex Ecotech Ltd.,APEXECO,Other,Environmental Services,NSE,INE0T4V01015
Urban Enviro Waste Management Ltd.,URBAN,Other,Environmental Services,NSE,INE0O0201019
Greenleaf Envirotech Ltd.,GREENLEAF,Other,Environmental Services,NSE,INE0PLX01017
Banka Bioloo Ltd.,BANKA,Other,Environmental Services,NSE,INE862Y01015
Sterling Tools Ltd.,STERTOOLS,Automobile & Ancillaries,Fasteners,NSE,INE334A01023
Lakshmi Precision Screws Ltd.,LAKPRE,Automobile & Ancillaries,Fasteners,NSE,INE651C01018
Nava Ltd.,NAVA,Ferro Manganese,Ferro & Silica Manganese,NSE,INE725A01030
Indian Metals & Ferro Alloys Ltd.,IMFA,Ferro Manganese,Ferro & Silica Manganese,NSE,INE919H01018
Maithan Alloys Ltd.,MAITHANALL,Ferro Manganese,Ferro & Silica Manganese,NSE,INE683C01011
Owais Metal & Mineral Processing Ltd.,OWAIS,Ferro Manganese,Ferro & Silica Manganese,NSE,INE0R8M01017
Jainam Ferro Alloys (I) Ltd.,JAINAM,Ferro Manganese,Ferro & Silica Manganese,NSE,INE02KC01010
Shyam Century Ferrous Ltd.,SHYAMCENT,Ferro Manganese,Ferro & Silica Manganese,NSE,INE979R01011
Impex Ferro Tech Ltd.,IMPEXFERRO,Ferro Manganese,Ferro & Silica Manganese,NSE,INE691G01015
Coromandel International Ltd.,COROMANDEL,Chemicals,Fertilizers,NSE,INE169A01031
The Fertilisers And Chemicals Travancore Ltd.,FACT,Chemicals,Fertilizers,NSE,INE188A01015
Chambal Fertilisers and Chemicals Ltd.,CHAMBLFERT,Chemicals,Fertilizers,NSE,INE085A01013
Paradeep Phosphates Ltd.,PARADEEP,Chemicals,Fertilizers,NSE,INE088F01024
Rashtriya Chemicals and Fertilizers Ltd.,RCF,Chemicals,Fertilizers,NSE,INE027A01015
Gujarat State Fertilizers & Chemicals Ltd.,GSFC,Chemicals,Fertilizers,NSE,INE026A01025
National Fertilizers Ltd.,NFL,Chemicals,Fertilizers,NSE,INE870D01012
Madhya Bharat Agro Products Ltd.,MBAPL,Chemicals,Fertilizers,NSE,INE900L01010
Krishana Phoschem Ltd.,KRISHANA,Chemicals,Fertilizers,NSE,INE506W01012
Southern Petrochemical Industries Corporation Ltd.,SPIC,Chemicals,Fertilizers,NSE,INE147A01011
Zuari Agro Chemicals Ltd.,ZUARI,Chemicals,Fertilizers,NSE,INE840M01016
Madras Fertilizers Ltd.,MADRASFERT,Chemicals,Fertilizers,NSE,INE414A01015
Khaitan Chemicals & Fertilizers Ltd.,KHAICHEM,Chemicals,Fertilizers,NSE,INE745B01028
Rama Phosphates Ltd.,RAMAPHO,Chemicals,Fertilizers,NSE,INE809A01032
Aries Agro Ltd.,ARIES,Chemicals,Fertilizers,NSE,INE298I01015
Balaji Phosphates Ltd.,BALAJIPHOS,Chemicals,Fertilizers,NSE,INE0PQ601019
Nagarjuna Fertilizers and Chemicals Ltd.,NAGAFERT,Chemicals,Fertilizers,NSE,INE454M01024
Anya Polytech & Fertilizers Ltd.,ANYA,Chemicals,Fertilizers,NSE,INE0SI601032
Indian Phosphate Ltd.,IPHL,Chemicals,Fertilizers,NSE,INE0DHF01018
Agro Phos India Ltd.,AGROPHOS,Chemicals,Fertilizers,NSE,INE740V01019
Bohra Industries Ltd.,BOHRAIND,Chemicals,Fertilizers,NSE,INE802W01023
Prime Focus Ltd.,PFOCUS,Media & Entertainment,"Film Production, Distribution & Entertainment",NSE,INE367G01038
PVR Inox Ltd.,PVRINOX,Media & Entertainment,"Film Production, Distribution & Entertainment",NSE,INE191H01014
Saregama India Ltd.,SAREGAMA,Media & Entertainment,"Film Production, Distribution & Entertainment",NSE,INE979A01025
Tips Music Ltd.,TIPSMUSIC,Media & Entertainment,"Film Production, Distribution & Entertainment",NSE,INE716B01029
Sri Adhikari Brothers Television Network Ltd.,SABTNL,Media & Entertainment,"Film Production, Distribution & Entertainment",NSE,INE416A01044
Balaji Telefilms Ltd.,BALAJITELE,Media & Entertainment,"Film Production, Distribution & Entertainment",NSE,INE794B01026
Basilic Fly Studio Ltd.,BASILIC,Media & Entertainment,"Film Production, Distribution & Entertainment",NSE,INE0OCC01013
Connplex Cinemas Ltd.,CONNPLEX,Media & Entertainment,"Film Production, Distribution & Entertainment",NSE,INE0EAS01014
UFO Moviez India Ltd.,UFO,Media & Entertainment,"Film Production, Distribution & Entertainment",NSE,INE527H01019
Cineline India Ltd.,CINELINE,Media & Entertainment,"Film Production, Distribution & Entertainment",NSE,INE704H01022
Shemaroo Entertainment Ltd.,SHEMAROO,Media & Entertainment,"Film Production, Distribution & Entertainment",NSE,INE363M01019
B.A.G. Convergence Ltd.,BAGDIGITAL,Media & Entertainment,"Film Production, Distribution & Entertainment",NSE,INE17CQ01015
Tips Films Ltd.,TIPSFILMS,Media & Entertainment,"Film Production, Distribution & Entertainment",NSE,INE0LQS01015
Mukta Arts Ltd.,MUKTAARTS,Media & Entertainment,"Film Production, Distribution & Entertainment",NSE,INE374B01019
B.A.G. Films and Media Ltd.,BAGFILMS,Media & Entertainment,"Film Production, Distribution & Entertainment",NSE,INE116D01028
Digikore Studios Ltd.,DIGIKORE,Media & Entertainment,"Film Production, Distribution & Entertainment",NSE,INE0QJ901011
Cinevista Ltd.,CINEVISTA,Media & Entertainment,"Film Production, Distribution & Entertainment",NSE,INE039B01026
Eros International Media Ltd.,EROSMEDIA,Media & Entertainment,"Film Production, Distribution & Entertainment",NSE,INE416L01017
Baweja Studios Ltd.,BAWEJA,Media & Entertainment,"Film Production, Distribution & Entertainment",NSE,INE0JFJ01011
Vels Film International Ltd.,VELS,Media & Entertainment,"Film Production, Distribution & Entertainment",NSE,INE0I3H01019
Studio LSD Ltd.,STUDIOLSD,Media & Entertainment,"Film Production, Distribution & Entertainment",NSE,INE17VO01028
Pritish Nandy Communications Ltd.,PNC,Media & Entertainment,"Film Production, Distribution & Entertainment",NSE,INE392B01011
Identical Brains Studios Ltd.,IDENTICAL,Media & Entertainment,"Film Production, Distribution & Entertainment",NSE,INE0TD101011
Thinking Hats Entertainment Solutions Ltd.,THESL,Media & Entertainment,"Film Production, Distribution & Entertainment",NSE,INE0SHE01019
Silly Monks Entertainment Ltd.,SILLYMONKS,Media & Entertainment,"Film Production, Distribution & Entertainment",NSE,INE203Y01012
Radaan Mediaworks India Ltd.,RADAAN,Media & Entertainment,"Film Production, Distribution & Entertainment",NSE,INE874F01027
ICICI Prudential Asset Management Company Ltd.,ICICIAMC,Finance,Finance - Asset Management,NSE,INE346A01027
HDFC Asset Management Company Ltd.,HDFCAMC,Finance,Finance - Asset Management,NSE,INE127D01025
Nippon Life India Asset Management Ltd.,NAM-INDIA,Finance,Finance - Asset Management,NSE,INE298J01013
Aditya Birla Sun Life AMC Ltd.,ABSLAMC,Finance,Finance - Asset Management,NSE,INE404A01024
UTI Asset Management Company Ltd.,UTIAMC,Finance,Finance - Asset Management,NSE,INE094J01016
Canara Robeco Asset Management Co Ltd.,CRAMC,Finance,Finance - Asset Management,NSE,INE218I01013
Bajaj Housing Finance Ltd.,BAJAJHFL,Finance,Finance - Housing,NSE,INE377Y01014
Housing & Urban Development Corporation Ltd.,HUDCO,Finance,Finance - Housing,NSE,INE031A01017
Piramal Finance Ltd.,PIRAMALFIN,Finance,Finance - Housing,NSE,INE202B01038
LIC Housing Finance Ltd.,LICHSGFIN,Finance,Finance - Housing,NSE,INE115A01026
PNB Housing Finance Ltd.,PNBHOUSING,Finance,Finance - Housing,NSE,INE572E01012
Aadhar Housing Finance Ltd.,AADHARHFC,Finance,Finance - Housing,NSE,INE883F01010
Aptus Value Housing Finance India Ltd.,APTUS,Finance,Finance - Housing,NSE,INE852O01025
Can Fin Homes Ltd.,CANFINHOME,Finance,Finance - Housing,NSE,INE477A01020
Sammaan Capital Ltd.,SAMMAANCAP,Finance,Finance - Housing,NSE,INE148I01020
Aavas Financiers Ltd.,AAVAS,Finance,Finance - Housing,NSE,INE216P01012
Home First Finance Company India Ltd.,HOMEFIRST,Finance,Finance - Housing,NSE,INE481N01025
India Shelter Finance Corporation Ltd.,INDIASHLTR,Finance,Finance - Housing,NSE,INE922K01024
Repco Home Finance Ltd.,REPCOHOME,Finance,Finance - Housing,NSE,INE612J01015
GIC Housing Finance Ltd.,GICHSGFIN,Finance,Finance - Housing,NSE,INE289B01019
SRG Housing Finance Ltd.,SRGHFL,Finance,Finance - Housing,NSE,INE559N01010
Reliance Home Finance Ltd.,RHFL,Finance,Finance - Housing,NSE,INE217K01011
My Mudra Fincorp Ltd.,MYMUDRA,Finance,Finance - Housing,NSE,INE0RVQ01016
Bajaj Finserv Ltd.,BAJAJFINSV,Finance,Finance - Investment,NSE,INE918I01026
Authum Investment & Infrastructure Ltd.,AIIL,Finance,Finance - Investment,NSE,INE206F01022
Cholamandalam Financial Holdings Ltd.,CHOLAHLDNG,Finance,Finance - Investment,NSE,INE149A01033
TVS Holdings Ltd.,TVSHLTD,Finance,Finance - Investment,NSE,INE105A01035
JSW Holdings Ltd.,JSWHL,Finance,Finance - Investment,NSE,INE824G01012
Capri Global Capital Ltd.,CGCL,Finance,Finance - Investment,NSE,INE180C01042
Maharashtra Scooters Ltd.,MAHSCOOTER,Finance,Finance - Investment,NSE,INE288A01013
JM Financial Ltd.,JMFINANCIL,Finance,Finance - Investment,NSE,INE780C01023
TSF Investments Ltd.,TSFINV,Finance,Finance - Investment,NSE,INE202Z01029
Religare Enterprises Ltd.,RELIGARE,Finance,Finance - Investment,NSE,INE621H01010
Pilani Investment And Industries Corporation Ltd.,PILANIINVS,Finance,Finance - Investment,NSE,INE417C01014
RattanIndia Enterprises Ltd.,RTNINDIA,Finance,Finance - Investment,NSE,INE834M01019
Indo Thai Securities Ltd.,INDOTHAI,Finance,Finance - Investment,NSE,INE337M01021
Nalwa Sons Investments Ltd.,NSIL,Finance,Finance - Investment,NSE,INE023A01030
Kalyani Investment Company Ltd.,KICL,Finance,Finance - Investment,NSE,INE029L01018
Systematix Corporate Services Ltd.,SYSTMTXC,Finance,Finance - Investment,NSE,INE356B01024
Mufin Green Finance Ltd.,MUFIN,Finance,Finance - Investment,NSE,INE08KJ01020
Rane Holdings Ltd.,RANEHOLDIN,Finance,Finance - Investment,NSE,INE384A01010
BF Investment Ltd.,BFINVEST,Finance,Finance - Investment,NSE,INE878K01010
Jindal Photo Ltd.,JINDALPHOT,Finance,Finance - Investment,NSE,INE796G01012
DAM Capital Advisors Ltd.,DAMCAPITAL,Finance,Finance - Investment,NSE,INE284H01025
Capital India Finance Ltd.,CIFL,Finance,Finance - Investment,NSE,INE345H01024
Jindal Poly Investment and Finance Company Ltd.,JPOLYINVST,Finance,Finance - Investment,NSE,INE147P01019
GKW Ltd.,GKWLIMITED,Finance,Finance - Investment,NSE,INE528A01020
Max India Ltd.,MAXIND,Finance,Finance - Investment,NSE,INE0CG601016
Wealth First Portfolio Managers Ltd.,WEALTH,Finance,Finance - Investment,NSE,INE658T01017
VLS Finance Ltd.,VLSFINANCE,Finance,Finance - Investment,NSE,INE709A01018
STEL Holdings Ltd.,STEL,Finance,Finance - Investment,NSE,INE577L01016
Oswal Greentech Ltd.,OSWALGREEN,Finance,Finance - Investment,NSE,INE143A01010
Dhunseri Investments Ltd.,DHUNINV,Finance,Finance - Investment,NSE,INE320L01011
GFL Ltd.,GFLLIMITED,Finance,Finance - Investment,NSE,INE538A01037
Radiant Cash Management Services Ltd.,RADIANTCMS,Finance,Finance - Investment,NSE,INE855R01021
Avonmore Capital & Management Services Ltd.,AVONMORE,Finance,Finance - Investment,NSE,INE323B01024
Welspun Investments and Commercials Ltd.,WELINV,Finance,Finance - Investment,NSE,INE389K01018
Naga Dhunseri Group Ltd.,NDGL,Finance,Finance - Investment,NSE,INE756C01015
Team India Guaranty Ltd.,TEAMGTY,Finance,Finance - Investment,NSE,INE289C01025
IL&FS Investment Managers Ltd.,IVC,Finance,Finance - Investment,NSE,INE050B01023
Keynote Financial Services Ltd.,KEYFINSERV,Finance,Finance - Investment,NSE,INE681C01015
Beacon Trusteeship Ltd.,BEACON,Finance,Finance - Investment,NSE,INE639X01027
Maha Rashtra Apex Corporation Ltd.,MAHAPEXLTD,Finance,Finance - Investment,NSE,INE843B01013
Ganges Securities Ltd.,GANGESSECU,Finance,Finance - Investment,NSE,INE335W01016
Palash Securities Ltd.,PALASHSECU,Finance,Finance - Investment,NSE,INE471W01019
3P Land Holdings Ltd.,3PLAND,Finance,Finance - Investment,NSE,INE105C01023
21st Century Management Services Ltd.,21STCENMGM,Finance,Finance - Investment,NSE,INE253B01015
Mask Investments Ltd.,MASKINVEST,Finance,Finance - Investment,NSE,INE885F01015
Onelife Capital Advisors Ltd.,ONELIFECAP,Finance,Finance - Investment,NSE,INE912L01015
Blue Chip India Ltd.,BLUECHIP,Finance,Finance - Investment,NSE,INE657B01025
IRB InvIT Fund,IRBINVIT,Finance,Finance - Investment,NSE,#N/A
IndiGrid Infrastructure Trust,INDIGRID,Finance,Finance - Investment,NSE,#N/A
Interise Trust,INTERISE,Finance,Finance - Investment,NSE,#N/A
Embassy Office Parks REIT,EMBASSY,Finance,Finance - Investment,NSE,#N/A
Mindspace Business Parks REIT,MINDSPACE,Finance,Finance - Investment,NSE,#N/A
Brookfield India Real Estate Trust REIT,BIRET,Finance,Finance - Investment,NSE,#N/A
POWERGRID Infrastructure Investment Trust.,PGINVIT,Finance,Finance - Investment,NSE,#N/A
Shrem InvIT,SHREMINVIT,Finance,Finance - Investment,NSE,#N/A
Anzen India Energy Yield Plus Trust.,ANZEN,Finance,Finance - Investment,NSE,#N/A
Nexus Select Trust,NXST,Finance,Finance - Investment,NSE,#N/A
IRB Infrastructure Trust - (IRBIT),IRBIT,Finance,Finance - Investment,NSE,#N/A
Cube Highways Trust - (CUBEINVIT),CUBEINVIT,Finance,Finance - Investment,NSE,#N/A
Indus Infra Trust,INDUSINVIT,Finance,Finance - Investment,NSE,#N/A
Nxt-Infra Trust - (NXT-INFRA),NXT-INFRA,Finance,Finance - Investment,NSE,#N/A
Capital Infra Trust,CAPINVIT,Finance,Finance - Investment,NSE,#N/A
NDR INVIT Trust,NDRINVIT,Finance,Finance - Investment,NSE,#N/A
Sustainable Energy Infra Trust,SEITINVIT,Finance,Finance - Investment,NSE,#N/A
Max India Ltd. - (Rights Entitlement),MAXIND-RE,Finance,Finance - Investment,NSE,INE0CG620016
TVS Infrastructure Trust - (TVSINVIT),TVSINVIT,Finance,Finance - Investment,NSE,#N/A
Anantam Highways Trust,ANANTAM,Finance,Finance - Investment,NSE,#N/A
Bajaj Finance Ltd.,BAJFINANCE,Finance,Finance - NBFC,NSE,INE296A01032
JIO Financial Services Ltd.,JIOFIN,Finance,Finance - NBFC,NSE,INE758E01017
Shriram Finance Ltd.,SHRIRAMFIN,Finance,Finance - NBFC,NSE,INE721A01047
Muthoot Finance Ltd.,MUTHOOTFIN,Finance,Finance - NBFC,NSE,INE414G01012
Cholamandalam Investment and Finance Company Ltd.,CHOLAFIN,Finance,Finance - NBFC,NSE,INE121A01024
Tata Capital Ltd.,TATACAP,Finance,Finance - NBFC,NSE,INE976I01016
Bajaj Holdings & Investment Ltd.,BAJAJHLDNG,Finance,Finance - NBFC,NSE,INE118A01012
Aditya Birla Capital Ltd.,ABCAPITAL,Finance,Finance - NBFC,NSE,INE674K01013
SBI Cards And Payment Services Ltd.,SBICARD,Finance,Finance - NBFC,NSE,INE018E01016
L&T Finance Ltd.,LTF,Finance,Finance - NBFC,NSE,INE498L01015
HDB Financial Services Ltd.,HDBFS,Finance,Finance - NBFC,NSE,INE756I01012
Sundaram Finance Ltd.,SUNDARMFIN,Finance,Finance - NBFC,NSE,INE660A01013
Mahindra & Mahindra Financial Services Ltd.,M&MFIN,Finance,Finance - NBFC,NSE,INE774D01024
Indian Renewable Energy Development Agency Ltd.,IREDA,Finance,Finance - NBFC,NSE,INE202E01016
Poonawalla Fincorp Ltd.,POONAWALLA,Finance,Finance - NBFC,NSE,INE511C01022
Tata Investment Corporation Ltd.,TATAINVEST,Finance,Finance - NBFC,NSE,INE672A01026
Manappuram Finance Ltd.,MANAPPURAM,Finance,Finance - NBFC,NSE,INE522D01027
IIFL Finance Ltd.,IIFL,Finance,Finance - NBFC,NSE,INE530B01024
CreditAccess Grameen Ltd.,CREDITACC,Finance,Finance - NBFC,NSE,INE741K01010
Five-Star Business Finance Ltd.,FIVESTAR,Finance,Finance - NBFC,NSE,INE128S01021
SBFC Finance Ltd.,SBFC,Finance,Finance - NBFC,NSE,INE423Y01016
Edelweiss Financial Services Ltd.,EDELWEISS,Finance,Finance - NBFC,NSE,INE532F01054
MAS Financial Services Ltd.,MASFIN,Finance,Finance - NBFC,NSE,INE348L01012
Fedbank Financial Services Ltd,FEDFINA,Finance,Finance - NBFC,NSE,INE007N01010
Northern ARC Capital Ltd.,NORTHARC,Finance,Finance - NBFC,NSE,INE850M01015
Indostar Capital Finance Ltd.,INDOSTAR,Finance,Finance - NBFC,NSE,INE896L01010
Paisalo Digital Ltd.,PAISALO,Finance,Finance - NBFC,NSE,INE420C01059
Muthoot Microfin Ltd.,MUTHOOTMF,Finance,Finance - NBFC,NSE,INE046W01019
Ugro Capital Ltd.,UGROCAP,Finance,Finance - NBFC,NSE,INE583D01011
Fusion Finance Ltd.,FUSION,Finance,Finance - NBFC,NSE,INE139R01012
Spandana Sphoorty Financial Ltd.,SPANDANA,Finance,Finance - NBFC,NSE,INE572J01011
SG Finserve Ltd.,SGFIN,Finance,Finance - NBFC,NSE,INE618R01015
PTC India Financial Services Ltd.,PFS,Finance,Finance - NBFC,NSE,INE560K01014
Summit Securities Ltd.,SUMMITSEC,Finance,Finance - NBFC,NSE,INE519C01017
Arman Financial Services Ltd.,ARMANFIN,Finance,Finance - NBFC,NSE,INE109C01017
PNB Gilts Ltd.,PNBGILTS,Finance,Finance - NBFC,NSE,INE859A01011
Master Trust Ltd.,MASTERTR,Finance,Finance - NBFC,NSE,INE677D01037
Finkurve Financial Services Ltd.,FINKURVE,Finance,Finance - NBFC,NSE,INE734I01027
Vardhman Holdings Ltd.,VHL,Finance,Finance - NBFC,NSE,INE701A01023
Crest Ventures Ltd.,CREST,Finance,Finance - NBFC,NSE,INE559D01011
Abans Financial Services Ltd.,AFSL,Finance,Finance - NBFC,NSE,INE00ZE01026
Sastasundar Ventures Ltd.,SASTASUNDR,Finance,Finance - NBFC,NSE,INE019J01013
CSL Finance Ltd.,CSLFINANCE,Finance,Finance - NBFC,NSE,INE718F01018
Manba Finance Ltd.,MANBA,Finance,Finance - NBFC,NSE,INE939X01013
N.B.I. Industrial Finance Co. Ltd.,NBIFIN,Finance,Finance - NBFC,NSE,INE365I01020
Laxmi India Finance Ltd.,LAXMIINDIA,Finance,Finance - NBFC,NSE,INE06WU01026
The Investment Trust of India Ltd.,THEINVEST,Finance,Finance - NBFC,NSE,INE924D01017
SIL Investments Ltd.,SILINV,Finance,Finance - NBFC,NSE,INE923A01015
Consolidated Finvest & Holdings Ltd.,CONSOFINVT,Finance,Finance - NBFC,NSE,INE025A01027
Muthoot Capital Services Ltd.,MUTHOOTCAP,Finance,Finance - NBFC,NSE,INE296G01013
Nahar Capital And Financial Services Ltd.,NAHARCAP,Finance,Finance - NBFC,NSE,INE049I01012
Moneyboxx Finance Ltd.,MONEYBOXX,Finance,Finance - NBFC,NSE,INE296Q01012
Industrial Investment Trust Ltd.,IITL,Finance,Finance - NBFC,NSE,INE886A01014
Mangal Credit and Fincorp Ltd.,MANCREDIT,Finance,Finance - NBFC,NSE,INE545L01039
Starteck Finance Ltd.,STARTECK,Finance,Finance - NBFC,NSE,INE992I01013
Akme Fintrade (India) Ltd.,AFIL,Finance,Finance - NBFC,NSE,INE916Y01027
UY Fincorp Ltd.,UYFINCORP,Finance,Finance - NBFC,NSE,INE152C01025
Usha Financial Services Ltd.,USHAFIN,Finance,Finance - NBFC,NSE,INE0LS001014
Baid Finserv Ltd.,BAIDFIN,Finance,Finance - NBFC,NSE,INE020D01022
Coral India Finance & Housing Ltd.,CORALFINAC,Finance,Finance - NBFC,NSE,INE558D01021
IBL Finance Ltd.,IBLFL,Finance,Finance - NBFC,NSE,INE0O7401018
Ascom Leasing & Investments Ltd.,ASCOM,Finance,Finance - NBFC,NSE,INE08KD01015
Transwarranty Finance Ltd.,TFL,Finance,Finance - NBFC,NSE,INE804H01012
The Motor & General Finance Ltd.,MOTOGENFIN,Finance,Finance - NBFC,NSE,INE861B01023
DAR Credit & Capital Ltd.,DCCL,Finance,Finance - NBFC,NSE,INE04Q901010
Hybrid Financial Services Ltd.,HYBRIDFIN,Finance,Finance - NBFC,NSE,INE965B01022
ICDS Ltd.,ICDSLTD,Finance,Finance - NBFC,NSE,INE613B01010
HB Stockholdings Ltd.,HBSL,Finance,Finance - NBFC,NSE,INE550B01022
Lakshmi Finance & Industrial Corporation Ltd.,LFIC,Finance,Finance - NBFC,NSE,INE850E01012
Capital Trust Ltd.,CAPTRUST,Finance,Finance - NBFC,NSE,INE707C01018
Viji Finance Ltd.,VIJIFIN,Finance,Finance - NBFC,NSE,INE159N01027
Nagreeka Capital & Infrastructure Ltd.,NAGREEKCAP,Finance,Finance - NBFC,NSE,INE245I01016
Williamson Magor & Company Ltd.,WILLAMAGOR,Finance,Finance - NBFC,NSE,INE210A01017
TCI Finance Ltd.,TCIFINANCE,Finance,Finance - NBFC,NSE,INE911B01018
Gujarat Lease Financing Ltd.,GLFL,Finance,Finance - NBFC,NSE,INE540A01017
DCM Financial Services Ltd.,DCMFINSERV,Finance,Finance - NBFC,NSE,INE891B01012
Fusion Finance Ltd- Partly Paid-up Equity Shares (Rights Issue).,FUSIONPP,Finance,Finance - NBFC,NSE,IN9139R01028
Spandana Sphoorty Financial Ltd. - (Partly Paid-up Equity Shares (Rights Issue)),SSFLPP,Finance,Finance - NBFC,NSE,IN9572J01019
BSE Ltd.,BSE,Finance,Finance - Others,NSE,INE118H01025
Max Financial Services Ltd.,MFSL,Finance,Finance - Others,NSE,INE180A01020
Nuvama Wealth Management Ltd.,NUVAMA,Finance,Finance - Others,NSE,INE531F01023
Anand Rathi Wealth Ltd.,ANANDRATHI,Finance,Finance - Others,NSE,INE463V01026
Prudent Corporate Advisory Services Ltd.,PRUDENT,Finance,Finance - Others,NSE,INE00F201020
Centrum Capital Ltd.,CENTRUM,Finance,Finance - Others,NSE,INE660C01027
Aeroflex Enterprises Ltd.,AEROENTER,Finance,Finance - Others,NSE,INE065D01027
Delphi World Money Ltd.,DELPHIFX,Finance,Finance - Others,NSE,INE726L01019
Billionbrains Garage Ventures Ltd.,GROWW,Finance,Finance - Stock Broking,NSE,INE0HOQ01053
Multi Commodity Exchange Of India Ltd.,MCX,Finance,Finance - Stock Broking,NSE,INE745G01035
Motilal Oswal Financial Services Ltd.,MOTILALOFS,Finance,Finance - Stock Broking,NSE,INE338I01027
360 One Wam Ltd.,360ONE,Finance,Finance - Stock Broking,NSE,INE466L01038
Angel One Ltd.,ANGELONE,Finance,Finance - Stock Broking,NSE,INE732I01013
Choice International Ltd.,CHOICEIN,Finance,Finance - Stock Broking,NSE,INE102B01014
IIFL Capital Services Ltd.,IIFLCAPS,Finance,Finance - Stock Broking,NSE,INE489L01022
Anand Rathi Share & Stock Brokers Ltd.,ARSSBL,Finance,Finance - Stock Broking,NSE,INE549H01021
Share India Securities Ltd.,SHAREINDIA,Finance,Finance - Stock Broking,NSE,INE932X01026
Monarch Networth Capital Ltd.,MONARCH,Finance,Finance - Stock Broking,NSE,INE903D01011
Geojit Financial Services Ltd.,GEOJITFSL,Finance,Finance - Stock Broking,NSE,INE007B01023
SMC Global Securities Ltd.,SMCGLOBAL,Finance,Finance - Stock Broking,NSE,INE103C01036
Dolat Algotech Ltd.,DOLATALGO,Finance,Finance - Stock Broking,NSE,INE966A01022
5Paisa Capital Ltd.,5PAISA,Finance,Finance - Stock Broking,NSE,INE618L01018
Arihant Capital Markets Ltd.,ARIHANTCAP,Finance,Finance - Stock Broking,NSE,INE420B01036
Prime Securities Ltd.,PRIMESECU,Finance,Finance - Stock Broking,NSE,INE032B01021
Aditya Birla Money Ltd.,BIRLAMONEY,Finance,Finance - Stock Broking,NSE,INE865C01022
Emkay Global Financial Services Ltd.,EMKAY,Finance,Finance - Stock Broking,NSE,INE296H01011
Almondz Global Securities Ltd.,ALMONDZ,Finance,Finance - Stock Broking,NSE,INE326B01035
Alankit Ltd.,ALANKIT,Finance,Finance - Stock Broking,NSE,INE914E01040
Indbank Merchant Banking Services Ltd.,INDBANK,Finance,Finance - Stock Broking,NSE,INE841B01017
Steel City Securities Ltd.,STEELCITY,Finance,Finance - Stock Broking,NSE,INE395H01011
Inventure Growth & Securities Ltd.,INVENTURE,Finance,Finance - Stock Broking,NSE,INE878H01024
DB (International) Stock Brokers Ltd.,DBSTOCKBRO,Finance,Finance - Stock Broking,NSE,INE921B01025
BLB Ltd.,BLBLIMITED,Finance,Finance - Stock Broking,NSE,INE791A01024
GACM Technologies Ltd.,GATECH,Finance,Finance - Stock Broking,NSE,INE224E01028
Khandwala Securities Ltd.,KHANDSE,Finance,Finance - Stock Broking,NSE,INE060B01014
GACM Technologies Ltd. - (DVR),GATECHDVR,Finance,Finance - Stock Broking,NSE,INE224E01036
Indian Railway Finance Corporation Ltd.,IRFC,Finance,Finance Term Lending,NSE,INE053F01010
Power Finance Corporation Ltd.,PFC,Finance,Finance Term Lending,NSE,INE134E01011
REC Ltd.,RECLTD,Finance,Finance Term Lending,NSE,INE020B01018
IFCI Ltd.,IFCI,Finance,Finance Term Lending,NSE,INE039A01010
Tourism Finance Corporation Of India Ltd.,TFCILTD,Finance,Finance Term Lending,NSE,INE305A01023
Satin Creditcare Network Ltd.,SATIN,Finance,Finance Term Lending,NSE,INE836B01017
Finbud Financial Services Ltd.,FINBUD,Finance,Finance Term Lending,NSE,INE0EDU01014
TruCap Finance Ltd.,TRU,Finance,Finance Term Lending,NSE,INE615R01029
National Highways Infra Trust,NHIT,Finance,Finance Term Lending,NSE,#N/A
Vertis Infrastructure Trust,VERTIS,Finance,Finance Term Lending,NSE,#N/A
PB Fintech Ltd.,POLICYBZR,Information Technology,Fintech,NSE,INE417T01026
One97 Communications Ltd.,PAYTM,Information Technology,Fintech,NSE,INE982J01020
Pine Labs Ltd.,PINELABS,Information Technology,Fintech,NSE,INE15B701018
Infibeam Avenues Ltd.,INFIBEAM,Information Technology,Fintech,NSE,INE483S01020
Seshaasai Technologies Ltd.,STYL,Information Technology,Fintech,NSE,INE04VU01023
One Mobikwik Systems Ltd.,MOBIKWIK,Information Technology,Fintech,NSE,INE0HLU01028
RNFI Services Ltd.,RNFI,Information Technology,Fintech,NSE,INE0SA001017
MOS Utility Ltd.,MOS,Information Technology,Fintech,NSE,INE0N7S01028
Suvidhaa Infoserve Ltd.,SUVIDHAA,Information Technology,Fintech,NSE,INE018401013
Infibeam Avenues Ltd. - (Partly Paid-up Equity Shares (Rights Issue)),INFIBPP,Information Technology,Fintech,NSE,IN9483S01010
Metro Brands Ltd.,METROBRAND,Retailing,Footwear,NSE,INE317I01021
Bata India Ltd.,BATAINDIA,Retailing,Footwear,NSE,INE176A01028
Relaxo Footwears Ltd.,RELAXO,Retailing,Footwear,NSE,INE131B01039
Campus Activewear Ltd.,CAMPUS,Retailing,Footwear,NSE,INE278Y01022
Redtape Ltd.,REDTAPE,Retailing,Footwear,NSE,INE0LXT01019
Mirza International Ltd.,MIRZAINT,Retailing,Footwear,NSE,INE771A01026
Sreeleathers Ltd.,SREEL,Retailing,Footwear,NSE,INE099F01013
Liberty Shoes Ltd.,LIBERTSHOE,Retailing,Footwear,NSE,INE557B01019
Superhouse Ltd.,SUPERHOUSE,Retailing,Footwear,NSE,INE712B01010
KSR Footwear Ltd.,KSR,Retailing,Footwear,NSE,INE1SPP01016
Bharat Forge Ltd.,BHARATFORG,Automobile & Ancillaries,Forgings,NSE,INE465A01025
Happy Forgings Ltd.,HAPPYFORGE,Automobile & Ancillaries,Forgings,NSE,INE330T01021
Ramkrishna Forgings Ltd.,RKFORGE,Automobile & Ancillaries,Forgings,NSE,INE399G01023
Balu Forge Industries Ltd.,BALUFORGE,Automobile & Ancillaries,Forgings,NSE,INE011E01029
MM Forgings Ltd.,MMFL,Automobile & Ancillaries,Forgings,NSE,INE227C01017
Tirupati Forge Ltd.,TIRUPATIFL,Automobile & Ancillaries,Forgings,NSE,INE319Y01024
Kalyani Forge Ltd.,KALYANIFRG,Automobile & Ancillaries,Forgings,NSE,INE314G01014
Hilton Metal Forging Ltd.,HILTON,Automobile & Ancillaries,Forgings,NSE,INE788H01017
Forge Auto International Ltd.,FORGEAUTO,Automobile & Ancillaries,Forgings,NSE,INE0YKW01013
Pattech Fitwell Tube Components Ltd.,PATTECH,Automobile & Ancillaries,Forgings,NSE,INE0NZW01014
Paramount Speciality Forgings Ltd.,PSFL,Automobile & Ancillaries,Forgings,NSE,INE0Q6001012
Ganga Forging Ltd.,GANGAFORGE,Automobile & Ancillaries,Forgings,NSE,INE691Z01023
Metalyst Forgings Ltd.,METALFORGE,Automobile & Ancillaries,Forgings,NSE,INE425A01011
GAIL (India) Ltd.,GAIL,Gas Transmission,Gas Transmission/Marketing,NSE,INE129A01019
Adani Total Gas Ltd.,ATGL,Gas Transmission,Gas Transmission/Marketing,NSE,INE399L01023
Indraprastha Gas Ltd.,IGL,Gas Transmission,Gas Transmission/Marketing,NSE,INE203G01027
Gujarat Gas Ltd.,GUJGASLTD,Gas Transmission,Gas Transmission/Marketing,NSE,INE844O01030
Gujarat State Petronet Ltd.,GSPL,Gas Transmission,Gas Transmission/Marketing,NSE,INE246F01010
Mahanagar Gas Ltd.,MGL,Gas Transmission,Gas Transmission/Marketing,NSE,INE002S01010
Asahi India Glass Ltd.,ASAHIINDIA,Construction Materials,Glass,NSE,INE439A01020
Emmvee Photovoltaic Power Ltd.,EMMVEE,Construction Materials,Glass,NSE,INE1C6T01020
Borosil Renewables Ltd.,BORORENEW,Construction Materials,Glass,NSE,INE666D01022
La Opala RG Ltd.,LAOPALA,Construction Materials,Glass,NSE,INE059D01020
Borosil Scientific Ltd.,BOROSCI,Construction Materials,Glass,NSE,INE02L001032
Sejal Glass Ltd.,SEJALLTD,Construction Materials,Glass,NSE,INE955I01044
Agarwal Toughened Glass India Ltd.,AGARWALTUF,Construction Materials,Glass,NSE,INE0P8X01016
Banaras Beads Ltd.,BANARBEADS,Construction Materials,Glass,NSE,INE655B01011
Max Healthcare Institute Ltd.,MAXHEALTH,Healthcare,Hospital & Healthcare Services,NSE,INE027H01010
Apollo Hospitals Enterprise Ltd.,APOLLOHOSP,Healthcare,Hospital & Healthcare Services,NSE,INE437A01024
Fortis Healthcare Ltd.,FORTIS,Healthcare,Hospital & Healthcare Services,NSE,INE061F01013
Narayana Hrudayalaya Ltd.,NH,Healthcare,Hospital & Healthcare Services,NSE,INE410P01011
Vijaya Diagnostic Centre Ltd.,VIJAYA,Healthcare,Hospital & Healthcare Services,NSE,INE043W01024
Aster DM Healthcare Ltd.,ASTERDM,Healthcare,Hospital & Healthcare Services,NSE,INE914M01019
Global Health Ltd.,MEDANTA,Healthcare,Hospital & Healthcare Services,NSE,INE474Q01031
Krishna Institute of Medical Sciences Ltd,KIMS,Healthcare,Hospital & Healthcare Services,NSE,INE967H01025
Dr. Lal Pathlabs Ltd.,LALPATHLAB,Healthcare,Hospital & Healthcare Services,NSE,INE600L01024
Dr. Agarwal's Health Care Ltd.,AGARWALEYE,Healthcare,Hospital & Healthcare Services,NSE,INE943P01029
Rainbow Children's Medicare Ltd.,RAINBOW,Healthcare,Hospital & Healthcare Services,NSE,INE961O01016
Metropolis Healthcare Ltd.,METROPOLIS,Healthcare,Hospital & Healthcare Services,NSE,INE112L01020
Healthcare Global Enterprises Ltd.,HCG,Healthcare,Hospital & Healthcare Services,NSE,INE075I01017
Jupiter Life Line Hospitals Ltd.,JLHL,Healthcare,Hospital & Healthcare Services,NSE,INE682M01012
Thyrocare Technologies Ltd.,THYROCARE,Healthcare,Hospital & Healthcare Services,NSE,INE594H01019
Yatharth Hospital & Trauma Care Services Ltd.,YATHARTH,Healthcare,Hospital & Healthcare Services,NSE,INE0JO301016
Park Medi World Ltd.,PARKHOSPS,Healthcare,Hospital & Healthcare Services,NSE,INE119201023
Nephrocare Health Services Ltd.,NEPHROPLUS,Healthcare,Hospital & Healthcare Services,NSE,INE428V01029
Artemis Medicare Services Ltd.,ARTEMISMED,Healthcare,Hospital & Healthcare Services,NSE,INE025R01021
Indraprastha Medical Corporation Ltd.,INDRAMEDCO,Healthcare,Hospital & Healthcare Services,NSE,INE681B01017
Vimta Labs Ltd.,VIMTALABS,Healthcare,Hospital & Healthcare Services,NSE,INE579C01029
Krsnaa Diagnostics Ltd.,KRSNAA,Healthcare,Hospital & Healthcare Services,NSE,INE08LI01020
Shalby Ltd.,SHALBY,Healthcare,Hospital & Healthcare Services,NSE,INE597J01018
Suraksha Diagnostic Ltd.,SURAKSHA,Healthcare,Hospital & Healthcare Services,NSE,INE877V01027
GPT Healthcare Ltd.,GPTHEALTH,Healthcare,Hospital & Healthcare Services,NSE,INE486R01017
Chandan Healthcare Ltd.,CHANDAN,Healthcare,Hospital & Healthcare Services,NSE,INE0B2N01016
Kaya Ltd.,KAYA,Healthcare,Hospital & Healthcare Services,NSE,INE587G01015
Unihealth Hospitals Ltd.,UNIHEALTH,Healthcare,Hospital & Healthcare Services,NSE,INE0PRF01011
Vaidya Sane Ayurved Laboratories Ltd.,MADHAVBAUG,Healthcare,Hospital & Healthcare Services,NSE,INE0JR301013
Lotus Eye Hospital And Institute Ltd.,LOTUSEYE,Healthcare,Hospital & Healthcare Services,NSE,INE947I01017
Nephro Care India Ltd.,NEPHROCARE,Healthcare,Hospital & Healthcare Services,NSE,INE0SUN01013
Maitreya Medicare Ltd.,MAITREYA,Healthcare,Hospital & Healthcare Services,NSE,INE0PLQ01011
Invicta Diagnostic Ltd.,INVICTA,Healthcare,Hospital & Healthcare Services,NSE,INE0XJ501010
Sangani Hospitals Ltd.,SANGANI,Healthcare,Hospital & Healthcare Services,NSE,INE0OVI01010
Aatmaj Healthcare Ltd.,AATMAJ,Healthcare,Hospital & Healthcare Services,NSE,INE0OB201016
Nidan Laboratories And Healthcare Ltd.,NIDAN,Healthcare,Hospital & Healthcare Services,NSE,INE0J6L01013
The Indian Hotels Company Ltd.,INDHOTEL,Hospitality,"Hotel, Resort & Restaurants",NSE,INE053A01029
ITC Hotels Ltd.,ITCHOTELS,Hospitality,"Hotel, Resort & Restaurants",NSE,INE379A01028
EIH Ltd.,EIHOTEL,Hospitality,"Hotel, Resort & Restaurants",NSE,INE230A01023
Chalet Hotels Ltd.,CHALET,Hospitality,"Hotel, Resort & Restaurants",NSE,INE427F01016
Ventive Hospitality Ltd.,VENTIVE,Hospitality,"Hotel, Resort & Restaurants",NSE,INE781S01027
Leela Palaces Hotels & Resorts Ltd.,THELEELA,Hospitality,"Hotel, Resort & Restaurants",NSE,INE0AQ201015
Lemon Tree Hotels Ltd.,LEMONTREE,Hospitality,"Hotel, Resort & Restaurants",NSE,INE970X01018
Mahindra Holidays & Resorts India Ltd.,MHRIL,Hospitality,"Hotel, Resort & Restaurants",NSE,INE998I01010
Juniper Hotels Ltd.,JUNIPER,Hospitality,"Hotel, Resort & Restaurants",NSE,INE696F01016
India Tourism Development Corporation Ltd.,ITDC,Hospitality,"Hotel, Resort & Restaurants",NSE,INE353K01014
Samhi Hotels Ltd.,SAMHI,Hospitality,"Hotel, Resort & Restaurants",NSE,INE08U801020
Apeejay Surrendra Park Hotels Ltd.,PARKHOTELS,Hospitality,"Hotel, Resort & Restaurants",NSE,INE988S01028
Taj GVK Hotels & Resorts Ltd.,TAJGVK,Hospitality,"Hotel, Resort & Restaurants",NSE,INE586B01026
Brigade Hotel Ventures Ltd.,BRIGHOTEL,Hospitality,"Hotel, Resort & Restaurants",NSE,INE03NU01014
EIH Associated Hotels Ltd.,EIHAHOTELS,Hospitality,"Hotel, Resort & Restaurants",NSE,INE276C01014
Oriental Hotels Ltd.,ORIENTHOT,Hospitality,"Hotel, Resort & Restaurants",NSE,INE750A01020
Advent Hotels International Ltd.,ADVENTHTL,Hospitality,"Hotel, Resort & Restaurants",NSE,INE28GN01010
Royal Orchid Hotels Ltd.,ROHLTD,Hospitality,"Hotel, Resort & Restaurants",NSE,INE283H01019
Viceroy Hotels Ltd.,VHLTD,Hospitality,"Hotel, Resort & Restaurants",NSE,INE048C01025
Kamat Hotels (India) Ltd.,KAMATHOTEL,Hospitality,"Hotel, Resort & Restaurants",NSE,INE967C01018
HLV Ltd.,HLVLTD,Hospitality,"Hotel, Resort & Restaurants",NSE,INE102A01024
Asian Hotels (North) Ltd.,ASIANHOTNR,Hospitality,"Hotel, Resort & Restaurants",NSE,INE363A01022
Advani Hotels & Resorts (India) Ltd.,ADVANIHOTR,Hospitality,"Hotel, Resort & Restaurants",NSE,INE199C01026
Sinclairs Hotels Ltd.,SINCLAIR,Hospitality,"Hotel, Resort & Restaurants",NSE,INE985A01022
Grand Continent Hotels Ltd.,GCHOTELS,Hospitality,"Hotel, Resort & Restaurants",NSE,INE12E301017
Suba Hotels Ltd.,SUBAHOTELS,Hospitality,"Hotel, Resort & Restaurants",NSE,INE0RYR01018
Apollo Sindoori Hotels Ltd.,APOLSINHOT,Hospitality,"Hotel, Resort & Restaurants",NSE,INE451F01024
Robust Hotels Ltd.,RHL,Hospitality,"Hotel, Resort & Restaurants",NSE,INE508K01013
The Byke Hospitality Ltd.,BYKE,Hospitality,"Hotel, Resort & Restaurants",NSE,INE319B01014
Country Club Hospitality & Holidays Ltd.,CCHHL,Hospitality,"Hotel, Resort & Restaurants",NSE,INE652F01027
Asian Hotels (East) Ltd.,AHLEAST,Hospitality,"Hotel, Resort & Restaurants",NSE,INE926K01017
GIR Natureview Resorts Ltd.,GIRRESORTS,Hospitality,"Hotel, Resort & Restaurants",NSE,#N/A
Saj Hotels Ltd.,SAJHOTELS,Hospitality,"Hotel, Resort & Restaurants",NSE,INE00MT01022
Blue Coast Hotels Ltd.,BLUECOAST,Hospitality,"Hotel, Resort & Restaurants",NSE,INE472B01011
TGB Banquets And Hotels Ltd.,TGBHOTELS,Hospitality,"Hotel, Resort & Restaurants",NSE,INE797H01018
Sri Havisha Hospitality and Infrastructure Ltd.,HAVISHA,Hospitality,"Hotel, Resort & Restaurants",NSE,INE293B01029
Univa Foods Ltd.,UNIVAFOODS,Hospitality,"Hotel, Resort & Restaurants",NSE,INE275F01019
Hindustan Unilever Ltd.,HINDUNILVR,Fast Moving Consumer Goods,Household & Personal Products,NSE,INE030A01027
Godrej Consumer Products Ltd.,GODREJCP,Fast Moving Consumer Goods,Household & Personal Products,NSE,INE102D01028
Dabur India Ltd.,DABUR,Fast Moving Consumer Goods,Household & Personal Products,NSE,INE016A01026
Colgate-Palmolive (India) Ltd.,COLPAL,Fast Moving Consumer Goods,Household & Personal Products,NSE,INE259A01022
Procter & Gamble Hygiene and Health Care Ltd.,PGHH,Fast Moving Consumer Goods,Household & Personal Products,NSE,INE179A01014
Gillette India Ltd.,GILLETTE,Fast Moving Consumer Goods,Household & Personal Products,NSE,INE322A01010
Emami Ltd.,EMAMILTD,Fast Moving Consumer Goods,Household & Personal Products,NSE,INE548C01032
Cupid Ltd.,CUPID,Fast Moving Consumer Goods,Household & Personal Products,NSE,INE509F01029
Safari Industries (India) Ltd.,SAFARI,Fast Moving Consumer Goods,Household & Personal Products,NSE,INE429E01023
Jyothy Labs Ltd.,JYOTHYLAB,Fast Moving Consumer Goods,Household & Personal Products,NSE,INE668F01031
Galaxy Surfactants Ltd.,GALAXYSURF,Fast Moving Consumer Goods,Household & Personal Products,NSE,INE600K01018
Sheela Foam Ltd.,SFL,Fast Moving Consumer Goods,Household & Personal Products,NSE,INE916U01025
Wakefit Innovations Ltd.,WAKEFIT,Fast Moving Consumer Goods,Household & Personal Products,NSE,INE0E7301029
Bajaj Consumer Care Ltd.,BAJAJCON,Fast Moving Consumer Goods,Household & Personal Products,NSE,INE933K01021
Carysil Ltd.,CARYSIL,Fast Moving Consumer Goods,Household & Personal Products,NSE,INE482D01024
Anondita Medicare Ltd.,ANONDITA,Fast Moving Consumer Goods,Household & Personal Products,NSE,INE0VTV01012
Stanley Lifestyles Ltd.,STANLEY,Fast Moving Consumer Goods,Household & Personal Products,NSE,INE01A001028
Parin Enterprises Ltd.,PARIN,Fast Moving Consumer Goods,Household & Personal Products,NSE,INE00U801010
Aarti Surfactants Ltd.,AARTISURF,Fast Moving Consumer Goods,Household & Personal Products,NSE,INE09EO01013
Transteel Seating Technologies Ltd.,TRANSTEEL,Fast Moving Consumer Goods,Household & Personal Products,NSE,INE0NVI01020
Omfurn India Ltd.,OMFURN,Fast Moving Consumer Goods,Household & Personal Products,NSE,INE338Y01016
Naman Industries Proxima Ltd.,NAMAN,Fast Moving Consumer Goods,Household & Personal Products,NSE,INE0RJM01010
JHS Svendgaard Laboratories Ltd.,JHS,Fast Moving Consumer Goods,Household & Personal Products,NSE,INE544H01014
Rexpro Enterprises Ltd.,REXPRO,Fast Moving Consumer Goods,Household & Personal Products,NSE,INE113601012
Ambica Agarbathies & Aroma Industries Ltd.,AMBICAAGAR,Fast Moving Consumer Goods,Household & Personal Products,NSE,INE792B01012
Linde India Ltd.,LINDEINDIA,Industrials Gases & Fuels,Industrial  Gases & Fuels,NSE,INE473A01011
Petronet LNG Ltd.,PETRONET,Industrials Gases & Fuels,Industrial  Gases & Fuels,NSE,INE347G01014
Ellenbarrie Industrial Gases Ltd.,ELLEN,Industrials Gases & Fuels,Industrial  Gases & Fuels,NSE,INE236E01022
Refex Industries Ltd.,REFEX,Industrials Gases & Fuels,Industrial  Gases & Fuels,NSE,INE056I01025
Stallion India Fluorochemicals Ltd.,STALLION,Industrials Gases & Fuels,Industrial  Gases & Fuels,NSE,INE0RYC01010
Confidence Petroleum India Ltd.,CONFIPET,Industrials Gases & Fuels,Industrial  Gases & Fuels,NSE,INE552D01024
IRM Energy Ltd.,IRMENERGY,Industrials Gases & Fuels,Industrial  Gases & Fuels,NSE,INE07U701015
Petro Carbon And Chemicals Ltd.,PCCL,Industrials Gases & Fuels,Industrial  Gases & Fuels,NSE,INE998U01015
Life Insurance Corporation of India,LICI,Finance,Insurance,NSE,INE0J1Y01017
SBI Life Insurance Company Ltd.,SBILIFE,Finance,Insurance,NSE,INE123W01016
HDFC Life Insurance Company Ltd.,HDFCLIFE,Finance,Insurance,NSE,INE795G01014
ICICI Lombard General Insurance Company Ltd.,ICICIGI,Finance,Insurance,NSE,INE765G01017
ICICI Prudential Life Insurance Company Ltd.,ICICIPRULI,Finance,Insurance,NSE,INE726G01019
General Insurance Corporation of India,GICRE,Finance,Insurance,NSE,INE481Y01014
Go Digit General Insurance Ltd.,GODIGIT,Finance,Insurance,NSE,INE03JT01014
Star Health and Allied Insurance Company Ltd.,STARHEALTH,Finance,Insurance,NSE,INE575P01011
The New India Assurance Company Ltd.,NIACL,Finance,Insurance,NSE,INE470Y01017
Canara HSBC Life Insurance Company Ltd.,CANHLIFE,Finance,Insurance,NSE,INE01TY01017
Niva Bupa Health Insurance Company Ltd.,NIVABUPA,Finance,Insurance,NSE,INE995S01015
NIIT Ltd.,NIITLTD,Information Technology,IT - Education,NSE,INE161A01038
Excelsoft Technologies Ltd.,EXCELSOFT,Information Technology,IT - Education,NSE,INE606N01019
Aptech Ltd.,APTECHT,Information Technology,IT - Education,NSE,INE266F01018
Compucom Software Ltd.,COMPUSOFT,Information Technology,IT - Education,NSE,INE453B01029
LCC Infotech Ltd.,LCCINFOTEC,Information Technology,IT - Education,NSE,INE938A01021
G-Tec Jainx Education Ltd.,GTECJAINX,Information Technology,IT - Education,NSE,INE586X01012
Educomp Solutions Ltd.,EDUCOMP,Information Technology,IT - Education,NSE,INE216H01027
Usha Martin Education & Solutions Ltd.,UMESLTD,Information Technology,IT - Education,NSE,INE240C01028
Netweb Technologies India Ltd.,NETWEB,Consumer Durables,IT - Hardware,NSE,INE0NT901020
Nelco Ltd.,NELCO,Consumer Durables,IT - Hardware,NSE,INE045B01015
Ivalue Infosolutions Ltd.,IVALUE,Consumer Durables,IT - Hardware,NSE,INE056801025
Control Print Ltd.,CONTROLPR,Consumer Durables,IT - Hardware,NSE,INE663B01015
TVS Electronics Ltd.,TVSELECT,Consumer Durables,IT - Hardware,NSE,INE236G01019
Panache Digilife Ltd.,PANACHE,Consumer Durables,IT - Hardware,NSE,INE895W01019
HCL Infosystems Ltd.,HCL-INSYS,Consumer Durables,IT - Hardware,NSE,INE236A01020
DC Infotech and Communication Ltd.,DCI,Consumer Durables,IT - Hardware,NSE,INE0A1101019
Umiya Buildcon Ltd.,UMIYA-MRO,Consumer Durables,IT - Hardware,NSE,INE398B01018
Compuage Infocom Ltd.,COMPINFO,Consumer Durables,IT - Hardware,NSE,INE070C01037
D-Link (India) Ltd.,DLINKINDIA,Information Technology,IT - Networking,NSE,INE250K01012
Smartlink Holdings Ltd.,SMARTLINK,Information Technology,IT - Networking,NSE,INE178C01020
Rox Hi-Tech Ltd.,ROXHITECH,Information Technology,IT - Networking,NSE,INE0PDJ01013
Tata Consultancy Services Ltd.,TCS,Information Technology,IT - Software,NSE,INE467B01029
Infosys Ltd.,INFY,Information Technology,IT - Software,NSE,INE009A01021
HCL Technologies Ltd.,HCLTECH,Information Technology,IT - Software,NSE,INE860A01027
Wipro Ltd.,WIPRO,Information Technology,IT - Software,NSE,INE075A01022
LTIMindtree Ltd.,LTIM,Information Technology,IT - Software,NSE,INE214T01019
Tech Mahindra Ltd.,TECHM,Information Technology,IT - Software,NSE,INE669C01036
Persistent Systems Ltd.,PERSISTENT,Information Technology,IT - Software,NSE,INE262H01021
Oracle Financial Services Software Ltd.,OFSS,Information Technology,IT - Software,NSE,INE881D01027
Coforge Ltd.,COFORGE,Information Technology,IT - Software,NSE,INE591G01025
Mphasis Ltd.,MPHASIS,Information Technology,IT - Software,NSE,INE356A01018
L&T Technology Services Ltd.,LTTS,Information Technology,IT - Software,NSE,INE010V01017
Hexaware Technologies Ltd.,HEXT,Information Technology,IT - Software,NSE,INE093A01041
Tata Elxsi Ltd.,TATAELXSI,Information Technology,IT - Software,NSE,INE670A01012
KPIT Technologies Ltd.,KPITTECH,Information Technology,IT - Software,NSE,INE04I401011
Tata Technologies Ltd.,TATATECH,Information Technology,IT - Software,NSE,INE142M01025
Zensar Technologies Ltd.,ZENSARTECH,Information Technology,IT - Software,NSE,INE520A01027
Intellect Design Arena Ltd.,INTELLECT,Information Technology,IT - Software,NSE,INE306R01017
Cyient Ltd.,CYIENT,Information Technology,IT - Software,NSE,INE136B01020
Birlasoft Ltd.,BSOFT,Information Technology,IT - Software,NSE,INE836A01035
Newgen Software Technologies Ltd.,NEWGEN,Information Technology,IT - Software,NSE,INE619B01017
Sonata Software Ltd.,SONATSOFTW,Information Technology,IT - Software,NSE,INE269A01021
Nazara Technologies Ltd.,NAZARA,Information Technology,IT - Software,NSE,INE418L01047
CE Info Systems Ltd.,MAPMYINDIA,Information Technology,IT - Software,NSE,INE0BV301023
RateGain Travel Technologies Ltd.,RATEGAIN,Information Technology,IT - Software,NSE,INE0CLI01024
Happiest Minds Technologies Ltd.,HAPPSTMNDS,Information Technology,IT - Software,NSE,INE419U01012
Tanla Platforms Ltd.,TANLA,Information Technology,IT - Software,NSE,INE483C01032
Mastek Ltd.,MASTEK,Information Technology,IT - Software,NSE,INE759A01021
Aurionpro Solutions Ltd.,AURIONPRO,Information Technology,IT - Software,NSE,INE132H01018
NIIT Learning Systems Ltd. ,NIITMTS,Information Technology,IT - Software,NSE,INE342G01023
Axiscades Technologies Ltd.,AXISCADES,Information Technology,IT - Software,NSE,INE555B01013
Capillary Technologies India Ltd.,CAPILLARY,Information Technology,IT - Software,NSE,INE0ILV01024
eMudhra Ltd.,EMUDHRA,Information Technology,IT - Software,NSE,INE01QM01018
R Systems International Ltd.,RSYSTEMS,Information Technology,IT - Software,NSE,INE411H01032
Zaggle Prepaid Ocean Services Ltd.,ZAGGLE,Information Technology,IT - Software,NSE,INE07K301024
Datamatics Global Services Ltd.,DATAMATICS,Information Technology,IT - Software,NSE,INE365B01017
Cigniti Technologies Ltd.,CIGNITITEC,Information Technology,IT - Software,NSE,INE675C01017
Route Mobile Ltd.,ROUTE,Information Technology,IT - Software,NSE,INE450U01017
Moschip Technologies Ltd.,MOSCHIP,Information Technology,IT - Software,NSE,INE935B01025
E2E Networks Ltd.,E2E,Information Technology,IT - Software,NSE,INE255Z01019
63 Moons Technologies Ltd.,63MOONS,Information Technology,IT - Software,NSE,INE111B01023
Network People Services Technologies Ltd.,NPST,Information Technology,IT - Software,NSE,INE0FFK01017
Saksoft Ltd.,SAKSOFT,Information Technology,IT - Software,NSE,INE667G01023
RPSG Ventures Ltd.,RPSGVENT,Information Technology,IT - Software,NSE,INE425Y01011
Nucleus Software Exports Ltd.,NUCLEUS,Information Technology,IT - Software,NSE,INE096B01018
Sasken Technologies Ltd.,SASKEN,Information Technology,IT - Software,NSE,INE231F01020
Ramco Systems Ltd.,RAMCOSYS,Information Technology,IT - Software,NSE,INE246B01019
Brightcom Group Ltd.,BCG,Information Technology,IT - Software,NSE,INE425B01027
Digitide Solutions Ltd.,DIGITIDE,Information Technology,IT - Software,NSE,INE0U4701011
Accelya Solutions India Ltd.,ACCELYA,Information Technology,IT - Software,NSE,INE793A01012
Infobeans Technologies Ltd.,INFOBEAN,Information Technology,IT - Software,NSE,INE344S01016
Genesys International Corporation Ltd.,GENESYS,Information Technology,IT - Software,NSE,INE727B01026
Magellanic Cloud Ltd.,MCLOUD,Information Technology,IT - Software,NSE,INE613C01026
Expleo Solutions Ltd.,EXPLEOSOL,Information Technology,IT - Software,NSE,INE201K01015
Quick Heal Technologies Ltd.,QUICKHEAL,Information Technology,IT - Software,NSE,INE306L01010
Megasoft Ltd.,MEGASOFT,Information Technology,IT - Software,NSE,INE933B01012
Aurum Proptech Ltd.,AURUM,Information Technology,IT - Software,NSE,INE898S01029
Unicommerce eSolutions Ltd.,UNIECOM,Information Technology,IT - Software,NSE,INE00U401027
IZMO Ltd.,IZMO,Information Technology,IT - Software,NSE,INE848A01014
Dynacons Systems & Solutions Ltd.,DSSL,Information Technology,IT - Software,NSE,INE417B01040
Silver Touch Technologies Ltd.,SILVERTUC,Information Technology,IT - Software,NSE,INE625X01018
Kody Technolab Ltd.,KODYTECH,Information Technology,IT - Software,NSE,INE0Q7P01013
Innovana Thinklabs Ltd.,INNOVANA,Information Technology,IT - Software,NSE,INE403Y01018
Kellton Tech Solutions Ltd.,KELLTONTEC,Information Technology,IT - Software,NSE,INE164B01030
Xchanging Solutions Ltd.,XCHANGING,Information Technology,IT - Software,NSE,INE692G01013
Allied Digital Services Ltd.,ADSL,Information Technology,IT - Software,NSE,INE102I01027
Sahana System Ltd.,SAHANA,Information Technology,IT - Software,NSE,INE0LEX01011
Nintec Systems Ltd.,NINSYS,Information Technology,IT - Software,NSE,INE395U01014
KSolves India Ltd.,KSOLVES,Information Technology,IT - Software,NSE,INE0D6I01023
Onward Technologies Ltd.,ONWARDTEC,Information Technology,IT - Software,NSE,INE229A01017
Subex Ltd.,SUBEXLTD,Information Technology,IT - Software,NSE,INE754A01055
Mindteck (India) Ltd.,MINDTECK,Information Technology,IT - Software,NSE,INE110B01017
Onmobile Global Ltd.,ONMOBILE,Information Technology,IT - Software,NSE,INE809I01019
Trident Techlabs Ltd.,TECHLABS,Information Technology,IT - Software,NSE,INE0QD201012
Take Solutions Ltd.,TAKE,Information Technology,IT - Software,NSE,INE142I01023
Digispice Technologies Ltd.,DIGISPICE,Information Technology,IT - Software,NSE,INE927C01020
Trejhara Solutions Ltd.,TREJHARA,Information Technology,IT - Software,NSE,INE00CA01015
Vinsys IT Services India Ltd.,VINSYS,Information Technology,IT - Software,NSE,INE0OSJ01014
Tera Software Ltd.,TERASOFT,Information Technology,IT - Software,NSE,INE482B01010
TechD Cybersecurity Ltd.,TECHD,Information Technology,IT - Software,NSE,INE0Y5H01014
XT Global Infotech Ltd.,XTGLOBAL,Information Technology,IT - Software,NSE,INE547B01028
CyberTech Systems And Software Ltd.,CYBERTECH,Information Technology,IT - Software,NSE,INE214A01019
SoftTech Engineers Ltd.,SOFTTECH,Information Technology,IT - Software,NSE,INE728Z01015
Systango Technologies Ltd.,SYSTANGO,Information Technology,IT - Software,NSE,INE0O7R01011
All E Technologies Ltd.,ALLETEC,Information Technology,IT - Software,NSE,INE0M2X01012
Tracxn Technologies Ltd.,TRACXN,Information Technology,IT - Software,NSE,INE0HMF01019
Pelatro Ltd.,PELATRO,Information Technology,IT - Software,NSE,INE0VG601013
Virtual Galaxy Infotech Ltd.,VGINFOTECH,Information Technology,IT - Software,NSE,INE0VRH01015
Bartronics India Ltd.,ASMS,Information Technology,IT - Software,NSE,INE855F01042
Dev Accelerator Ltd.,DEVX,Information Technology,IT - Software,NSE,INE0VOV01021
3I Infotech Ltd.,3IINFOLTD,Information Technology,IT - Software,NSE,INE748C01038
Inspirisys Solutions Ltd.,INSPIRISYS,Information Technology,IT - Software,NSE,INE020G01017
FCS Software Solutions Ltd.,FCSSOFT,Information Technology,IT - Software,NSE,INE512B01022
Intense Technologies Ltd.,INTENTECH,Information Technology,IT - Software,NSE,INE781A01025
AION-Tech Solutions Ltd.,GOLDTECH,Information Technology,IT - Software,NSE,INE805A01014
Virinchi Ltd.,VIRINCHI,Information Technology,IT - Software,NSE,INE539B01017
DRC Systems India Ltd.,DRCSYSTEMS,Information Technology,IT - Software,NSE,INE03RS01027
Airan Ltd.,AIRAN,Information Technology,IT - Software,NSE,INE645W01026
Dev Information Technology Ltd.,DEVIT,Information Technology,IT - Software,NSE,INE060X01034
Trigyn Technologies Ltd.,TRIGYN,Information Technology,IT - Software,NSE,INE948A01012
Xelpmoc Design And Tech Ltd.,XELPMOC,Information Technology,IT - Software,NSE,INE01P501012
Fidel Softech Ltd.,FIDEL,Information Technology,IT - Software,NSE,INE0LQQ01019
Optivalue Tek Consulting Ltd.,OPTIVALUE,Information Technology,IT - Software,NSE,INE15B101011
Canarys Automations Ltd.,CANARYS,Information Technology,IT - Software,NSE,INE0QG301017
GVP Infotech Ltd.,GVPTECH,Information Technology,IT - Software,NSE,INE382T01030
Reliable Data Services Ltd.,RELIABLE,Information Technology,IT - Software,NSE,INE375Y01018
RS Software (India) Ltd.,RSSOFTWARE,Information Technology,IT - Software,NSE,INE165B01029
MPS Infotecnics Ltd.,VISESHINFO,Information Technology,IT - Software,NSE,INE861A01058
Cura Technologies Ltd.,CURAA,Information Technology,IT - Software,NSE,INE117B01020
Diensten Tech Ltd.,DTL,Information Technology,IT - Software,NSE,INE0JRD01019
Delaplex Ltd.,DELAPLEX,Information Technology,IT - Software,NSE,INE0SK801018
Trust Fintech Ltd.,TRUST,Information Technology,IT - Software,NSE,INE0SWN01019
Orchasp Ltd.,ORCHASP,Information Technology,IT - Software,NSE,INE215B01022
Odigma Consultancy Solutions Ltd.,ODIGMA,Information Technology,IT - Software,NSE,INE054301028
Paramatrix Technologies Ltd.,PARAMATRIX,Information Technology,IT - Software,NSE,INE0S2W01018
California Software Company Ltd.,CALSOFT,Information Technology,IT - Software,NSE,INE526B01014
Securekloud Technologies Ltd.,SECURKLOUD,Information Technology,IT - Software,NSE,INE650K01021
Cambridge Technology Enterprises Ltd.,CTE,Information Technology,IT - Software,NSE,INE627H01017
SA Tech Software India Ltd.,SATECH,Information Technology,IT - Software,NSE,INE0BSN01013
Vertexplus Technologies Ltd.,VERTEXPLUS,Information Technology,IT - Software,NSE,INE0NLB01018
Adroit Infotech Ltd.,ADROITINFO,Information Technology,IT - Software,NSE,INE737B01033
Quicktouch Technologies Ltd.,QUICKTOUCH,Information Technology,IT - Software,NSE,INE0K4D01020
Palred Technologies Ltd.,PALREDTEC,Information Technology,IT - Software,NSE,INE218G01033
GSS Infotech Ltd.,GSS,Information Technology,IT - Software,NSE,INE871H01011
Tridhya Tech Ltd.,TRIDHYA,Information Technology,IT - Software,NSE,INE0LWY01029
Mindpool Technologies Ltd.,MINDPOOL,Information Technology,IT - Software,NSE,INE00RQ01019
Micropro Software Solutions Ltd.,MICROPRO,Information Technology,IT - Software,NSE,INE0PZK01014
Yudiz Solutions Ltd.,YUDIZ,Information Technology,IT - Software,NSE,INE09FA01019
Rolta India Ltd.,ROLTA,Information Technology,IT - Software,NSE,INE293A01013
Globesecure Technologies Ltd.,GSTL,Information Technology,IT - Software,NSE,INE00WS01056
Vivo Collaboration Solutions Ltd.,VIVO,Information Technology,IT - Software,NSE,INE0IA701014
Melstar Information Technologies Ltd.,MELSTAR,Information Technology,IT - Software,NSE,INE817A01019
Bharatiya Global Infomedia Ltd.,BGLOBAL,Information Technology,IT - Software,NSE,INE224M01013
Quintegra Solutions Ltd.,QUINTEGRA,Information Technology,IT - Software,NSE,INE033B01011
GVP Infotech Ltd. - (Partly paid-up Rights),GVPTECHPP,Information Technology,IT - Software,NSE,#N/A
Greenlam Industries Ltd.,GREENLAM,Construction Materials,Laminates/Decoratives,NSE,INE544R01021
Stylam Industries Ltd.,STYLAMIND,Construction Materials,Laminates/Decoratives,NSE,INE239C01020
Euro Pratik Sales Ltd.,EUROPRATIK,Construction Materials,Laminates/Decoratives,NSE,INE198501012
Rushil Decor Ltd.,RUSHIL,Construction Materials,Laminates/Decoratives,NSE,INE573K01025
Interiors & More Ltd.,INM,Construction Materials,Laminates/Decoratives,NSE,INE0OPC01015
Airo Lam Ltd.,AIROLAM,Construction Materials,Laminates/Decoratives,NSE,INE801L01010
The Western Indian Plywoods Ltd.,WIPL,Construction Materials,Laminates/Decoratives,NSE,INE215F01023
Milton Industries Ltd.,MILTON,Construction Materials,Laminates/Decoratives,NSE,INE376Y01016
Mayur Uniquoters Ltd.,MAYURUNIQ,Fast Moving Consumer Goods,Leather,NSE,INE040D01038
Bhartiya International Ltd.,BIL,Fast Moving Consumer Goods,Leather,NSE,INE828A01016
AKI India Ltd.,AKI,Fast Moving Consumer Goods,Leather,NSE,INE642Z01026
Container Corporation Of India Ltd.,CONCOR,Logistics,Logistics,NSE,INE111A01025
Delhivery Ltd.,DELHIVERY,Logistics,Logistics,NSE,INE148O01028
BlackBuck Ltd.,BLACKBUCK,Logistics,Logistics,NSE,INE0UIZ01018
Transport Corporation Of India Ltd.,TCI,Logistics,Logistics,NSE,INE688A01022
TVS Supply Chain Solutions Ltd.,TVSSCS,Logistics,Logistics,NSE,INE395N01027
VRL Logistics Ltd.,VRLLOG,Logistics,Logistics,NSE,INE366I01010
Mahindra Logistics Ltd.,MAHLOG,Logistics,Logistics,NSE,INE766P01016
Sindhu Trade Links Ltd.,SINDHUTRAD,Logistics,Logistics,NSE,INE325D01025
Gateway Distriparks Ltd.,GATEWAY,Logistics,Logistics,NSE,INE079J01017
TCI Express Ltd.,TCIEXP,Logistics,Logistics,NSE,INE586V01016
Navkar Corporation Ltd.,NAVKARCORP,Logistics,Logistics,NSE,INE278M01019
Western Carriers (India) Ltd.,WCIL,Logistics,Logistics,NSE,INE0CJF01024
Reliance Industrial Infrastructure Ltd.,RIIL,Logistics,Logistics,NSE,INE046A01015
Allcargo Logistics Ltd.,ALLCARGO,Logistics,Logistics,NSE,INE418H01029
Allcargo Terminals Ltd.,ATL,Logistics,Logistics,NSE,INE0NN701020
Shree Vasu Logistics Ltd.,SVLL,Logistics,Logistics,NSE,INE00CE01017
Ritco Logistics Ltd.,RITCO,Logistics,Logistics,NSE,INE01EG01016
JITF Infralogistics Ltd.,JITFINFRA,Logistics,Logistics,NSE,INE863T01013
Transindia Real Estate Ltd.,TREL,Logistics,Logistics,NSE,INE0O3901029
Tejas Cargo India Ltd.,TEJASCARGO,Logistics,Logistics,NSE,INE17WC01013
Snowman Logistics Ltd.,SNOWMAN,Logistics,Logistics,NSE,INE734N01019
Tara Chand Infralogistic Solutions Ltd.,TARACHAND,Logistics,Logistics,NSE,INE555Z01020
Sical Logistics Ltd.,SICALLOG,Logistics,Logistics,NSE,INE075B01020
Glottis Ltd.,GLOTTIS,Logistics,Logistics,NSE,INE0TQE01026
SJ Logistics (India) Ltd.,SJLOGISTIC,Logistics,Logistics,NSE,INE0F3301020
Globe International Carriers Ltd.,GICL,Logistics,Logistics,NSE,INE947T01022
Tiger Logistics (India) Ltd.,TIGERLOGS,Logistics,Logistics,NSE,INE906O01029
Om Freight Forwarders Ltd.,OMFREIGHT,Logistics,Logistics,NSE,INE1BZC01019
AVG Logistics Ltd.,AVG,Logistics,Logistics,NSE,INE680Z01018
Destiny Logistics & Infra Ltd.,DESTINY,Logistics,Logistics,NSE,INE0IGO01011
Committed Cargo Care Ltd.,COMMITTED,Logistics,Logistics,NSE,INE597Z01014
Iware Supplychain Services Ltd.,IWARE,Logistics,Logistics,NSE,INE1AII01014
Ashwini Container Movers Ltd.,ASHWINI,Logistics,Logistics,NSE,INE1A6Q01010
North Eastern Carrying Corporation Ltd.,NECCLTD,Logistics,Logistics,NSE,INE553C01016
Premier Roadlines Ltd.,PRLIND,Logistics,Logistics,NSE,INE0CFG01012
Aspinwall And Company Ltd.,ASPINWALL,Logistics,Logistics,NSE,INE991I01015
Oneclick Logistics India Ltd.,OLIL,Logistics,Logistics,NSE,INE0OPS01011
Blue Water Logistics Ltd.,BLUEWATER,Logistics,Logistics,NSE,INE0X3M01010
Ruchi Infrastructure Ltd.,RUCHINFRA,Logistics,Logistics,NSE,INE413B01023
Maheshwari Logistics Ltd.,MAHESHWARI,Logistics,Logistics,NSE,INE263W01010
Jayesh Logistics Ltd.,JAYESH,Logistics,Logistics,NSE,INE1AE401014
Rapid Fleet Management Services Ltd.,RAPIDFLEET,Logistics,Logistics,NSE,INE0QX901013
Total Transport Systems Ltd.,TOTAL,Logistics,Logistics,NSE,INE336X01012
Orissa Bengal Carrier Ltd.,OBCL,Logistics,Logistics,NSE,INE426Z01016
Zeal Global Services Ltd.,ZEAL,Logistics,Logistics,NSE,INE0PPS01018
Brace Port Logistics Ltd.,BRACEPORT,Logistics,Logistics,NSE,INE0R4Z01018
Ashapura Logistics Ltd.,ASHALOG,Logistics,Logistics,NSE,INE0LAA01017
Patel Integrated Logistics Ltd.,PATINTLOG,Logistics,Logistics,NSE,INE529D01014
DRS Dilip Roadlines Ltd.,DRSDILIP,Logistics,Logistics,NSE,INE02CV01017
Kaushalya Logistics Ltd.,KLL,Logistics,Logistics,NSE,INE0Q2V01012
Accuracy Shipping Ltd.,ACCURACY,Logistics,Logistics,NSE,INE648Z01023
Jet Freight Logistics Ltd.,JETFREIGHT,Logistics,Logistics,NSE,INE982V01025
Pranik Logistics Ltd.,PRANIK,Logistics,Logistics,NSE,INE0VJG01014
Timescan Logistics (India) Ltd.,TIMESCAN,Logistics,Logistics,NSE,INE0IJY01014
DRS Cargo Movers Ltd.,DRSCARGO,Logistics,Logistics,NSE,INE0QZM01018
Marinetrans India Ltd.,MARINETRAN,Logistics,Logistics,NSE,INE0P1P01017
Arshiya Ltd.,ARSHIYA,Logistics,Logistics,NSE,INE968D01022
Amiable Logistics (India) Ltd.,AMIABLE,Logistics,Logistics,NSE,INE0MTP01013
Future Supply Chain Solutions Ltd.,FSC,Logistics,Logistics,NSE,INE935Q01015
Jalan Transolutions (India) Ltd.,JALAN,Logistics,Logistics,NSE,INE349X01015
Castrol India Ltd.,CASTROLIND,Automobile & Ancillaries,Lubricants,NSE,INE172A01027
Gulf Oil Lubricants India Ltd.,GULFOILLUB,Automobile & Ancillaries,Lubricants,NSE,INE635Q01029
Veedol Corporation Ltd.,VEEDOL,Automobile & Ancillaries,Lubricants,NSE,INE484C01030
Savita Oil Technologies Ltd.,SOTL,Automobile & Ancillaries,Lubricants,NSE,INE035D01020
Panama Petrochem Ltd.,PANAMAPET,Automobile & Ancillaries,Lubricants,NSE,INE305C01029
Gandhar Oil Refinery (India) Ltd.,GANDHAR,Automobile & Ancillaries,Lubricants,NSE,INE717W01049
GP Petroleums Ltd.,GULFPETRO,Automobile & Ancillaries,Lubricants,NSE,INE586G01017
Arabian Petroleum Ltd.,ARABIAN,Automobile & Ancillaries,Lubricants,NSE,INE08NJ01024
Lenskart Solutions Ltd.,LENSKART,Healthcare,Medical Equipment/Supplies/Accessories,NSE,INE956O01016
Poly Medicure Ltd.,POLYMED,Healthcare,Medical Equipment/Supplies/Accessories,NSE,INE205C01021
Laxmi Dental Ltd.,LAXMIDENTL,Healthcare,Medical Equipment/Supplies/Accessories,NSE,INE0WO601020
Osel Devices Ltd.,OSELDEVICE,Healthcare,Medical Equipment/Supplies/Accessories,NSE,INE0RMF01018
Yash Optics & Lens Ltd.,YASHOPTICS,Healthcare,Medical Equipment/Supplies/Accessories,NSE,INE0TO601017
Nureca Ltd.,NURECA,Healthcare,Medical Equipment/Supplies/Accessories,NSE,INE0DSF01015
Holmarc Opto-Mechatronics Ltd.,HOLMARC,Healthcare,Medical Equipment/Supplies/Accessories,NSE,INE0LXA01019
Galaxy Medicare Ltd.,GML,Healthcare,Medical Equipment/Supplies/Accessories,NSE,INE09A801015
Innomet Advanced Materials Ltd.,INNOMET,Iron & Steel,Metal - Ferrous,NSE,INE0S1D01010
Hindustan Zinc Ltd.,HINDZINC,Non - Ferrous Metals,Metal - Non Ferrous,NSE,INE267A01025
Vedanta Ltd.,VEDL,Non - Ferrous Metals,Metal - Non Ferrous,NSE,INE205A01025
Hindalco Industries Ltd.,HINDALCO,Non - Ferrous Metals,Metal - Non Ferrous,NSE,INE038A01020
Hindustan Copper Ltd.,HINDCOPPER,Non - Ferrous Metals,Metal - Non Ferrous,NSE,INE531E01026
Gravita India Ltd.,GRAVITA,Non - Ferrous Metals,Metal - Non Ferrous,NSE,INE024L01027
Jain Resource Recycling Ltd.,JAINREC,Non - Ferrous Metals,Metal - Non Ferrous,NSE,INE0YD401026
Pondy Oxides & Chemicals Ltd.,POCL,Non - Ferrous Metals,Metal - Non Ferrous,NSE,INE063E01053
Ram Ratna Wires Ltd.,RAMRAT,Non - Ferrous Metals,Metal - Non Ferrous,NSE,INE207E01023
Shivalik Bimetal Controls Ltd.,SBCL,Non - Ferrous Metals,Metal - Non Ferrous,NSE,INE386D01027
Bharat Wire Ropes Ltd.,BHARATWIRE,Non - Ferrous Metals,Metal - Non Ferrous,NSE,INE316L01019
Divine Power Energy Ltd.,DPEL,Non - Ferrous Metals,Metal - Non Ferrous,NSE,INE0SCO01019
Bhagyanagar India Ltd.,BHAGYANGR,Non - Ferrous Metals,Metal - Non Ferrous,NSE,INE458B01036
ANB Metal Cast Ltd.,AMCL,Non - Ferrous Metals,Metal - Non Ferrous,NSE,INE0VG001016
Sunlite Recycling Industries Ltd.,SUNLITE,Non - Ferrous Metals,Metal - Non Ferrous,NSE,INE0U2N01013
Shera Energy Ltd.,SHERA,Non - Ferrous Metals,Metal - Non Ferrous,NSE,INE0MM001019
Rajputana Industries Ltd.,RAJINDLTD,Non - Ferrous Metals,Metal - Non Ferrous,NSE,INE0PCU01012
Cubex Tubings Ltd.,CUBEXTUB,Non - Ferrous Metals,Metal - Non Ferrous,NSE,INE144D01012
Madhav Copper Ltd.,MCL,Non - Ferrous Metals,Metal - Non Ferrous,NSE,INE813V01022
Rajnandini Metal Ltd.,RAJMET,Non - Ferrous Metals,Metal - Non Ferrous,NSE,INE00KV01022
Sagardeep Alloys Ltd.,SAGARDEEP,Non - Ferrous Metals,Metal - Non Ferrous,NSE,INE976T01013
Precision Metaliks Ltd.,PRECISION,Non - Ferrous Metals,Metal - Non Ferrous,NSE,INE0HKW01018
Coal India Ltd.,COALINDIA,Mining,Mining & Minerals,NSE,INE522F01014
NMDC Ltd.,NMDC,Mining,Mining & Minerals,NSE,INE584A01023
KIOCL Ltd.,KIOCL,Mining,Mining & Minerals,NSE,INE880L01014
Gujarat Mineral Development Corporation Ltd.,GMDCLTD,Mining,Mining & Minerals,NSE,INE131A01031
Sandur Manganese & Iron Ores Ltd.,SANDUMA,Mining,Mining & Minerals,NSE,INE149K01016
Ashapura Minechem Ltd.,ASHAPURMIN,Mining,Mining & Minerals,NSE,INE348A01023
MOIL Ltd.,MOIL,Mining,Mining & Minerals,NSE,INE490G01020
Raghav Productivity Enhancers Ltd.,RPEL,Mining,Mining & Minerals,NSE,INE912T01018
The Orissa Minerals Development Company Ltd.,ORISSAMINE,Mining,Mining & Minerals,NSE,INE725E01024
20 Microns Ltd.,20MICRONS,Mining,Mining & Minerals,NSE,INE144J01027
Rajdarshan Industries Ltd.,ARENTERP,Mining,Mining & Minerals,NSE,INE610C01014
Aegis Vopak Terminals Ltd.,AEGISVOPAK,Miscellaneous,Miscellaneous,NSE,INE0INX01018
Rubicon Research Ltd.,RUBICON,Miscellaneous,Miscellaneous,NSE,INE506V01022
Wework India Management Ltd.,WEWORK,Miscellaneous,Miscellaneous,NSE,INE085001019
Prabha Energy Ltd.,PRABHA,Miscellaneous,Miscellaneous,NSE,INE0I0M01023
Modi Rubber Ltd.,MODIRUBBER,Miscellaneous,Miscellaneous,NSE,INE832A01018
Shubhshree Biofuels Energy Ltd.,SHUBHSHREE,Miscellaneous,Miscellaneous,NSE,INE0UL701015
PE Analytics Ltd.,PROPEQUITY,Miscellaneous,Miscellaneous,NSE,INE0KN801013
Rajputana Biodiesel Ltd.,RAJPUTANA,Miscellaneous,Miscellaneous,NSE,INE0VHU01019
3rd Rock Multimedia Ltd.,3RDROCK,Miscellaneous,Miscellaneous,NSE,#N/A
Shree OSFM E-Mobility Ltd.,SHREEOSFM,Miscellaneous,Miscellaneous,NSE,INE02S501018
Kontor Space Ltd.,KONTOR,Miscellaneous,Miscellaneous,NSE,INE0KZ301010
Oil & Natural Gas Corporation Ltd.,ONGC,Crude Oil,Oil Exploration,NSE,INE213A01029
Oil India Ltd.,OIL,Crude Oil,Oil Exploration,NSE,INE274J01014
Deep Industries Ltd.,DEEPINDS,Crude Oil,Oil Exploration,NSE,INE0FHS01024
Hindustan Oil Exploration Company Ltd.,HINDOILEXP,Crude Oil,Oil Exploration,NSE,INE345A01011
Dolphin Offshore Enterprises (India) Ltd.,DOLPHIN,Crude Oil,Oil Exploration,NSE,INE920A01037
Jindal Drilling & Industries Ltd.,JINDRILL,Crude Oil,Oil Exploration,NSE,INE742C01031
Antelopus Selan Energy Ltd.,ANTELOPUS,Crude Oil,Oil Exploration,NSE,INE818A01017
Asian Energy Services Ltd.,ASIANENE,Crude Oil,Oil Exploration,NSE,INE276G01015
Aban Offshore Ltd.,ABAN,Crude Oil,Oil Exploration,NSE,INE421A01028
Aakash Exploration Services Ltd.,AAKASH,Crude Oil,Oil Exploration,NSE,INE087Z01024
EPL Ltd.,EPL,Fast Moving Consumer Goods,Packaging,NSE,INE255A01020
AGI Greenpac Ltd.,AGI,Fast Moving Consumer Goods,Packaging,NSE,INE415A01038
TCPL Packaging Ltd.,TCPLPACK,Fast Moving Consumer Goods,Packaging,NSE,INE822C01015
Huhtamaki India Ltd.,HUHTAMAKI,Fast Moving Consumer Goods,Packaging,NSE,INE275B01026
Oricon Enterprises Ltd.,ORICONENT,Fast Moving Consumer Goods,Packaging,NSE,INE730A01022
Arrow Greentech Ltd.,ARROWGREEN,Fast Moving Consumer Goods,Packaging,NSE,INE570D01018
Pyramid Technoplast Ltd.,PYRAMID,Fast Moving Consumer Goods,Packaging,NSE,INE0MIS01010
Creative Graphics Solutions India Ltd.,CGRAPHICS,Fast Moving Consumer Goods,Packaging,NSE,INE0R7401011
GSM Foils Ltd.,GSMFOILS,Fast Moving Consumer Goods,Packaging,NSE,INE0SQY01018
Ideal Technoplast Industries Ltd.,IDEALTECHO,Fast Moving Consumer Goods,Packaging,NSE,INE0T9I01011
DK Enterprises Global Ltd.,DKEGL,Fast Moving Consumer Goods,Packaging,NSE,INE0GN101014
Uma Converter Ltd.,UMA,Fast Moving Consumer Goods,Packaging,NSE,INE067901012
Sati Poly Plast Ltd.,SATIPOLY,Fast Moving Consumer Goods,Packaging,NSE,INE0RPM01017
SPP Polymer Ltd.,SPPPOLY,Fast Moving Consumer Goods,Packaging,NSE,INE0QR801013
Boss Packaging Solutions Ltd.,BOSS,Fast Moving Consumer Goods,Packaging,NSE,INE0QNI01012
Sabar Flex India Ltd.,SABAR,Fast Moving Consumer Goods,Packaging,NSE,INE0DZ101013
Asian Paints Ltd.,ASIANPAINT,Chemicals,Paints,NSE,INE021A01026
Berger Paints India Ltd.,BERGEPAINT,Chemicals,Paints,NSE,INE463A01038
Kansai Nerolac Paints Ltd.,KANSAINER,Chemicals,Paints,NSE,INE531A01024
Akzo Nobel India Ltd.,AKZOINDIA,Chemicals,Paints,NSE,INE133A01011
Indigo Paints Ltd.,INDIGOPNTS,Chemicals,Paints,NSE,INE09VQ01012
Shalimar Paints Ltd.,SHALPAINTS,Chemicals,Paints,NSE,INE849C01026
Ducol Organics & Colours Ltd.,DUCOL,Chemicals,Paints,NSE,INE0LZO01015
JK Paper Ltd.,JKPAPER,Paper,Paper & Paper Products,NSE,INE789E01012
West Coast Paper Mills Ltd.,WSTCSTPAPR,Paper,Paper & Paper Products,NSE,INE976A01021
Seshasayee Paper and Boards Ltd.,SESHAPAPER,Paper,Paper & Paper Products,NSE,INE630A01024
Andhra Paper Ltd.,ANDHRAPAP,Paper,Paper & Paper Products,NSE,INE435A01051
Tamil Nadu Newsprint & Papers Ltd.,TNPL,Paper,Paper & Paper Products,NSE,INE107A01015
Pudumjee Paper Products Ltd.,PDMJEPAPER,Paper,Paper & Paper Products,NSE,INE865T01018
NR Agarwal Industries Ltd.,NRAIL,Paper,Paper & Paper Products,NSE,INE740D01017
Kuantum Papers Ltd.,KUANTUM,Paper,Paper & Paper Products,NSE,INE529I01021
Satia Industries Ltd.,SATIA,Paper,Paper & Paper Products,NSE,INE170E01023
Emami Paper Mills Ltd.,EMAMIPAP,Paper,Paper & Paper Products,NSE,INE830C01026
Orient Paper & Industries Ltd.,ORIENTPPR,Paper,Paper & Paper Products,NSE,INE592A01026
Shree Rama Newsprint Ltd.,RAMANEWS,Paper,Paper & Paper Products,NSE,INE278B01020
Pakka Ltd.,PAKKA,Paper,Paper & Paper Products,NSE,INE551D01018
B&B Triplewall Containers Ltd.,BBTCL,Paper,Paper & Paper Products,NSE,INE01EE01011
Ruchira Papers Ltd.,RUCHIRA,Paper,Paper & Paper Products,NSE,INE803H01014
Nikita Greentech Recycling Ltd.,NIKITA,Paper,Paper & Paper Products,NSE,INE0FLF01015
Genus Paper & Boards Ltd.,GENUSPAPER,Paper,Paper & Paper Products,NSE,INE949P01018
Worth Peripherals Ltd.,WORTHPERI,Paper,Paper & Paper Products,NSE,INE196Y01018
Star Paper Mills Ltd.,STARPAPER,Paper,Paper & Paper Products,NSE,INE733A01018
Shreyans Industries Ltd.,SHREYANIND,Paper,Paper & Paper Products,NSE,INE231C01019
Aaradhya Disposal Industries Ltd.,AARADHYA,Paper,Paper & Paper Products,NSE,INE124401014
Magnum Ventures Ltd.,MAGNUM,Paper,Paper & Paper Products,NSE,INE387I01016
Balkrishna Paper Mills Ltd.,BALKRISHNA,Paper,Paper & Paper Products,NSE,INE875R01011
Malu Paper Mills Ltd.,MALUPAPER,Paper,Paper & Paper Products,NSE,INE383H01017
Astron Paper & Board Mill Ltd.,ASTRON,Paper,Paper & Paper Products,NSE,INE646X01014
UPL Ltd.,UPL,Chemicals,Pesticides & Agrochemicals,NSE,INE628A01036
PI Industries Ltd.,PIIND,Chemicals,Pesticides & Agrochemicals,NSE,INE603J01030
Sumitomo Chemical India Ltd.,SUMICHEM,Chemicals,Pesticides & Agrochemicals,NSE,INE258G01013
Bayer CropScience Ltd.,BAYERCROP,Chemicals,Pesticides & Agrochemicals,NSE,INE462A01022
Sharda Cropchem Ltd.,SHARDACROP,Chemicals,Pesticides & Agrochemicals,NSE,INE221J01015
Rallis India Ltd.,RALLIS,Chemicals,Pesticides & Agrochemicals,NSE,INE613A01020
Dhanuka Agritech Ltd.,DHANUKA,Chemicals,Pesticides & Agrochemicals,NSE,INE435G01025
NACL Industries Ltd.,NACLIND,Chemicals,Pesticides & Agrochemicals,NSE,INE295D01020
Bharat Rasayan Ltd.,BHARATRAS,Chemicals,Pesticides & Agrochemicals,NSE,INE838B01021
Bhagiradha Chemicals & Industries Ltd.,BHAGCHEM,Chemicals,Pesticides & Agrochemicals,NSE,INE414D01027
India Pesticides Ltd.,IPL,Chemicals,Pesticides & Agrochemicals,NSE,INE0D6701023
Insecticides (India) Ltd.,INSECTICID,Chemicals,Pesticides & Agrochemicals,NSE,INE070I01018
Meghmani Organics Ltd.,MOL,Chemicals,Pesticides & Agrochemicals,NSE,INE0CT101020
Astec Lifesciences Ltd.,ASTEC,Chemicals,Pesticides & Agrochemicals,NSE,INE563J01010
Punjab Chemicals & Crop Protection Ltd.,PUNJABCHEM,Chemicals,Pesticides & Agrochemicals,NSE,INE277B01014
Excel Industries Ltd.,EXCELINDUS,Chemicals,Pesticides & Agrochemicals,NSE,INE369A01029
Heranba Industries Ltd.,HERANBA,Chemicals,Pesticides & Agrochemicals,NSE,INE694N01015
Best Agrolife Ltd.,BESTAGRO,Chemicals,Pesticides & Agrochemicals,NSE,INE052T01013
Dharmaj Crop Guard Ltd.,DHARMAJ,Chemicals,Pesticides & Agrochemicals,NSE,INE00OQ01016
Advance Agrolife Ltd.,ADVANCE,Chemicals,Pesticides & Agrochemicals,NSE,INE1B0W01010
Shivalik Rasayan Ltd.,SHIVALIK,Chemicals,Pesticides & Agrochemicals,NSE,INE788J01021
Indogulf Cropsciences Ltd.,IGCL,Chemicals,Pesticides & Agrochemicals,NSE,INE05J901018
Nova Agritech Ltd.,NOVAAGRI,Chemicals,Pesticides & Agrochemicals,NSE,INE02H701025
Sikko Industries Ltd.,SIKKO,Chemicals,Pesticides & Agrochemicals,NSE,INE112X01025
Ambey Laboratories Ltd.,AMBEY,Chemicals,Pesticides & Agrochemicals,NSE,INE0M3I01029
Aristo Bio-Tech and Lifescience Ltd.,ARISTO,Chemicals,Pesticides & Agrochemicals,NSE,INE082101010
Crop Life Science Ltd.,CLSL,Chemicals,Pesticides & Agrochemicals,NSE,INE00NH01017
UPL Ltd. - (Partly Paid-up Equity Shares),UPLPP1,Chemicals,Pesticides & Agrochemicals,NSE,#N/A
Supreme Petrochem Ltd.,SPLPETRO,Crude Oil,Petrochemicals,NSE,INE663A01033
Rain Industries Ltd.,RAIN,Crude Oil,Petrochemicals,NSE,INE855B01025
Agarwal Industrial Corporation Ltd.,AGARIND,Crude Oil,Petrochemicals,NSE,INE204E01012
Tamilnadu Petroproducts Ltd.,TNPETRO,Crude Oil,Petrochemicals,NSE,INE148A01019
Kothari Petrochemicals Ltd.,KOTHARIPET,Crude Oil,Petrochemicals,NSE,INE720A01015
Neptune Petrochemicals Ltd.,NEPTUNE,Crude Oil,Petrochemicals,NSE,INE156901014
Vikas Lifecare Ltd.,VIKASLIFE,Crude Oil,Petrochemicals,NSE,INE161L01027
Sun Pharmaceutical Industries Ltd.,SUNPHARMA,Healthcare,Pharmaceuticals & Drugs,NSE,INE044A01036
Divi's Laboratories Ltd.,DIVISLAB,Healthcare,Pharmaceuticals & Drugs,NSE,INE361B01024
Torrent Pharmaceuticals Ltd.,TORNTPHARM,Healthcare,Pharmaceuticals & Drugs,NSE,INE685A01028
Cipla Ltd.,CIPLA,Healthcare,Pharmaceuticals & Drugs,NSE,INE059A01026
Dr. Reddy's Laboratories Ltd.,DRREDDY,Healthcare,Pharmaceuticals & Drugs,NSE,INE089A01031
Lupin Ltd.,LUPIN,Healthcare,Pharmaceuticals & Drugs,NSE,INE326A01037
Zydus Lifesciences Ltd.,ZYDUSLIFE,Healthcare,Pharmaceuticals & Drugs,NSE,INE010B01027
Mankind Pharma Ltd.,MANKIND,Healthcare,Pharmaceuticals & Drugs,NSE,INE634S01028
Aurobindo Pharma Ltd.,AUROPHARMA,Healthcare,Pharmaceuticals & Drugs,NSE,INE406A01037
Alkem Laboratories Ltd.,ALKEM,Healthcare,Pharmaceuticals & Drugs,NSE,INE540L01014
Abbott India Ltd.,ABBOTINDIA,Healthcare,Pharmaceuticals & Drugs,NSE,INE358A01014
Laurus Labs Ltd.,LAURUSLABS,Healthcare,Pharmaceuticals & Drugs,NSE,INE947Q01028
Glenmark Pharmaceuticals Ltd.,GLENMARK,Healthcare,Pharmaceuticals & Drugs,NSE,INE935A01035
Biocon Ltd.,BIOCON,Healthcare,Pharmaceuticals & Drugs,NSE,INE376G01013
Glaxosmithkline Pharmaceuticals Ltd.,GLAXO,Healthcare,Pharmaceuticals & Drugs,NSE,INE159A01016
Ipca Laboratories Ltd.,IPCALAB,Healthcare,Pharmaceuticals & Drugs,NSE,INE571A01038
Anthem Biosciences Ltd.,ANTHEM,Healthcare,Pharmaceuticals & Drugs,NSE,INE0CZ201020
Ajanta Pharma Ltd.,AJANTPHARM,Healthcare,Pharmaceuticals & Drugs,NSE,INE031B01049
JB Chemicals & Pharmaceuticals Ltd.,JBCHEPHARM,Healthcare,Pharmaceuticals & Drugs,NSE,INE572A01036
Gland Pharma Ltd.,GLAND,Healthcare,Pharmaceuticals & Drugs,NSE,INE068V01023
Emcure Pharmaceuticals Ltd.,EMCURE,Healthcare,Pharmaceuticals & Drugs,NSE,INE168P01015
Syngene International Ltd.,SYNGENE,Healthcare,Pharmaceuticals & Drugs,NSE,INE398R01022
Wockhardt Ltd.,WOCKPHARMA,Healthcare,Pharmaceuticals & Drugs,NSE,INE049B01025
Piramal Pharma Ltd.,PPLPHARMA,Healthcare,Pharmaceuticals & Drugs,NSE,INE0DK501011
Pfizer Ltd.,PFIZER,Healthcare,Pharmaceuticals & Drugs,NSE,INE182A01018
Astrazeneca Pharma India Ltd.,ASTRAZEN,Healthcare,Pharmaceuticals & Drugs,NSE,INE203A01020
Eris Lifesciences Ltd.,ERIS,Healthcare,Pharmaceuticals & Drugs,NSE,INE406M01024
Cohance Lifesciences Ltd.,COHANCE,Healthcare,Pharmaceuticals & Drugs,NSE,INE03QK01018
Onesource Specialty Pharma Ltd.,ONESOURCE,Healthcare,Pharmaceuticals & Drugs,NSE,INE013P01021
Neuland Laboratories Ltd.,NEULANDLAB,Healthcare,Pharmaceuticals & Drugs,NSE,INE794A01010
Sai Life Sciences Ltd.,SAILIFE,Healthcare,Pharmaceuticals & Drugs,NSE,INE570L01029
Jubilant Pharmova Ltd.,JUBLPHARMA,Healthcare,Pharmaceuticals & Drugs,NSE,INE700A01033
Alembic Pharmaceuticals Ltd.,APLLTD,Healthcare,Pharmaceuticals & Drugs,NSE,INE901L01018
Natco Pharma Ltd.,NATCOPHARM,Healthcare,Pharmaceuticals & Drugs,NSE,INE987B01026
Granules India Ltd.,GRANULES,Healthcare,Pharmaceuticals & Drugs,NSE,INE101D01020
Caplin Point Laboratories Ltd.,CAPLIPOINT,Healthcare,Pharmaceuticals & Drugs,NSE,INE475E01026
Concord Biotech Ltd.,CONCORDBIO,Healthcare,Pharmaceuticals & Drugs,NSE,INE338H01029
Acutaas Chemicals Ltd.,ACUTAAS,Healthcare,Pharmaceuticals & Drugs,NSE,INE00FF01025
Alivus Life Sciences Ltd.,ALIVUS,Healthcare,Pharmaceuticals & Drugs,NSE,INE03Q201024
Sanofi Consumer Healthcare India Ltd.,SANOFICONR,Healthcare,Pharmaceuticals & Drugs,NSE,INE0UOS01011
Procter & Gamble Health Ltd.,PGHL,Healthcare,Pharmaceuticals & Drugs,NSE,INE199A01012
Sanofi India Ltd.,SANOFI,Healthcare,Pharmaceuticals & Drugs,NSE,INE058A01010
Blue Jet Healthcare Ltd.,BLUEJET,Healthcare,Pharmaceuticals & Drugs,NSE,INE0KBH01020
CORONA Remedies Ltd.,CORONA,Healthcare,Pharmaceuticals & Drugs,NSE,INE02ZQ01018
Strides Pharma Science Ltd.,STAR,Healthcare,Pharmaceuticals & Drugs,NSE,INE939A01011
Marksans Pharma Ltd.,MARKSANS,Healthcare,Pharmaceuticals & Drugs,NSE,INE750C01026
Akums Drugs & Pharmaceuticals Ltd.,AKUMS,Healthcare,Pharmaceuticals & Drugs,NSE,INE09XN01023
Sudeep Pharma Ltd.,SUDEEPPHRM,Healthcare,Pharmaceuticals & Drugs,NSE,INE0QPI01025
FDC Ltd.,FDC,Healthcare,Pharmaceuticals & Drugs,NSE,INE258B01022
Aarti Pharmalabs Ltd.,AARTIPHARM,Healthcare,Pharmaceuticals & Drugs,NSE,INE0LRU01027
Shilpa Medicare Ltd.,SHILPAMED,Healthcare,Pharmaceuticals & Drugs,NSE,INE790G01031
Supriya Lifescience Ltd.,SUPRIYA,Healthcare,Pharmaceuticals & Drugs,NSE,INE07RO01027
Sequent Scientific Ltd.,SEQUENT,Healthcare,Pharmaceuticals & Drugs,NSE,INE807F01027
Zota Health Care Ltd.,ZOTA,Healthcare,Pharmaceuticals & Drugs,NSE,INE358U01012
Gujarat Themis Biosyn Ltd.,GUJTHEM,Healthcare,Pharmaceuticals & Drugs,NSE,INE942C01045
Sun Pharma Advanced Research Company Ltd.,SPARC,Healthcare,Pharmaceuticals & Drugs,NSE,INE232I01014
Innova Captab Ltd.,INNOVACAP,Healthcare,Pharmaceuticals & Drugs,NSE,INE0DUT01020
RPG Life Sciences Ltd.,RPGLIFE,Healthcare,Pharmaceuticals & Drugs,NSE,INE105J01010
Dishman Carbogen Amcis Ltd.,DCAL,Healthcare,Pharmaceuticals & Drugs,NSE,INE385W01011
Senores Pharmaceuticals Ltd.,SENORES,Healthcare,Pharmaceuticals & Drugs,NSE,INE0RB801010
Orchid Pharma Ltd.,ORCHPHARMA,Healthcare,Pharmaceuticals & Drugs,NSE,INE191A01027
Aarti Drugs Ltd.,AARTIDRUGS,Healthcare,Pharmaceuticals & Drugs,NSE,INE767A01016
Suven Life Sciences Ltd.,SUVEN,Healthcare,Pharmaceuticals & Drugs,NSE,INE495B01038
Gufic Biosciences Ltd.,GUFICBIO,Healthcare,Pharmaceuticals & Drugs,NSE,INE742B01025
Advanced Enzyme Technologies Ltd.,ADVENZYMES,Healthcare,Pharmaceuticals & Drugs,NSE,INE837H01020
Unichem Laboratories Ltd.,UNICHEMLAB,Healthcare,Pharmaceuticals & Drugs,NSE,INE351A01035
SMS Pharmaceuticals Ltd.,SMSPHARMA,Healthcare,Pharmaceuticals & Drugs,NSE,INE812G01025
Hikal Ltd.,HIKAL,Healthcare,Pharmaceuticals & Drugs,NSE,INE475B01022
Solara Active Pharma Sciences Ltd.,SOLARA,Healthcare,Pharmaceuticals & Drugs,NSE,INE624Z01016
Panacea Biotec Ltd.,PANACEABIO,Healthcare,Pharmaceuticals & Drugs,NSE,INE922B01023
IOL Chemicals And Pharmaceuticals Ltd.,IOLCP,Healthcare,Pharmaceuticals & Drugs,NSE,INE485C01029
Morepen Laboratories Ltd.,MOREPENLAB,Healthcare,Pharmaceuticals & Drugs,NSE,INE083A01026
Indoco Remedies Ltd.,INDOCO,Healthcare,Pharmaceuticals & Drugs,NSE,INE873D01024
Amrutanjan Health Care Ltd.,AMRUTANJAN,Healthcare,Pharmaceuticals & Drugs,NSE,INE098F01031
Bliss GVS Pharma Ltd.,BLISSGVS,Healthcare,Pharmaceuticals & Drugs,NSE,INE416D01022
Windlas Biotech Ltd.,WINDLAS,Healthcare,Pharmaceuticals & Drugs,NSE,INE0H5O01029
Beta Drugs Ltd.,BETA,Healthcare,Pharmaceuticals & Drugs,NSE,INE351Y01019
Hester Biosciences Ltd.,HESTERBIO,Healthcare,Pharmaceuticals & Drugs,NSE,INE782E01017
Syncom Formulations (India) Ltd.,SYNCOMF,Healthcare,Pharmaceuticals & Drugs,NSE,INE312C01025
Bajaj Healthcare Ltd.,BAJAJHCARE,Healthcare,Pharmaceuticals & Drugs,NSE,INE411U01027
Jagsonpal Pharmaceuticals Ltd.,JAGSNPHARM,Healthcare,Pharmaceuticals & Drugs,NSE,INE048B01035
Venus Remedies Ltd.,VENUSREM,Healthcare,Pharmaceuticals & Drugs,NSE,INE411B01019
Lincoln Pharmaceuticals Ltd.,LINCOLN,Healthcare,Pharmaceuticals & Drugs,NSE,INE405C01035
Sakar Healthcare Ltd.,SAKAR,Healthcare,Pharmaceuticals & Drugs,NSE,INE732S01012
Themis Medicare Ltd.,THEMISMED,Healthcare,Pharmaceuticals & Drugs,NSE,INE083B01024
Remus Pharmaceuticals Ltd.,REMUS,Healthcare,Pharmaceuticals & Drugs,NSE,INE0O5T01011
Accent Microcell Ltd.,ACCENTMIC,Healthcare,Pharmaceuticals & Drugs,NSE,INE0Q5D01013
Wanbury Ltd.,WANBURY,Healthcare,Pharmaceuticals & Drugs,NSE,INE107F01022
Anuh Pharma Ltd.,ANUHPHR,Healthcare,Pharmaceuticals & Drugs,NSE,INE489G01022
NGL Fine-Chem Ltd.,NGLFINE,Healthcare,Pharmaceuticals & Drugs,NSE,INE887E01022
Anlon Healthcare Ltd.,AHCL,Healthcare,Pharmaceuticals & Drugs,NSE,INE0Y8W01017
Ind-Swift Laboratories Ltd.,INDSWFTLAB,Healthcare,Pharmaceuticals & Drugs,NSE,INE915B01019
Kopran Ltd.,KOPRAN,Healthcare,Pharmaceuticals & Drugs,NSE,INE082A01010
Kilitch Drugs (India) Ltd.,KILITCH,Healthcare,Pharmaceuticals & Drugs,NSE,INE729D01010
Influx Healthtech Ltd.,INFLUX,Healthcare,Pharmaceuticals & Drugs,NSE,INE0MYZ01012
Medicamen Biotech Ltd.,MEDICAMEQ,Healthcare,Pharmaceuticals & Drugs,NSE,INE646B01010
Medico Remedies Ltd.,MEDICO,Healthcare,Pharmaceuticals & Drugs,NSE,INE630Y01024
Nectar Lifesciences Ltd.,NECLIFE,Healthcare,Pharmaceuticals & Drugs,NSE,INE023H01027
Albert David Ltd.,ALBERTDAVD,Healthcare,Pharmaceuticals & Drugs,NSE,INE155C01010
Amanta Healthcare Ltd.,AMANTA,Healthcare,Pharmaceuticals & Drugs,NSE,INE084K01015
Valiant Laboratories Ltd.,VALIANTLAB,Healthcare,Pharmaceuticals & Drugs,NSE,INE0JWS01017
Haleos Labs Ltd.,HALEOSLABS,Healthcare,Pharmaceuticals & Drugs,NSE,INE320X01016
Bafna Pharmaceuticals Ltd.,BAFNAPH,Healthcare,Pharmaceuticals & Drugs,NSE,INE878I01022
Zim Laboratories Ltd.,ZIMLAB,Healthcare,Pharmaceuticals & Drugs,NSE,INE518E01015
Lyka Labs Ltd.,LYKALABS,Healthcare,Pharmaceuticals & Drugs,NSE,INE933A01014
Brooks Laboratories Ltd.,BROOKS,Healthcare,Pharmaceuticals & Drugs,NSE,INE650L01011
Aarey Drugs & Pharmaceuticals Ltd.,AAREYDRUGS,Healthcare,Pharmaceuticals & Drugs,NSE,INE198H01019
Natural Capsules Ltd.,NATCAPSUQ,Healthcare,Pharmaceuticals & Drugs,NSE,INE936B01015
Quest Laboratories Ltd.,QUESTLAB,Healthcare,Pharmaceuticals & Drugs,NSE,INE0TNW01017
Alpa Laboratories Ltd.,ALPA,Healthcare,Pharmaceuticals & Drugs,NSE,INE385I01010
Vivimed Labs Ltd.,VIVIMEDLAB,Healthcare,Pharmaceuticals & Drugs,NSE,INE526G01021
Balaxi Pharmaceuticals Ltd.,BALAXI,Healthcare,Pharmaceuticals & Drugs,NSE,INE618N01022
Krebs Biochemicals & Industries Ltd.,KREBSBIO,Healthcare,Pharmaceuticals & Drugs,NSE,INE268B01013
Sotac Pharmaceuticals Ltd.,SOTAC,Healthcare,Pharmaceuticals & Drugs,NSE,INE0O2D01012
Bal Pharma Ltd.,BALPHARMA,Healthcare,Pharmaceuticals & Drugs,NSE,INE083D01012
Accretion Pharmaceuticals Ltd.,ACCPL,Healthcare,Pharmaceuticals & Drugs,NSE,INE0T8T01010
Curis Lifesciences Ltd.,CURIS,Healthcare,Pharmaceuticals & Drugs,NSE,INE1BZN01016
Zenith Drugs Ltd.,ZENITHDRUG,Healthcare,Pharmaceuticals & Drugs,NSE,INE0QWN01013
Vineet Laboratories Ltd.,VINEETLAB,Healthcare,Pharmaceuticals & Drugs,NSE,INE505Y01010
Onyx Biotec Ltd.,ONYX,Healthcare,Pharmaceuticals & Drugs,NSE,INE0WVU01018
Lasa Supergenerics Ltd.,LASA,Healthcare,Pharmaceuticals & Drugs,NSE,INE670X01014
Walpar Nutritions Ltd.,WALPAR,Healthcare,Pharmaceuticals & Drugs,NSE,INE0G2G01015
JFL Life Sciences Ltd.,JFLLIFE,Healthcare,Pharmaceuticals & Drugs,NSE,INE0LA901015
Mangalam Drugs And Organics Ltd.,MANGALAM,Healthcare,Pharmaceuticals & Drugs,NSE,INE584F01014
Medicamen Organics Ltd.,MEDIORG,Healthcare,Pharmaceuticals & Drugs,NSE,INE0PE401018
Vilin Bio Med Ltd.,VILINBIO,Healthcare,Pharmaceuticals & Drugs,NSE,INE0L4V01013
Saroja Pharma Industries India Ltd.,SAROJA,Healthcare,Pharmaceuticals & Drugs,NSE,INE0PCL01011
Ortin Global Ltd.,ORTINGLOBE,Healthcare,Pharmaceuticals & Drugs,NSE,INE749B01020
Solara Active Pharma Sciences Ltd. - (Partly Paid-up Equity Shares (Rights Issue)),SOLARAPP1,Healthcare,Pharmaceuticals & Drugs,NSE,IN9624Z01022
Universus Photo Imagings Ltd.,UNIVPHOTO,Photographic Product,Photographic Products,NSE,INE03V001013
Supreme Industries Ltd.,SUPREMEIND,Plastic Products,Plastic Products,NSE,INE195A01028
Astral Ltd.,ASTRAL,Plastic Products,Plastic Products,NSE,INE006I01046
Finolex Industries Ltd.,FINPIPE,Plastic Products,Plastic Products,NSE,INE183A01024
Shaily Engineering Plastics Ltd.,SHAILY,Plastic Products,Plastic Products,NSE,INE151G01028
Time Technoplast Ltd.,TIMETECHNO,Plastic Products,Plastic Products,NSE,INE508G01029
Garware Hi-Tech Films Ltd.,GRWRHITECH,Plastic Products,Plastic Products,NSE,INE291A01017
Kingfa Science & Technology (India) Ltd.,KINGFA,Plastic Products,Plastic Products,NSE,INE473D01015
Responsive Industries Ltd.,RESPONIND,Plastic Products,Plastic Products,NSE,INE688D01026
Uflex Ltd.,UFLEX,Plastic Products,Plastic Products,NSE,INE516A01017
Ddev Plastiks Industries Ltd.,DDEVPLSTIK,Plastic Products,Plastic Products,NSE,INE0HR601026
Jain Irrigation Systems Ltd.,JISLJALEQS,Plastic Products,Plastic Products,NSE,INE175A01038
EPack Prefab Technologies Ltd.,EPACKPEB,Plastic Products,Plastic Products,NSE,INE0MLS01022
Prince Pipes and Fittings Ltd.,PRINCEPIPE,Plastic Products,Plastic Products,NSE,INE689W01016
Polyplex Corporation Ltd.,POLYPLEX,Plastic Products,Plastic Products,NSE,INE633B01018
Jai Corp Ltd.,JAICORPLTD,Plastic Products,Plastic Products,NSE,INE070D01027
Xpro India Ltd.,XPROINDIA,Plastic Products,Plastic Products,NSE,INE445C01015
Nilkamal Ltd.,NILKAMAL,Plastic Products,Plastic Products,NSE,INE310A01015
Mold-Tek Packaging Ltd.,MOLDTKPAC,Plastic Products,Plastic Products,NSE,INE893J01029
Cosmo First Ltd.,COSMOFIRST,Plastic Products,Plastic Products,NSE,INE757A01017
All Time Plastics Ltd.,ALLTIME,Plastic Products,Plastic Products,NSE,INE0GV601021
Apollo Pipes Ltd.,APOLLOPIPE,Plastic Products,Plastic Products,NSE,INE126J01016
Tarsons Products Ltd.,TARSONS,Plastic Products,Plastic Products,NSE,INE144Z01023
Ester Industries Ltd.,ESTER,Plastic Products,Plastic Products,NSE,INE778B01029
Cool Caps Industries Ltd.,COOLCAPS,Plastic Products,Plastic Products,NSE,INE0HS001028
Shree Rama Multi-Tech Ltd.,SHREERAMA,Plastic Products,Plastic Products,NSE,INE879A01019
Shree Tirupati Balajee FIBC Ltd.,TIRUPATI,Plastic Products,Plastic Products,NSE,INE238Y01018
Polysil Irrigation Systems Ltd.,POLYSIL,Plastic Products,Plastic Products,NSE,INE517M01028
Nahar Poly Films Ltd.,NAHARPOLY,Plastic Products,Plastic Products,NSE,INE308A01027
Prakash Pipes Ltd.,PPL,Plastic Products,Plastic Products,NSE,INE050001010
Commercial Syn Bags Ltd.,COMSYN,Plastic Products,Plastic Products,NSE,INE073V01015
Essen Speciality Films Ltd.,ESFL,Plastic Products,Plastic Products,NSE,INE0ITO01014
TPL Plastech Ltd.,TPLPLASTEH,Plastic Products,Plastic Products,NSE,INE413G01022
Pramara Promotions Ltd.,PRAMARA,Plastic Products,Plastic Products,NSE,INE0O7A01017
Kanpur Plastipack Ltd.,KANPRPLA,Plastic Products,Plastic Products,NSE,INE694E01014
Kriti Industries (India) Ltd.,KRITI,Plastic Products,Plastic Products,NSE,INE479D01038
Premier Polyfilm Ltd.,PREMIERPOL,Plastic Products,Plastic Products,NSE,INE309M01020
Shree Tirupati Balajee Agro Trading Company Ltd,BALAJEE,Plastic Products,Plastic Products,NSE,INE0S2G01011
Hitech Corporation Ltd.,HITECHCORP,Plastic Products,Plastic Products,NSE,INE120D01012
PIL ITALICA Lifestyle Ltd.,PILITA,Plastic Products,Plastic Products,NSE,INE600A01035
Aeroflex Neu Ltd.,AERONEU,Plastic Products,Plastic Products,NSE,INE035801013
Emmbi Industries Ltd.,EMMBI,Plastic Products,Plastic Products,NSE,INE753K01015
Barflex Polyfilms Ltd.,BARFLEX,Plastic Products,Plastic Products,NSE,INE0QX401014
Tainwala Chemicals & Plastics (India) Ltd.,TAINWALCHM,Plastic Products,Plastic Products,NSE,INE123C01018
Purv Flexipack Ltd.,PURVFLEXI,Plastic Products,Plastic Products,NSE,INE0R6C01012
Aeron Composite Ltd.,AERON,Plastic Products,Plastic Products,NSE,INE0WL801011
Avro India Ltd.,AVROIND,Plastic Products,Plastic Products,NSE,INE652Z01017
Mega Flex Plastics Ltd.,MEGAFLEX,Plastic Products,Plastic Products,NSE,INE0G1D01014
REX Pipes and Cables Industries Ltd.,REXPIPES,Plastic Products,Plastic Products,NSE,INE00D001018
Rajshree Polypack Ltd.,RPPL,Plastic Products,Plastic Products,NSE,INE760W01023
Texmo Pipes And Products Ltd.,TEXMOPIPES,Plastic Products,Plastic Products,NSE,INE141K01013
Master Components Ltd.,MASTER,Plastic Products,Plastic Products,NSE,INE0OJM01017
Tokyo Plast International Ltd.,TOKYOPLAST,Plastic Products,Plastic Products,NSE,INE932C01012
Jyoti Global Plast Ltd.,JYOTIGLOBL,Plastic Products,Plastic Products,NSE,INE1M3T01017
AMD Industries Ltd.,AMDIND,Plastic Products,Plastic Products,NSE,INE005I01014
Vigor Plast India Ltd.,VIGOR,Plastic Products,Plastic Products,NSE,INE1DM601016
Orient Press Ltd.,ORIENTLTD,Plastic Products,Plastic Products,NSE,INE609C01024
Manas Polymers And Energies Ltd.,MPEL,Plastic Products,Plastic Products,NSE,INE0U4H01011
Srivasavi Adhesive Tapes Ltd.,SRIVASAVI,Plastic Products,Plastic Products,NSE,INE0NPI01014
ARC Insulation & Insulators Ltd.,ARCIIL,Plastic Products,Plastic Products,NSE,INE0YDV01010
Jain Irrigation Systems Ltd. (DVR),JISLDVREQS,Plastic Products,Plastic Products,NSE,IN9175A01010
Bulkcorp International Ltd.,BULKCORP,Plastic Products,Plastic Products,NSE,INE0SZ301012
Kshitij Polyline Ltd.,KSHITIJPOL,Plastic Products,Plastic Products,NSE,INE013801027
Pearl Polymers Ltd.,PEARLPOLY,Plastic Products,Plastic Products,NSE,INE844A01013
Gujarat Raffia Industries Ltd.,GUJRAFFIA,Plastic Products,Plastic Products,NSE,INE610B01024
Tijaria Polypipes Ltd.,TIJARIA,Plastic Products,Plastic Products,NSE,INE440L01017
Ahimsa Industries Ltd.,AHIMSA,Plastic Products,Plastic Products,NSE,INE136T01014
Solve Plastic Products Ltd.,BALCO,Plastic Products,Plastic Products,NSE,INE0U0201016
A And M Jumbo Bags Ltd.,AMJUMBO,Plastic Products,Plastic Products,NSE,INE749Y01014
SMVD Poly Pack Ltd.,SMVD,Plastic Products,Plastic Products,NSE,INE702Y01013
Sanco Industries Ltd.,SANCO,Plastic Products,Plastic Products,NSE,INE782L01012
Adani Ports and Special Economic Zone Ltd.,ADANIPORTS,Logistics,Port,NSE,INE742F01042
JSW Infrastructure Ltd.,JSWINFRA,Logistics,Port,NSE,INE880J01026
Gujarat Pipavav Port Ltd.,GPPL,Logistics,Port,NSE,INE517F01014
NTPC Ltd.,NTPC,Power,Power Generation/Distribution,NSE,INE733E01010
Adani Power Ltd.,ADANIPOWER,Power,Power Generation/Distribution,NSE,INE814H01029
Power Grid Corporation Of India Ltd.,POWERGRID,Power,Power Generation/Distribution,NSE,INE752E01010
Adani Green Energy Ltd.,ADANIGREEN,Power,Power Generation/Distribution,NSE,INE364U01010
Tata Power Company Ltd.,TATAPOWER,Power,Power Generation/Distribution,NSE,INE245A01021
Adani Energy Solutions Ltd.,ADANIENSOL,Power,Power Generation/Distribution,NSE,INE931S01010
JSW Energy Ltd.,JSWENERGY,Power,Power Generation/Distribution,NSE,INE121E01018
NTPC Green Energy Ltd.,NTPCGREEN,Power,Power Generation/Distribution,NSE,INE0ONG01011
NHPC Ltd.,NHPC,Power,Power Generation/Distribution,NSE,INE848E01016
Torrent Power Ltd.,TORNTPOWER,Power,Power Generation/Distribution,NSE,INE813H01021
NLC India Ltd.,NLCINDIA,Power,Power Generation/Distribution,NSE,INE589A01014
SJVN Ltd.,SJVN,Power,Power Generation/Distribution,NSE,INE002L01015
CESC Ltd.,CESC,Power,Power Generation/Distribution,NSE,INE486A01021
Reliance Power Ltd.,RPOWER,Power,Power Generation/Distribution,NSE,INE614G01033
Acme Solar Holdings Ltd.,ACMESOLAR,Power,Power Generation/Distribution,NSE,INE622W01025
Indian Energy Exchange Ltd.,IEX,Power,Power Generation/Distribution,NSE,INE022Q01020
Jaiprakash Power Ventures Ltd.,JPPOWER,Power,Power Generation/Distribution,NSE,INE351F01018
KPI Green Energy Ltd.,KPIGREEN,Power,Power Generation/Distribution,NSE,INE542W01025
GMR Power and Urban Infra Ltd.,GMRP&UI,Power,Power Generation/Distribution,NSE,INE0CU601026
Reliance Infrastructure Ltd.,RELINFRA,Power,Power Generation/Distribution,NSE,INE036A01016
RattanIndia Power Ltd.,RTNPOWER,Power,Power Generation/Distribution,NSE,INE399K01017
PTC India Ltd.,PTC,Power,Power Generation/Distribution,NSE,INE877F01012
Ravindra Energy Ltd.,RELTD,Power,Power Generation/Distribution,NSE,INE206N01018
BF Utilities Ltd.,BFUTILITIE,Power,Power Generation/Distribution,NSE,INE243D01012
Gujarat Industries Power Company Ltd.,GIPCL,Power,Power Generation/Distribution,NSE,INE162A01010
Orient Green Power Company Ltd.,GREENPOWER,Power,Power Generation/Distribution,NSE,INE999K01014
India Power Corporation Ltd.,DPSCLTD,Power,Power Generation/Distribution,NSE,INE360C01024
Urja Global Ltd.,URJA,Power,Power Generation/Distribution,NSE,INE550C01020
GVK Power & Infrastructure Ltd.,GVKPIL,Power,Power Generation/Distribution,NSE,INE251H01024
Surana Telecom And Power Ltd.,SURANAT&P,Power,Power Generation/Distribution,NSE,INE130B01031
Indowind Energy Ltd.,INDOWIND,Power,Power Generation/Distribution,NSE,INE227G01018
Energy Development Company Ltd.,ENERGYDEV,Power,Power Generation/Distribution,NSE,INE306C01019
Karma Energy Ltd.,KARMAENG,Power,Power Generation/Distribution,NSE,INE725L01011
Sungarner Energies Ltd.,SEL,Power,Power Generation/Distribution,NSE,INE0O3O01017
KKV Agro Powers Ltd.,KKVAPOW,Power,Power Generation/Distribution,NSE,INE239T01016
D.B. Corp Ltd.,DBCORP,Media & Entertainment,Printing And Publishing,NSE,INE950I01011
MPS Ltd.,MPSLTD,Media & Entertainment,Printing And Publishing,NSE,INE943D01017
Navneet Education Ltd.,NAVNETEDUL,Media & Entertainment,Printing And Publishing,NSE,INE060A01024
Jagran Prakashan Ltd.,JAGRAN,Media & Entertainment,Printing And Publishing,NSE,INE199G01027
The Sandesh Ltd.,SANDESH,Media & Entertainment,Printing And Publishing,NSE,INE583B01015
Repro India Ltd.,REPRO,Media & Entertainment,Printing And Publishing,NSE,INE461B01014
S Chand And Company Ltd.,SCHAND,Media & Entertainment,Printing And Publishing,NSE,INE807K01035
HT Media Ltd.,HTMEDIA,Media & Entertainment,Printing And Publishing,NSE,INE501G01024
Hindustan Media Ventures Ltd.,HMVL,Media & Entertainment,Printing And Publishing,NSE,INE871K01015
DJ Mediaprint & Logistics Ltd.,DJML,Media & Entertainment,Printing And Publishing,NSE,INE0B1K01014
Digicontent Ltd.,DGCONTENT,Media & Entertainment,Printing And Publishing,NSE,INE03JI01017
Sambhaav Media Ltd.,SAMBHAAV,Media & Entertainment,Printing And Publishing,NSE,INE699B01027
WOL 3D India Ltd.,WOL3D,Media & Entertainment,Printing And Publishing,NSE,INE0OO201011
Chetana Education Ltd.,CHETANA,Media & Entertainment,Printing And Publishing,NSE,INE0U1T01012
Diligent Media Corporation Ltd.,DNAMEDIA,Media & Entertainment,Printing And Publishing,NSE,INE016M01021
Next Mediaworks Ltd.,NEXTMEDIA,Media & Entertainment,Printing And Publishing,NSE,INE747B01016
DSJ Keep Learning Ltd.,KEEPLEARN,Media & Entertainment,Printing And Publishing,NSE,INE055C01020
Cyber Media (India) Ltd.,CYBERMEDIA,Media & Entertainment,Printing And Publishing,NSE,INE278G01037
Infomedia Press Ltd.,INFOMEDIA,Media & Entertainment,Printing And Publishing,NSE,INE669A01022
Cyber Media Research & Services Ltd.,CMRSL,Media & Entertainment,Printing And Publishing,NSE,INE075Z01011
Madhya Pradesh Today Media Ltd.,MPTODAY,Media & Entertainment,Printing And Publishing,NSE,INE105Y01019
SAB Events & Governance Now Media Ltd.,SABEVENTS,Media & Entertainment,Printing And Publishing,NSE,INE860T01019
DOMS Industries Ltd.,DOMS,Fast Moving Consumer Goods,Printing & Stationery,NSE,INE321T01012
Flair Writing Industries Ltd.,FLAIR,Fast Moving Consumer Goods,Printing & Stationery,NSE,INE00Y201027
Kokuyo Camlin Ltd.,KOKUYOCMLN,Fast Moving Consumer Goods,Printing & Stationery,NSE,INE760A01029
Linc Ltd.,LINC,Fast Moving Consumer Goods,Printing & Stationery,NSE,INE802B01027
Sundaram Multi Pap Ltd.,SUNDARAM,Fast Moving Consumer Goods,Printing & Stationery,NSE,INE108E01023
VASA Retail And Overseas Ltd.,VASA,Fast Moving Consumer Goods,Printing & Stationery,NSE,INE068Z01016
Urban Company Ltd.,URBANCO,Other,Professional Services,NSE,INE0CAZ01013
SIS Ltd.,SIS,Other,Professional Services,NSE,INE285J01028
TeamLease Services Ltd.,TEAMLEASE,Other,Professional Services,NSE,INE985S01024
BLS E-Services Ltd.,BLSE,Other,Professional Services,NSE,INE0NLT01010
Updater Services Ltd.,UDS,Other,Professional Services,NSE,INE851I01011
Bluspring Enterprises Ltd.,BLUSPRING,Other,Professional Services,NSE,INE0U4101014
Gretex Corporate Services Ltd.,GCSL,Other,Professional Services,NSE,INE199P01028
Krystal Integrated Services Ltd,KRYSTAL,Other,Professional Services,NSE,INE0QN801017
Kapston Services Ltd.,KAPSTON,Other,Professional Services,NSE,INE542Z01028
Clear Secured Services Ltd.,CSSL,Other,Professional Services,NSE,INE1EF801010
Integrated Personnel Services Ltd.,IPSL,Other,Professional Services,NSE,INE02EE01019
Spectrum Talent Management Ltd.,SPECTSTM,Other,Professional Services,NSE,INE0OL001018
DU Digital Global Ltd.,DUGLOBAL,Other,Professional Services,NSE,INE0HPK01020
EMA Partners India Ltd.,EMAPARTNER,Other,Professional Services,NSE,INE0ZOL01023
Aarvi Encon Ltd.,AARVI,Other,Professional Services,NSE,INE754X01016
Lloyds Luxuries Ltd.,LLOYDS,Other,Professional Services,NSE,INE0DTQ01028
Drone Destination Ltd.,DRONE,Other,Professional Services,NSE,INE0P7201019
KHFM Hospitality and Facility Management Services Ltd.,KHFM,Other,Professional Services,NSE,INE00UG01014
Matrix Geo Solutions Ltd.,MGSL,Other,Professional Services,NSE,INE132901013
Touchwood Entertainment Ltd.,TOUCHWOOD,Other,Professional Services,NSE,INE486Y01013
Marc Technocrats Ltd.,MARC,Other,Professional Services,NSE,INE0TD401015
Party Cruisers Ltd.,PARTYCRUS,Other,Professional Services,NSE,INE06ZX01015
Happy Square Outsourcing Services Ltd.,WHITEFORCE,Other,Professional Services,NSE,INE0TLP01015
Supreme Facility Management Ltd.,SFML,Other,Professional Services,NSE,INE0U6N01014
Service Care Ltd.,SERVICE,Other,Professional Services,NSE,INE0P1Q01015
Winny Immigration & Education Services Ltd.,WINNY,Other,Professional Services,NSE,INE0S9101013
Jupiter Wagons Ltd.,JWL,Automobile & Ancillaries,Railways Wagons,NSE,INE209L01016
Titagarh Rail Systems Ltd.,TITAGARH,Automobile & Ancillaries,Railways Wagons,NSE,INE615H01020
Texmaco Rail & Engineering Ltd.,TEXRAIL,Automobile & Ancillaries,Railways Wagons,NSE,INE621L01012
CRISIL Ltd.,CRISIL,Ratings,Ratings,NSE,INE007A01025
ICRA Ltd.,ICRA,Ratings,Ratings,NSE,INE725G01011
Care Ratings Ltd.,CARERATING,Ratings,Ratings,NSE,INE752H01013
Reliance Industries Ltd.,RELIANCE,Crude Oil,Refineries,NSE,INE002A01018
Indian Oil Corporation Ltd.,IOC,Crude Oil,Refineries,NSE,INE242A01010
Bharat Petroleum Corporation Ltd.,BPCL,Crude Oil,Refineries,NSE,INE029A01011
Hindustan Petroleum Corporation Ltd.,HINDPETRO,Crude Oil,Refineries,NSE,INE094A01015
Mangalore Refinery And Petrochemicals Ltd.,MRPL,Crude Oil,Refineries,NSE,INE103A01014
Chennai Petroleum Corporation Ltd.,CHENNPETRO,Crude Oil,Refineries,NSE,INE178A01016
Vesuvius India Ltd.,VESUVIUS,Capital Goods,Refractories,NSE,INE386A01023
RHI Magnesita India Ltd.,RHIM,Capital Goods,Refractories,NSE,INE743M01012
IFGL Refractories Ltd.,IFGLEXPOR,Capital Goods,Refractories,NSE,INE133Y01011
Monolithisch India Ltd.,MONOLITH,Capital Goods,Refractories,NSE,INE1DV401010
Orient Ceratech Ltd.,ORIENTCER,Capital Goods,Refractories,NSE,INE569C01020
Refractory Shapes Ltd.,REFRACTORY,Capital Goods,Refractories,NSE,INE0TNX01015
SP Refractories Ltd.,SPRL,Capital Goods,Refractories,NSE,INE0JW501011
Travel Food Services Ltd.,TRAVELFOOD,Hospitality,Restaurants,NSE,INE103V01028
Westlife Foodworld Ltd,WESTLIFE,Hospitality,Restaurants,NSE,INE274F01020
Restaurant Brands Asia Ltd.,RBA,Hospitality,Restaurants,NSE,INE07T201019
Coffee Day Enterprises Ltd.,COFFEEDAY,Hospitality,Restaurants,NSE,INE335K01011
United Foodbrands Ltd.,UFBL,Hospitality,Restaurants,NSE,INE382M01027
Speciality Restaurants Ltd.,SPECIALITY,Hospitality,Restaurants,NSE,INE247M01014
Avenue Supermarts Ltd.,DMART,Retailing,Retailing,NSE,INE192R01011
Trent Ltd.,TRENT,Retailing,Retailing,NSE,INE849A01020
Vishal Mega Mart Ltd.,VMM,Retailing,Retailing,NSE,INE01EA01019
Aditya Birla Lifestyle Brands Ltd.,ABLBL,Retailing,Retailing,NSE,INE14LE01019
Medplus Health Services Ltd.,MEDPLUS,Retailing,Retailing,NSE,INE804L01022
Aditya Birla Fashion and Retail Ltd.,ABFRL,Retailing,Retailing,NSE,INE647O01011
V2 Retail Ltd.,V2RETAIL,Retailing,Retailing,NSE,INE945H01013
Ethos Ltd.,ETHOSLTD,Retailing,Retailing,NSE,INE04TZ01018
Arvind Fashions Ltd.,ARVINDFASN,Retailing,Retailing,NSE,INE955V01021
Aditya Vision Ltd.,AVL,Retailing,Retailing,NSE,INE679V01027
V-Mart Retail Ltd.,VMART,Retailing,Retailing,NSE,INE665J01013
VIP Industries Ltd.,VIPIND,Retailing,Retailing,NSE,INE054A01027
Shoppers Stop Ltd.,SHOPERSTOP,Retailing,Retailing,NSE,INE498B01024
Electronics Mart India Ltd.,EMIL,Retailing,Retailing,NSE,INE02YR01019
Go Fashion (India) Ltd.,GOCOLORS,Retailing,Retailing,NSE,INE0BJS01011
Sai Silks (Kalamandir) Ltd.,KALAMANDIR,Retailing,Retailing,NSE,INE438K01021
Baazar Style Retail Ltd.,STYLEBAAZA,Retailing,Retailing,NSE,INE01FR01028
Patel Retail Ltd.,PATELRMART,Retailing,Retailing,NSE,INE0R8B01010
Brand Concepts Ltd.,BCONCEPTS,Retailing,Retailing,NSE,INE977Y01011
Purple United Sales Ltd.,PURPLEUTED,Retailing,Retailing,NSE,INE0P5R01014
Spencer's Retail Ltd.,SPENCERS,Retailing,Retailing,NSE,INE020801028
Khadim India Ltd.,KHADIM,Retailing,Retailing,NSE,INE834I01025
OSIA Hyper Retail Ltd.,OSIAHYPER,Retailing,Retailing,NSE,INE06IR01021
Rockingdeals Circular Economy Ltd.,ROCKINGDCE,Retailing,Retailing,NSE,INE0PTR01012
Womancart Ltd.,WOMANCART,Retailing,Retailing,NSE,INE0Q9601016
Jay Jalaram Technologies Ltd.,KORE,Retailing,Retailing,NSE,INE0J6801010
Indian Terrain Fashions Ltd.,INDTERRAIN,Retailing,Retailing,NSE,INE611L01021
Praxis Home Retail Ltd.,PRAXIS,Retailing,Retailing,NSE,INE546Y01022
Magson Retail & Distribution Ltd.,MAGSON,Retailing,Retailing,NSE,INE0O1S01012
Pro FX Tech Ltd.,PROFX,Retailing,Retailing,NSE,INE0VJT01017
Future Retail Ltd.,FRETAIL,Retailing,Retailing,NSE,INE752P01024
Digidrive Distributors Ltd.,DIGIDRIVE,Retailing,Retailing,NSE,INE0PSC01024
Fonebox Retail Ltd.,FONEBOX,Retailing,Retailing,NSE,INE0Q4701019
Future Consumer Ltd.,FCONSUMER,Retailing,Retailing,NSE,INE220J01025
Grill Splendour Services Ltd.,BIRDYS,Retailing,Retailing,NSE,INE0PC901019
On Door Concepts Ltd.,ONDOOR,Retailing,Retailing,NSE,INE00ER01015
Archies Ltd.,ARCHIES,Retailing,Retailing,NSE,INE731A01020
Bombay Metrics Supply Chain Ltd.,BMETRICS,Retailing,Retailing,NSE,INE0I3Y01014
Future Lifestyle Fashions Ltd.,FLFL,Retailing,Retailing,NSE,INE452O01016
Future Enterprises Ltd.,FEL,Retailing,Retailing,NSE,INE623B01027
Heads UP Ventures Ltd.,HEADSUP,Retailing,Retailing,NSE,INE759V01019
JHS Svendgaard Retail Ventures Ltd.,RETAIL,Retailing,Retailing,NSE,INE03DD01011
Future Enterprises Ltd.-B-DVR,FELDVR,Retailing,Retailing,NSE,IN9623B01058
Rockingdeals Circular Economy Ltd. - (Partly Paid-up Equity Shares on Rights),ROCKPP,Retailing,Retailing,NSE,#N/A
Pix Transmissions Ltd.,PIXTRANS,Agriculture,Rubber  Products,NSE,INE751B01018
Apcotex Industries Ltd.,APCOTEXIND,Agriculture,Rubber  Products,NSE,INE116A01032
Tinna Rubber And Infrastructure Ltd.,TINNARUBR,Agriculture,Rubber  Products,NSE,INE015C01016
GRP Ltd.,GRPLTD,Agriculture,Rubber  Products,NSE,INE137I01015
Rubfila International Ltd.,RUBFILA,Agriculture,Rubber  Products,NSE,INE642C01025
Elgi Rubber Company Ltd.,ELGIRUBCO,Agriculture,Rubber  Products,NSE,INE819L01012
Gayatri Rubbers and Chemicals Ltd.,GRCL,Agriculture,Rubber  Products,NSE,INE0LVM01018
Sampann Utpadan India Ltd.,SAMPANN,Agriculture,Rubber  Products,NSE,INE735M01018
Somi Conveyor Beltings Ltd.,SOMICONVEY,Agriculture,Rubber  Products,NSE,INE323J01019
Lead Reclaim And Rubber Products Ltd.,LRRPL,Agriculture,Rubber  Products,NSE,INE0H4B01011
Pentagon Rubber Ltd.,PENTAGON,Agriculture,Rubber  Products,NSE,INE0ORS01017
Mazagon Dock Shipbuilders Ltd.,MAZDOCK,Ship Building,Ship Building,NSE,INE249Z01020
Cochin Shipyard Ltd.,COCHINSHIP,Ship Building,Ship Building,NSE,INE704P01025
Garden Reach Shipbuilders & Engineers Ltd.,GRSE,Ship Building,Ship Building,NSE,INE382Z01011
Knowledge Marine & Engineering Works Ltd.,KMEW,Ship Building,Ship Building,NSE,INE0CJD01029
The Great Eastern Shipping Company Ltd.,GESHIP,Logistics,Shipping,NSE,INE017A01032
Shipping Corporation Of India Ltd.,SCI,Logistics,Shipping,NSE,INE109A01011
Swan Defence and Heavy Industries Ltd.,SWANDEF,Logistics,Shipping,NSE,INE542F01020
Shreeji Shipping Global Ltd.,SHREEJISPG,Logistics,Shipping,NSE,INE1B6101010
Dredging Corporation Of India Ltd.,DREDGECORP,Logistics,Shipping,NSE,INE506A01018
Seamec Ltd.,SEAMECLTD,Logistics,Shipping,NSE,INE497B01018
Shipping Corporation of India Land and Assets Ltd.,SCILAL,Logistics,Shipping,NSE,INE0PB301013
Essar Shipping Ltd.,ESSARSHPNG,Logistics,Shipping,NSE,INE122M01019
ABS Marine Services Ltd.,ABSMARINE,Logistics,Shipping,NSE,INE0QRV01016
Transworld Shipping Lines Ltd.,TRANSWORLD,Logistics,Shipping,NSE,INE757B01015
Sadhav Shipping Ltd.,SADHAV,Logistics,Shipping,NSE,INE0K5H01010
Arvind Port and Infra Ltd.,ARVINDPORT,Logistics,Shipping,NSE,INE0P4T01013
Deccan Transcon Leasing Ltd.,DECCANTRAN,Logistics,Shipping,NSE,INE0S7C01019
Gujarat Ambuja Exports Ltd.,GAEL,Agriculture,Solvent  Extraction,NSE,INE036B01030
Ramdevbaba Solvent Ltd.,RBS,Agriculture,Solvent  Extraction,NSE,INE0RJH01010
Shree Ram Proteins Ltd.,SRPL,Agriculture,Solvent  Extraction,NSE,INE008Z01020
Shanti Overseas (India) Ltd.,SHANTI,Agriculture,Solvent  Extraction,NSE,INE933X01016
JSW Steel Ltd.,JSWSTEEL,Iron & Steel,Steel & Iron Products,NSE,INE019A01038
Tata Steel Ltd.,TATASTEEL,Iron & Steel,Steel & Iron Products,NSE,INE081A01020
Jindal Stainless Ltd.,JSL,Iron & Steel,Steel & Iron Products,NSE,INE220G01021
Steel Authority Of India Ltd.,SAIL,Iron & Steel,Steel & Iron Products,NSE,INE114A01011
APL Apollo Tubes Ltd.,APLAPOLLO,Iron & Steel,Steel & Iron Products,NSE,INE702C01027
Shyam Metalics And Energy Ltd.,SHYAMMETL,Iron & Steel,Steel & Iron Products,NSE,INE810G01011
Welspun Corp Ltd.,WELCORP,Iron & Steel,Steel & Iron Products,NSE,INE191B01025
Sarda Energy & Minerals Ltd.,SARDAEN,Iron & Steel,Steel & Iron Products,NSE,INE385C01021
Godawari Power And Ispat Ltd.,GPIL,Iron & Steel,Steel & Iron Products,NSE,INE177H01039
Ratnamani Metals & Tubes Ltd.,RATNAMANI,Iron & Steel,Steel & Iron Products,NSE,INE703B01027
Usha Martin Ltd.,USHAMART,Iron & Steel,Steel & Iron Products,NSE,INE228A01035
Gallantt Ispat Ltd.,GALLANTT,Iron & Steel,Steel & Iron Products,NSE,INE297H01019
NMDC Steel Ltd.,NSLNISP,Iron & Steel,Steel & Iron Products,NSE,INE0NNS01018
Jindal Saw Ltd.,JINDALSAW,Iron & Steel,Steel & Iron Products,NSE,INE324A01032
Jayaswal Neco Industries Ltd.,JAYNECOIND,Iron & Steel,Steel & Iron Products,NSE,INE854B01010
Maharashtra Seamless Ltd.,MAHSEAMLES,Iron & Steel,Steel & Iron Products,NSE,INE271B01025
Mishra Dhatu Nigam Ltd.,MIDHANI,Iron & Steel,Steel & Iron Products,NSE,INE099Z01011
Surya Roshni Ltd.,SURYAROSNI,Iron & Steel,Steel & Iron Products,NSE,INE335A01020
Technocraft Industries (India) Ltd.,TIIL,Iron & Steel,Steel & Iron Products,NSE,INE545H01011
Bansal Wire Industries Ltd.,BANSALWIRE,Iron & Steel,Steel & Iron Products,NSE,INE0B9K01025
Sunflag Iron And Steel Company Ltd.,SUNFLAG,Iron & Steel,Steel & Iron Products,NSE,INE947A01014
Electrosteel Castings Ltd.,ELECTCAST,Iron & Steel,Steel & Iron Products,NSE,INE086A01029
Goodluck India Ltd.,GOODLUCK,Iron & Steel,Steel & Iron Products,NSE,INE127I01024
Kalyani Steels Ltd.,KSL,Iron & Steel,Steel & Iron Products,NSE,INE907A01026
Man Industries (India) Ltd.,MANINDS,Iron & Steel,Steel & Iron Products,NSE,INE993A01026
Sambhv Steel Tubes Ltd.,SAMBHV,Iron & Steel,Steel & Iron Products,NSE,INE12NJ01018
Vardhman Special Steels Ltd.,VSSL,Iron & Steel,Steel & Iron Products,NSE,INE050M01012
Pennar Industries Ltd.,PENIND,Iron & Steel,Steel & Iron Products,NSE,INE932A01024
Aeroflex Industries Ltd.,AEROFLEX,Iron & Steel,Steel & Iron Products,NSE,INE024001021
Prakash Industries Ltd.,PRAKASH,Iron & Steel,Steel & Iron Products,NSE,INE603A01013
Venus Pipes & Tubes Ltd.,VENUSPIPES,Iron & Steel,Steel & Iron Products,NSE,INE0JA001018
JTL Industries Ltd,JTLIND,Iron & Steel,Steel & Iron Products,NSE,INE391J01032
MSP Steel & Power Ltd.,MSPL,Iron & Steel,Steel & Iron Products,NSE,INE752G01015
Rhetan TMT Ltd.,RHETAN,Iron & Steel,Steel & Iron Products,NSE,INE0KKN01029
Mukand Ltd.,MUKANDLTD,Iron & Steel,Steel & Iron Products,NSE,INE304A01026
Hi-Tech Pipes Ltd.,HITECH,Iron & Steel,Steel & Iron Products,NSE,INE106T01025
Rama Steel Tubes Ltd.,RAMASTEEL,Iron & Steel,Steel & Iron Products,NSE,INE230R01035
Mahamaya Steel Industries Ltd.,MAHASTEEL,Iron & Steel,Steel & Iron Products,NSE,INE451L01014
Manaksia Coated Metals & Industries Ltd.,MANAKCOAT,Iron & Steel,Steel & Iron Products,NSE,INE830Q01018
Electrotherm (India) Ltd.,ELECTHERM,Iron & Steel,Steel & Iron Products,NSE,INE822G01016
Hariom Pipe Industries Ltd.,HARIOMPIPE,Iron & Steel,Steel & Iron Products,NSE,INE00EV01017
Ratnaveer Precision Engineering Ltd.,RATNAVEER,Iron & Steel,Steel & Iron Products,NSE,INE05CZ01011
Scoda Tubes Ltd.,SCODATUBES,Iron & Steel,Steel & Iron Products,NSE,INE090501011
Gandhi Special Tubes Ltd.,GANDHITUBE,Iron & Steel,Steel & Iron Products,NSE,INE524B01027
Mangalam Worldwide Ltd.,MWL,Iron & Steel,Steel & Iron Products,NSE,INE0JYY01011
Kamdhenu Ltd.,KAMDHENU,Iron & Steel,Steel & Iron Products,NSE,INE390H01020
Visa Steel Ltd.,VISASTEEL,Iron & Steel,Steel & Iron Products,NSE,INE286H01012
Manaksia Steels Ltd.,MANAKSTEEL,Iron & Steel,Steel & Iron Products,NSE,INE824Q01011
Suraj Ltd.,SURAJLTD,Iron & Steel,Steel & Iron Products,NSE,INE713C01016
Shah Metacorp Ltd.,SHAH,Iron & Steel,Steel & Iron Products,NSE,INE482J01021
Vraj Iron & Steel Ltd.,VRAJ,Iron & Steel,Steel & Iron Products,NSE,INE0S2V01010
Bedmutha Industries Ltd.,BEDMUTHA,Iron & Steel,Steel & Iron Products,NSE,INE844K01012
Geekay Wires Ltd.,GEEKAYWIRE,Iron & Steel,Steel & Iron Products,NSE,INE669X01032
D.P. Wires Ltd.,DPWIRES,Iron & Steel,Steel & Iron Products,NSE,INE864X01013
Oil Country Tubular Ltd.,OILCOUNTUB,Iron & Steel,Steel & Iron Products,NSE,INE591A01010
Krishca Strapping Solutions Ltd.,KRISHCA,Iron & Steel,Steel & Iron Products,NSE,INE0NR701018
Rudra Global Infra Products Ltd.,RUDRA,Iron & Steel,Steel & Iron Products,NSE,INE027T01023
Shankara Building Products Ltd.,SHANKARA,Iron & Steel,Steel & Iron Products,NSE,INE274V01019
VMS TMT Ltd.,VMSTMT,Iron & Steel,Steel & Iron Products,NSE,INE0SJA01013
Vibhor Steel Tubes Ltd.,VSTL,Iron & Steel,Steel & Iron Products,NSE,INE0QTF01015
PS Raj Steels Ltd.,PSRAJ,Iron & Steel,Steel & Iron Products,NSE,INE0XUS01012
Kritika Wires Ltd.,KRITIKA,Iron & Steel,Steel & Iron Products,NSE,INE00Z501029
Incredible Industries Ltd.,INCREDIBLE,Iron & Steel,Steel & Iron Products,NSE,INE452L01012
Shah Alloys Ltd.,SHAHALLOYS,Iron & Steel,Steel & Iron Products,NSE,INE640C01011
Mangalam Alloys Ltd.,MAL,Iron & Steel,Steel & Iron Products,NSE,INE00C401011
Sarthak Metals Ltd.,SMLT,Iron & Steel,Steel & Iron Products,NSE,INE017W01010
Prakash Steelage Ltd.,PRAKASHSTL,Iron & Steel,Steel & Iron Products,NSE,INE696K01024
Zenith Steel Pipes & Industries Ltd.,ZENITHSTL,Iron & Steel,Steel & Iron Products,NSE,INE318D01020
Surani Steel Tubes Ltd.,SURANI,Iron & Steel,Steel & Iron Products,NSE,INE01ZJ01015
Hisar Metal Industries Ltd.,HISARMETAL,Iron & Steel,Steel & Iron Products,NSE,INE598C01011
Abha Power And Steel Ltd.,ABHAPOWER,Iron & Steel,Steel & Iron Products,NSE,INE0UYG01015
Aditya Ultra Steel Ltd.,AUSL,Iron & Steel,Steel & Iron Products,NSE,INE01YQ01013
Swastik Pipes Ltd.,SWASTIK,Iron & Steel,Steel & Iron Products,NSE,INE0DGC01025
NewMalayalam Steel Ltd.,NMSTEEL,Iron & Steel,Steel & Iron Products,NSE,INE0TP801012
Shri Kanha Stainless Ltd.,SHRIKANHA,Iron & Steel,Steel & Iron Products,NSE,INE1V4601019
Deem Roll-Tech Ltd.,DEEM,Iron & Steel,Steel & Iron Products,NSE,INE586O01011
Kridhan Infra Ltd.,KRIDHANINF,Iron & Steel,Steel & Iron Products,NSE,INE524L01026
Grand Foundry Ltd.,GFSTEELS,Iron & Steel,Steel & Iron Products,NSE,INE534A01028
Kalana Ispat Ltd.,KALANA,Iron & Steel,Steel & Iron Products,NSE,INE0T0L01014
Supreme Engineering Ltd.,SUPREMEENG,Iron & Steel,Steel & Iron Products,NSE,INE319Z01021
Ankit Metal & Power Ltd.,ANKITMETAL,Iron & Steel,Steel & Iron Products,NSE,INE106I01010
Excellent Wires And Packaging Ltd.,EXCELLENT,Iron & Steel,Steel & Iron Products,NSE,INE0Y4801011
Quality Foils (India) Ltd.,QFIL,Iron & Steel,Steel & Iron Products,NSE,INE0O1M01015
Jindal Steel Ltd.,JINDALSTEL,Iron & Steel,Steel/Sponge Iron/Pig Iron,NSE,INE749A01030
Lloyds Metals & Energy Ltd.,LLOYDSME,Iron & Steel,Steel/Sponge Iron/Pig Iron,NSE,INE281B01032
Jai Balaji Industries Ltd.,JAIBALAJI,Iron & Steel,Steel/Sponge Iron/Pig Iron,NSE,INE091G01026
Steel Exchange India Ltd.,STEELXIND,Iron & Steel,Steel/Sponge Iron/Pig Iron,NSE,INE503B01021
SAL Steel Ltd.,SALSTEEL,Iron & Steel,Steel/Sponge Iron/Pig Iron,NSE,INE658G01014
Chaman Metallics Ltd.,CMNL,Iron & Steel,Steel/Sponge Iron/Pig Iron,NSE,INE06PV01010
Vaswani Industries Ltd.,VASWANI,Iron & Steel,Steel/Sponge Iron/Pig Iron,NSE,INE590L01019
Shri Hare-Krishna Sponge Iron Ltd.,SHKSIL,Iron & Steel,Steel/Sponge Iron/Pig Iron,NSE,INE0NON01025
E.I.D. - Parry (India) Ltd.,EIDPARRY,Agriculture,Sugar,NSE,INE126A01031
Balrampur Chini Mills Ltd.,BALRAMCHIN,Agriculture,Sugar,NSE,INE119A01028
Triveni Engineering & Industries Ltd.,TRIVENI,Agriculture,Sugar,NSE,INE256C01024
Shree Renuka Sugars Ltd.,RENUKA,Agriculture,Sugar,NSE,INE087H01022
Bannari Amman Sugars Ltd.,BANARISUG,Agriculture,Sugar,NSE,INE459A01010
M.V.K. Agro Food Product Ltd.,MVKAGRO,Agriculture,Sugar,NSE,INE0SGC01015
Dalmia Bharat Sugar And Industries Ltd.,DALMIASUG,Agriculture,Sugar,NSE,INE495A01022
Bajaj Hindusthan Sugar Ltd.,BAJAJHIND,Agriculture,Sugar,NSE,INE306A01021
Godavari Biorefineries Ltd.,GODAVARIB,Agriculture,Sugar,NSE,INE497S01012
Uttam Sugar Mills Ltd.,UTTAMSUGAR,Agriculture,Sugar,NSE,INE786F01031
Zuari Industries Ltd.,ZUARIIND,Agriculture,Sugar,NSE,INE217A01012
Dhampur Sugar Mills Ltd.,DHAMPURSUG,Agriculture,Sugar,NSE,INE041A01016
DCM Shriram Industries Ltd.,DCMSRIND,Agriculture,Sugar,NSE,INE843D01027
Avadh Sugar & Energy Ltd.,AVADHSUGAR,Agriculture,Sugar,NSE,INE349W01017
Magadh Sugar & Energy Ltd.,MAGADSUGAR,Agriculture,Sugar,NSE,INE347W01011
Dwarikesh Sugar Industries Ltd.,DWARKESH,Agriculture,Sugar,NSE,INE366A01041
Dhampur Bio Organics Ltd.,DBOL,Agriculture,Sugar,NSE,INE0I3401014
Davangere Sugar Company Ltd.,DAVANGERE,Agriculture,Sugar,NSE,INE179G01029
The Ugar Sugar Works Ltd.,UGARSUGAR,Agriculture,Sugar,NSE,INE071E01023
Mawana Sugars Ltd.,MAWANASUG,Agriculture,Sugar,NSE,INE636A01039
K.C.P. Sugar And Industries Corporation Ltd.,KCPSUGIND,Agriculture,Sugar,NSE,INE790B01024
K.M. Sugar Mills Ltd.,KMSUGAR,Agriculture,Sugar,NSE,INE157H01023
Ponni Sugars (Erode) Ltd.,PONNIERODE,Agriculture,Sugar,NSE,INE838E01017
Kothari Sugars And Chemicals Ltd.,KOTARISUG,Agriculture,Sugar,NSE,INE419A01022
Sakthi Sugars Ltd.,SAKHTISUG,Agriculture,Sugar,NSE,INE623A01011
Rana Sugars Ltd.,RANASUG,Agriculture,Sugar,NSE,INE625B01014
Dollex Agrotech Ltd.,DOLLEX,Agriculture,Sugar,NSE,INE0JHH01011
Vishwaraj Sugar Industries Ltd.,VISHWARAJ,Agriculture,Sugar,NSE,INE430N01022
Rajshree Sugars & Chemicals Ltd.,RAJSREESUG,Agriculture,Sugar,NSE,INE562B01019
Prudential Sugar Corporation Ltd.,PRUDMOULI,Agriculture,Sugar,NSE,INE024D01016
Simbhaoli Sugars Ltd.,SIMBHALS,Agriculture,Sugar,NSE,INE748T01016
Tata Consumer Products Ltd.,TATACONSUM,Agriculture,Tea/Coffee,NSE,INE192A01025
CCL Products (India) Ltd.,CCL,Agriculture,Tea/Coffee,NSE,INE421D01022
Mcleod Russel India Ltd.,MCLEODRUSS,Agriculture,Tea/Coffee,NSE,INE942G01012
The Peria Karamalai Tea And Produce Company Ltd.,PKTEA,Agriculture,Tea/Coffee,NSE,INE431F01018
Jay Shree Tea & Industries Ltd.,JAYSREETEA,Agriculture,Tea/Coffee,NSE,INE364A01020
The United Nilgiri Tea Estates Company Ltd.,UNITEDTEA,Agriculture,Tea/Coffee,NSE,INE458F01011
Rossell India Ltd.,ROSSELLIND,Agriculture,Tea/Coffee,NSE,INE847C01020
Dhunseri Tea & Industries Ltd.,DTIL,Agriculture,Tea/Coffee,NSE,INE341R01014
Norben Tea & Exports Ltd.,NORBTEAEXP,Agriculture,Tea/Coffee,NSE,INE369C01017
The Grob Tea Company Ltd.,GROBTEA,Agriculture,Tea/Coffee,NSE,INE646C01018
HFCL Ltd.,HFCL,Telecom,Telecom-Infrastructure,NSE,INE548A01028
Pace Digitek Ltd.,PACEDIGITK,Telecom,Telecom-Infrastructure,NSE,INE0S3G01027
Vindhya Telelinks Ltd.,VINDHYATEL,Telecom,Telecom-Infrastructure,NSE,INE707A01012
GTL Infrastructure Ltd.,GTLINFRA,Telecom,Telecom-Infrastructure,NSE,INE221H01019
STL Networks Ltd.,STLNETWORK,Telecom,Telecom-Infrastructure,NSE,INE1VXE01018
ITI Ltd.,ITI,Telecom,Telecommunication - Equipment,NSE,INE248A01017
Black Box Ltd.,BBOX,Telecom,Telecommunication - Equipment,NSE,INE676A01027
Tejas Networks Ltd.,TEJASNET,Telecom,Telecommunication - Equipment,NSE,INE010J01012
Suyog Telematics Ltd.,SUYOG,Telecom,Telecommunication - Equipment,NSE,INE442P01014
Kavveri Defence & Wireless Technologies Ltd.,KAVDEFENCE,Telecom,Telecommunication - Equipment,NSE,INE641C01019
Frog Innovations Ltd.,FROG,Telecom,Telecommunication - Equipment,NSE,INE385O01018
Uniinfo Telecom Services Ltd.,UNIINFO,Telecom,Telecommunication - Equipment,NSE,INE481Z01011
Shyam Telecom Ltd.,SHYAMTEL,Telecom,Telecommunication - Equipment,NSE,INE635A01023
Bharti Airtel Ltd.,BHARTIARTL,Telecom,Telecommunication - Service  Provider,NSE,INE397D01024
Vodafone Idea Ltd.,IDEA,Telecom,Telecommunication - Service  Provider,NSE,INE669E01016
Indus Towers Ltd.,INDUSTOWER,Telecom,Telecommunication - Service  Provider,NSE,INE121J01017
Bharti Hexacom Ltd.,BHARTIHEXA,Telecom,Telecommunication - Service  Provider,NSE,INE343G01021
Tata Communications Ltd.,TATACOMM,Telecom,Telecommunication - Service  Provider,NSE,INE151A01013
Railtel Corporation Of India Ltd.,RAILTEL,Telecom,Telecommunication - Service  Provider,NSE,INE0DD101019
Tata Teleservices (Maharashtra) Ltd.,TTML,Telecom,Telecommunication - Service  Provider,NSE,INE517B01013
Mahanagar Telephone Nigam Ltd.,MTNL,Telecom,Telecommunication - Service  Provider,NSE,INE153A01019
Hathway Cable & Datacom Ltd.,HATHWAY,Telecom,Telecommunication - Service  Provider,NSE,INE982F01036
Sar Televenture Ltd.,SARTELE,Telecom,Telecommunication - Service  Provider,NSE,INE0PUC01020
Reliance Communications Ltd.,RCOM,Telecom,Telecommunication - Service  Provider,NSE,INE330H01018
Kore Digital Ltd.,KDL,Telecom,Telecommunication - Service  Provider,NSE,INE0O4R01018
GTL Ltd.,GTL,Telecom,Telecommunication - Service  Provider,NSE,INE043A01012
Rama Telecom Ltd.,RTL,Telecom,Telecommunication - Service  Provider,NSE,INE14W901010
Accord Synergy Ltd.,ACCORD,Telecom,Telecommunication - Service  Provider,NSE,INE113X01015
Page Industries Ltd.,PAGEIND,Textile,Textile,NSE,INE761H01022
K.P.R. Mill Ltd.,KPRMILL,Textile,Textile,NSE,INE930H01031
Swan Corp Ltd.,SWANCORP,Textile,Textile,NSE,INE665A01038
Vedant Fashions Ltd.,MANYAVAR,Textile,Textile,NSE,INE825V01034
Vardhman Textiles Ltd.,VTL,Textile,Textile,NSE,INE825A01020
Welspun Living Ltd.,WELSPUNLIV,Textile,Textile,NSE,INE192B01031
Arvind Ltd.,ARVIND,Textile,Textile,NSE,INE034A01011
Alok Industries Ltd.,ALOKINDS,Textile,Textile,NSE,INE270A01029
Pearl Global Industries Ltd.,PGIL,Textile,Textile,NSE,INE940H01022
Garware Technical Fibres Ltd.,GARFIBRES,Textile,Textile,NSE,INE276A01018
Raymond Lifestyle Ltd.,RAYMONDLSL,Textile,Textile,NSE,INE02ID01020
Gokaldas Exports Ltd.,GOKEX,Textile,Textile,NSE,INE887G01027
Indo Count Industries Ltd.,ICIL,Textile,Textile,NSE,INE483B01026
Kitex Garments Ltd.,KITEX,Textile,Textile,NSE,INE602G01020
Lux Industries Ltd.,LUXIND,Textile,Textile,NSE,INE150G01020
Kewal Kiran Clothing Ltd.,KKCL,Textile,Textile,NSE,INE401H01017
Jindal Worldwide Ltd.,JINDWORLD,Textile,Textile,NSE,INE247D01039
Bombay Dyeing And Manufacturing Company Ltd.,BOMDYEING,Textile,Textile,NSE,INE032A01023
Sangam (India) Ltd.,SANGAMIND,Textile,Textile,NSE,INE495C01010
Jindal Poly Films Ltd.,JINDALPOLY,Textile,Textile,NSE,INE197D01010
Cantabil Retail India Ltd.,CANTABIL,Textile,Textile,NSE,INE068L01024
Dollar Industries Ltd.,DOLLAR,Textile,Textile,NSE,INE325C01035
S.P. Apparels Ltd.,SPAL,Textile,Textile,NSE,INE212I01016
Himatsingka Seide Ltd.,HIMATSEIDE,Textile,Textile,NSE,INE049A01027
Monte Carlo Fashions Ltd.,MONTECARLO,Textile,Textile,NSE,INE950M01013
SBC Exports Ltd.,SBC,Textile,Textile,NSE,INE04AK01028
Rupa & Company Ltd.,RUPA,Textile,Textile,NSE,INE895B01021
R&B Denims Ltd.,RNBDENIMS,Textile,Textile,NSE,INE012Q01021
Sportking India Ltd.,SPORTKING,Textile,Textile,NSE,INE885H01029
Faze Three Ltd.,FAZE3Q,Textile,Textile,NSE,INE963C01033
AYM Syntex Ltd.,AYMSYNTEX,Textile,Textile,NSE,INE193B01039
Century Enka Ltd.,CENTENKA,Textile,Textile,NSE,INE485A01015
AB Cotspin India Ltd.,ABCOTS,Textile,Textile,NSE,INE08PH01015
Borana Weaves Ltd.,BORANA,Textile,Textile,NSE,INE16SF01016
The Ruby Mills Ltd.,RUBYMILLS,Textile,Textile,NSE,INE301D01026
Karnika Industries Ltd.,KARNIKA,Textile,Textile,NSE,INE0MGA01012
Iris Clothings Ltd.,IRISDOREME,Textile,Textile,NSE,INE01GN01025
RSWM Ltd.,RSWM,Textile,Textile,NSE,INE611A01016
Gloster Ltd.,GLOSTERLTD,Textile,Textile,NSE,INE350Z01018
Cheviot Company Ltd.,CHEVIOT,Textile,Textile,NSE,INE974B01016
Swaraj Suiting Ltd.,SWARAJ,Textile,Textile,NSE,INE0GMR01016
Orbit Exports Ltd.,ORBTEXP,Textile,Textile,NSE,INE231G01010
Bella Casa Fashion & Retail Ltd.,BELLACASA,Textile,Textile,NSE,INE344T01014
Donear Industries Ltd.,DONEAR,Textile,Textile,NSE,INE668D01028
Thomas Scott (India) Ltd.,THOMASCOTT,Textile,Textile,NSE,INE480M01011
Axita Cotton Ltd.,AXITA,Textile,Textile,NSE,INE02EZ01022
Soma Textiles & Industries Ltd.,SOMATEX,Textile,Textile,NSE,INE314C01013
Nandan Denim Ltd.,NDL,Textile,Textile,NSE,INE875G01048
Shree Karni Fabcom Ltd.,SHREEKARNI,Textile,Textile,NSE,INE0S4Y01010
Spunweb Nonwoven Ltd.,SPUNWEB,Textile,Textile,NSE,INE19QH01010
VIP Clothing Ltd.,VIPCLOTHNG,Textile,Textile,NSE,INE450G01024
Vardhman Polytex Ltd.,VARDMNPOLY,Textile,Textile,NSE,INE835A01029
Filatex Fashions Ltd.,FILATFASH,Textile,Textile,NSE,INE185E01021
Ecoline Exim Ltd.,ECOLINE,Textile,Textile,NSE,INE0VBS01016
DCM Nouvelle Ltd.,DCMNVL,Textile,Textile,NSE,INE08KP01019
CPS Shapers Ltd.,CPS,Textile,Textile,NSE,INE0QBU01012
Zodiac Clothing Company Ltd.,ZODIACLOTH,Textile,Textile,NSE,INE206B01013
Forcas Studio Ltd.,FORCAS,Textile,Textile,NSE,INE0U2501017
T.T. Ltd.,TTL,Textile,Textile,NSE,INE592B01024
Mahalaxmi Rubtech Ltd.,MHLXMIRU,Textile,Textile,NSE,INE112D01035
Avi Ansh Textile Ltd.,AVIANSH,Textile,Textile,NSE,INE0TFB01017
Lorenzini Apparels Ltd.,LAL,Textile,Textile,NSE,INE740X01023
SD Retail Ltd.,SDREAMS,Textile,Textile,NSE,INE0X6F01017
Shri Techtex Ltd.,SHRITECH,Textile,Textile,NSE,INE0OMF01015
Weizmann Ltd.,WEIZMANIND,Textile,Textile,NSE,INE080A01014
NR Vandana Tex Industries Ltd.,NRVANDANA,Textile,Textile,NSE,INE104101014
Lagnam Spintex Ltd.,LAGNAM,Textile,Textile,NSE,INE548Z01017
Globe Enterprises (India) Ltd.,GLOBE,Textile,Textile,NSE,INE581X01021
Lovable Lingerie Ltd.,LOVABLE,Textile,Textile,NSE,INE597L01014
Zenith Exports Ltd.,ZENITHEXPO,Textile,Textile,NSE,INE058B01018
SEL Manufacturing Company Ltd.,SELMC,Textile,Textile,NSE,INE105I01020
Suryalakshmi Cotton Mills Ltd.,SURYALAXMI,Textile,Textile,NSE,INE713B01026
Ken Enterprises Ltd.,KEN,Textile,Textile,NSE,INE15DO01012
Kaytex Fabrics Ltd.,KAYTEX,Textile,Textile,NSE,INE13ZD01013
Loyal Textile Mills Ltd.,LOYALTEX,Textile,Textile,NSE,INE970D01010
Fiberweb (India) Ltd.,FIBERWEB,Textile,Textile,NSE,INE296C01020
SPL Industries Ltd.,SPLIL,Textile,Textile,NSE,INE978G01016
Bhandari Hosiery Exports Ltd.,BHANDARI,Textile,Textile,NSE,INE474E01029
Silky Overseas Ltd.,SILKY,Textile,Textile,NSE,INE0SN801015
Veekayem Fashion And Apparels Ltd.,VEEKAYEM,Textile,Textile,NSE,INE0KTW01013
Cedaar Textile Ltd.,CEDAAR,Textile,Textile,NSE,INE11J101017
Mohini Health & Hygiene Ltd.,MHHL,Textile,Textile,NSE,INE450S01011
Jakharia Fabric Ltd.,JAKHARIA,Textile,Textile,NSE,INE00N401018
Bang Overseas Ltd.,BANG,Textile,Textile,NSE,INE863I01016
Vinny Overseas Ltd.,VINNY,Textile,Textile,NSE,INE01KI01027
Nandani Creation Ltd.,JAIPURKURT,Textile,Textile,NSE,INE696V01013
Celebrity Fashions Ltd.,CELEBRITY,Textile,Textile,NSE,INE185H01016
SVP Global Textiles Ltd.,SVPGLOB,Textile,Textile,NSE,INE308E01029
Shiva Mills Ltd.,SHIVAMILLS,Textile,Textile,NSE,INE644Y01017
Flexituff Ventures International Ltd.,FLEXITUFF,Textile,Textile,NSE,INE060J01017
Signoria Creation Ltd.,SIGNORIA,Textile,Textile,NSE,INE0RDE01010
Mohit Industries Ltd.,MOHITIND,Textile,Textile,NSE,INE954E01012
Akshar Spintex Ltd.,AKSHAR,Textile,Textile,NSE,INE256Z01025
Jet Knitwears Ltd.,JETKNIT,Textile,Textile,NSE,INE564T01017
Eastern Silk Industries Ltd.,EASTSILK,Textile,Textile,NSE,INE962C01035
Paramount Dye Tec Ltd.,PARAMOUNT,Textile,Textile,NSE,INE0TG801013
STL Global Ltd.,SGL,Textile,Textile,NSE,INE353H01010
Vera Synthetic Ltd.,VERA,Textile,Textile,NSE,INE709Z01015
Libas Consumer Products Ltd.,LIBAS,Textile,Textile,NSE,INE908V01012
Neelam Linens and Garments (India) Ltd.,NEELAM,Textile,Textile,NSE,INE0N1401016
Mahalaxmi Fabric Mills Ltd.,MFML,Textile,Textile,NSE,INE0US801024
Visagar Polytex Ltd.,VIVIDHA,Textile,Textile,NSE,INE370E01029
Jiwanram Sheoduttrai Industries Ltd.,JIWANRAM,Textile,Textile,NSE,INE0N5H01017
Alps Industries Ltd.,ALPSINDUS,Textile,Textile,NSE,INE093B01015
Globale Tessile Ltd.,GLOBALE,Textile,Textile,NSE,INE0URU01010
Suumaya Industries Ltd.,SUULD,Textile,Textile,NSE,#N/A
Kalahridhaan Trendz Ltd.,KTL,Textile,Textile,NSE,#N/A
Sahaj Fashions Ltd.,SAHAJ,Textile,Textile,NSE,#N/A
Bannari Amman Spinning Mills Ltd. - (BASML-RE1),BASML-RE1,Textile,Textile,NSE,INE186H20022
LMW Ltd.,LMW,Textile,Textile - Machinery,NSE,INE269B01029
Indian Card Clothing Company Ltd.,INDIANCARD,Textile,Textile - Machinery,NSE,INE061A01014
Ganesha Ecosphere Ltd.,GANECOS,Textile,Textile - Manmade  Fibres,NSE,INE845D01014
Raj Rayon Industries Ltd.,RAJRILTD,Textile,Textile - Manmade  Fibres,NSE,INE533D01032
Indo Rama Synthetics (India) Ltd.,INDORAMA,Textile,Textile - Manmade  Fibres,NSE,INE156A01020
Sarla Performance Fibers Ltd.,SARLAPOLY,Textile,Textile - Manmade  Fibres,NSE,INE453D01025
Pasupati Acrylon Ltd.,PASUPTAC,Textile,Textile - Manmade  Fibres,NSE,INE818B01023
Banswara Syntex Ltd.,BANSWRAS,Textile,Textile - Manmade  Fibres,NSE,INE629D01020
Vardhman Acrylics Ltd.,VARDHACRLC,Textile,Textile - Manmade  Fibres,NSE,INE116G01013
Paras Petrofils Ltd.,PARASPETRO,Textile,Textile - Manmade  Fibres,NSE,INE162C01024
Divyadhan Recycling Industries Ltd.,DIVYADHAN,Textile,Textile - Manmade  Fibres,NSE,INE0QYI01019
Trident Ltd.,TRIDENT,Textile,Textile - Spinning,NSE,INE064C01022
Sanathan Textiles Ltd.,SANATHAN,Textile,Textile - Spinning,NSE,INE0JPD01013
Filatex India Ltd.,FILATEX,Textile,Textile - Spinning,NSE,INE816B01035
Nitin Spinners Ltd.,NITINSPIN,Textile,Textile - Spinning,NSE,INE229H01012
Sumeet Industries Ltd.,SUMEETINDS,Textile,Textile - Spinning,NSE,INE235C01036
Pashupati Cotspin Ltd.,PASHUPATI,Textile,Textile - Spinning,NSE,INE124Y01010
Ambika Cotton Mills Ltd.,AMBIKCO,Textile,Textile - Spinning,NSE,INE540G01014
Nahar Spinning Mills Ltd.,NAHARSPING,Textile,Textile - Spinning,NSE,INE290A01027
GHCL Textiles Ltd.,GHCLTEXTIL,Textile,Textile - Spinning,NSE,INE0PA801013
Sutlej Textiles And Industries Ltd.,SUTLEJTEX,Textile,Textile - Spinning,NSE,INE645H01027
Precot Ltd.,PRECOT,Textile,Textile - Spinning,NSE,INE283A01014
Nahar Industrial Enterprises Ltd.,NAHARINDUS,Textile,Textile - Spinning,NSE,INE289A01011
Ginni Filaments Ltd.,GINNIFILA,Textile,Textile - Spinning,NSE,INE424C01010
Shiva Texyarn Ltd.,SHIVATEX,Textile,Textile - Spinning,NSE,INE705C01020
Bannari Amman Spinning Mills Ltd.,BASML,Textile,Textile - Spinning,NSE,INE186H01022
Maral Overseas Ltd.,MARALOVER,Textile,Textile - Spinning,NSE,INE882A01013
DCM Ltd.,DCM,Textile,Textile - Spinning,NSE,INE498A01018
Modern Threads (India) Ltd.,MODTHREAD,Textile,Textile - Spinning,NSE,INE794W01014
Salona Cotspin Ltd.,SALONA,Textile,Textile - Spinning,NSE,INE498E01010
Lambodhara Textiles Ltd.,LAMBODHARA,Textile,Textile - Spinning,NSE,INE112F01022
Reliance Chemotex Industries Ltd.,RELCHEMQ,Textile,Textile - Spinning,NSE,INE750D01016
Pioneer Embroideries Ltd.,PIONEEREMB,Textile,Textile - Spinning,NSE,INE156C01018
Nagreeka Exports Ltd.,NAGREEKEXP,Textile,Textile - Spinning,NSE,INE123B01028
Siddhi Cotspin Ltd.,SIDDHICOTS,Textile,Textile - Spinning,NSE,INE0SVO01019
Damodar Industries Ltd.,DAMODARIND,Textile,Textile - Spinning,NSE,INE497D01022
Shekhawati Industries Ltd.,SHEKHAWATI,Textile,Textile - Spinning,NSE,INE268L01046
Super Spinning Mills Ltd.,SUPERSPIN,Textile,Textile - Spinning,NSE,INE662A01027
Laxmi Cotspin Ltd.,LAXMICOT,Textile,Textile - Spinning,NSE,INE801V01019
Eurotex Industries And Exports Ltd.,EUROTEXIND,Textile,Textile - Spinning,NSE,INE022C01012
Winsome Yarns Ltd.,WINSOME,Textile,Textile - Spinning,NSE,INE784B01035
Rajvir Industries Ltd.,RAJVIR,Textile,Textile - Spinning,NSE,INE011H01014
Gangotri Textiles Ltd.,GANGOTRI,Textile,Textile - Spinning,NSE,INE670B01028
Siyaram Silk Mills Ltd.,SIYSIL,Textile,Textile - Weaving,NSE,INE076B01028
United Polyfab Gujarat Ltd.,UNITEDPOLY,Textile,Textile - Weaving,NSE,INE368U01029
Varvee Global Ltd.,VGL,Textile,Textile - Weaving,NSE,INE273D01019
Manomay Tex India Ltd.,MANOMAY,Textile,Textile - Weaving,NSE,INE784W01015
BSL Ltd.,BSL,Textile,Textile - Weaving,NSE,INE594B01012
Morarjee Textiles Ltd.,MORARJEE,Textile,Textile - Weaving,NSE,INE161G01027
Adani Enterprises Ltd.,ADANIENT,Trading,Trading,NSE,INE423A01024
Premier Energies Ltd.,PREMIERENE,Trading,Trading,NSE,INE0BS701011
Aegis Logistics Ltd.,AEGISLOG,Trading,Trading,NSE,INE208C01025
Redington Ltd.,REDINGTON,Trading,Trading,NSE,INE891D01026
Aditya Infotech Ltd.,CPPLUS,Trading,Trading,NSE,INE819V01029
Cello World Ltd.,CELLO,Trading,Trading,NSE,INE0LMW01024
MMTC Ltd.,MMTC,Trading,Trading,NSE,INE123F01029
Lloyds Enterprises Ltd.,LLOYDSENT,Trading,Trading,NSE,INE080I01025
Honasa Consumer Ltd.,HONASA,Trading,Trading,NSE,INE0J5401028
Jeena Sikho Lifecare Ltd.,JSLL,Trading,Trading,NSE,INE0J5801029
Symphony Ltd.,SYMPHONY,Trading,Trading,NSE,INE225D01027
PDS Ltd.,PDSL,Trading,Trading,NSE,INE111Q01021
SG Mart Ltd.,SGMART,Trading,Trading,NSE,INE385F01024
Optiemus Infracom Ltd.,OPTIEMUS,Trading,Trading,NSE,INE350C01017
Entero Healthcare Solutions Ltd.,ENTERO,Trading,Trading,NSE,INE010601016
GNG Electronics Ltd.,EBGNG,Trading,Trading,NSE,INE18JU01028
SIRCA Paints India Ltd.,SIRCA,Trading,Trading,NSE,INE792Z01011
Fischer Medical Ventures Ltd.,FISCHER,Trading,Trading,NSE,INE771F01041
Rashi Peripherals Ltd.,RPTECH,Trading,Trading,NSE,INE0J1F01024
Vintage Coffee & Beverages Ltd.,VINCOFE,Trading,Trading,NSE,INE498Q01014
Orient Technologies Ltd.,ORIENTTECH,Trading,Trading,NSE,INE0PPK01015
India Motor Parts & Accessories Ltd.,IMPAL,Trading,Trading,NSE,INE547E01014
Le Merite Exports Ltd.,LEMERITE,Trading,Trading,NSE,INE0G1L01017
Arisinfra Solutions Ltd.,ARISINFRA,Trading,Trading,NSE,INE0H9P01028
Vasa Denticity Ltd.,DENTALKART,Trading,Trading,NSE,INE0N5801013
Uniphos Enterprises Ltd.,UNIENTER,Trading,Trading,NSE,INE037A01022
Dhunseri Ventures Ltd.,DVL,Trading,Trading,NSE,INE477B01010
Manoj Vaibhav Gems 'N' Jewellers Ltd.,MVGJL,Trading,Trading,NSE,INE0KNT01012
Fabtech Technologies Ltd.,FABTECH,Trading,Trading,NSE,INE0HF201011
Hexa Tradex Ltd.,HEXATRADEX,Trading,Trading,NSE,INE750M01017
The State Trading Corporation Of India Ltd.,STCINDIA,Trading,Trading,NSE,INE655A01013
Oswal Agro Mills Ltd.,OSWALAGRO,Trading,Trading,NSE,INE142A01012
Credo Brands Marketing Ltd.,MUFTI,Trading,Trading,NSE,INE220Q01020
Cellecor Gadgets Ltd.,CELLECOR,Trading,Trading,NSE,INE0OMO01025
Vision Infra Equipment Solutions Ltd.,VIESL,Trading,Trading,NSE,INE0TR001017
Aprameya Engineering Ltd.,APRAMEYA,Trading,Trading,NSE,INE0LQG01010
BMW Ventures Ltd.,BMWVENTLTD,Trading,Trading,NSE,INE965W01036
GP Eco Solutions India Ltd.,GPECO,Trading,Trading,NSE,INE0S7E01015
Shankar Lal Rampal Dye-Chem Ltd.,SRD,Trading,Trading,NSE,INE01NE01012
Kothari Products Ltd.,KOTHARIPRO,Trading,Trading,NSE,INE823A01017
Vinyl Chemicals (India) Ltd.,VINYLINDIA,Trading,Trading,NSE,INE250B01029
Manaksia Ltd.,MANAKSIA,Trading,Trading,NSE,INE015D01022
Shiv Aum Steels Ltd.,SHIVAUM,Trading,Trading,NSE,INE719F01016
Nupur Recyclers Ltd.,NRL,Trading,Trading,NSE,INE0JM501013
Spacenet Enterprises India Ltd.,SPCENET,Trading,Trading,NSE,INE970N01027
Encompass Design India Ltd.,ENCOMPAS,Trading,Trading,NSE,INE433T01015
Jinkushal Industries Ltd.,JKIPL,Trading,Trading,NSE,INE1FF001016
HP Telecom India Ltd.,HPTL,Trading,Trading,NSE,INE0VA601019
Sakuma Exports Ltd.,SAKUMA,Trading,Trading,NSE,INE190H01024
Dhariwalcorp Ltd.,DHARIWAL,Trading,Trading,NSE,INE0YRN01017
Prizor Viztech Ltd.,PRIZOR,Trading,Trading,NSE,INE0V9N01017
Saraswati Saree Depot Ltd.,SSDL,Trading,Trading,NSE,INE0PQ101010
Dynamic Services & Security Ltd.,DYNAMIC,Trading,Trading,NSE,INE0DZ701010
Divine Hira Jewellers Ltd.,DIVINEHIRA,Trading,Trading,NSE,INE0NA501011
Gretex Industries Ltd.,GRETEX,Trading,Trading,NSE,INE985P01012
Exim Routes Ltd.,EXIMROUTES,Trading,Trading,NSE,INE19I001020
Visaman Global Sales Ltd.,VISAMAN,Trading,Trading,NSE,INE0BHK01012
Equippp Social Impact Technologies Ltd.,EQUIPPP,Trading,Trading,NSE,INE217G01035
Excel Realty N Infra Ltd.,EXCEL,Trading,Trading,NSE,INE688J01023
Kamdhenu Ventures Ltd.,KAMOPAINTS,Trading,Trading,NSE,INE0BTI01037
Esconet Technologies Ltd.,ESCONET,Trading,Trading,NSE,INE0RQZ01017
Jullundur Motor Agency (Delhi) Ltd.,JMA,Trading,Trading,NSE,INE412C01023
QMS Medical Allied Services Ltd.,QMSMEDI,Trading,Trading,NSE,INE0FMW01018
Signet Industries Ltd.,SIGIND,Trading,Trading,NSE,INE529F01035
Kck Industries Ltd.,KCK,Trading,Trading,NSE,INE0J1E01027
Integra Essentia Ltd.,ESSENTIA,Trading,Trading,NSE,INE418N01035
Positron Energy Ltd.,POSITRON,Trading,Trading,NSE,INE0S3H01017
Ausom Enterprise Ltd.,AUSOMENT,Trading,Trading,NSE,INE218C01016
Slone Infosystems Ltd.,SLONE,Trading,Trading,NSE,INE0SMA01017
Anik Industries Ltd.,ANIKINDS,Trading,Trading,NSE,INE087B01017
Uma Exports Ltd.,UMAEXPORTS,Trading,Trading,NSE,INE0GIU01018
Siddhika Coatings Ltd.,SIDDHIKA,Trading,Trading,NSE,INE0A1E01018
Vaishali Pharma Ltd.,VAISHALI,Trading,Trading,NSE,INE972X01022
Standard Industries Ltd.,SIL,Trading,Trading,NSE,INE173A01025
Silkflex Polymers (India) Ltd.,SILKFLEX,Trading,Trading,NSE,INE0STN01015
Aakaar Medical Technologies Ltd.,AAKAAR,Trading,Trading,NSE,INE1GYP01013
Goyal Aluminiums Ltd.,GOYALALUM,Trading,Trading,NSE,INE705X01026
Digjam Ltd.,DIGJAMLMTD,Trading,Trading,NSE,INE731U01028
Newjaisa Technologies Ltd.,NEWJAISA,Trading,Trading,NSE,INE0PW501021
Kabra Jewels Ltd.,KKJEWELS,Trading,Trading,NSE,INE0XOW01017
Vijaypd Ceutical Ltd.,VIJAYPD,Trading,Trading,NSE,INE0WL901019
Anmol India Ltd.,ANMOL,Trading,Trading,NSE,INE02AR01019
Cerebra Integrated Technologies Ltd.,CEREBRAINT,Trading,Trading,NSE,INE345B01019
Biofil Chemicals & Pharmaceuticals Ltd.,BIOFILCHEM,Trading,Trading,NSE,INE829A01014
Synoptics Technologies Ltd.,SYNOPTICS,Trading,Trading,NSE,INE0BTR01012
Mittal Life Style Ltd.,MITTAL,Trading,Trading,NSE,INE997Y01027
ABM International Ltd.,ABMINTLLTD,Trading,Trading,NSE,INE251C01025
AKG Exim Ltd.,AKG,Trading,Trading,NSE,INE00Y801016
Ashoka Metcast Ltd.,ASHOKAMET,Trading,Trading,NSE,INE760Y01011
Phoenix Overseas Ltd.,PHOGLOBAL,Trading,Trading,NSE,INE0FPO01018
Vaxtex Cotfab Ltd.,VCL,Trading,Trading,NSE,INE098201036
Lamosaic India Ltd.,LAMOSAIC,Trading,Trading,NSE,INE0R0201012
AG Universal Ltd.,AGUL,Trading,Trading,NSE,INE0O6N01012
Medistep Healthcare Ltd.,MEDISTEP,Trading,Trading,NSE,INE0UOY01019
QVC Exports Ltd.,QVCEL,Trading,Trading,NSE,INE0KZF01015
Cell Point (India) Ltd.,CELLPOINT,Trading,Trading,NSE,INE0O0001013
Shrenik Ltd.,SHRENIK,Trading,Trading,NSE,INE632X01030
Mono Pharmacare Ltd.,MONOPHARMA,Trading,Trading,NSE,INE0OIP01012
Agarwal Float Glass India Ltd.,AGARWALFT,Trading,Trading,NSE,INE0MLA01012
Aspire & Innovative Advertising Ltd.,ASPIRE,Trading,Trading,NSE,INE0S7801010
Shanthala FMCG Products Ltd.,SHANTHALA,Trading,Trading,NSE,INE0Q9Q01017
Sunrest Lifescience Ltd.,SUNREST,Trading,Trading,NSE,INE0PLZ01012
Lypsa Gems & Jewellery Ltd.,LYPSAGEMS,Trading,Trading,NSE,INE142K01011
Adani Enterprises Ltd. - (Partly paid-up),ADANIENPP,Trading,Trading,NSE,IN9423A01030
Jyoti Structures Ltd.,JYOTISTRUC,Infrastructure,Transmission Towers / Equipments,NSE,INE197A01024
Neueon Corporation Ltd.,NEUEON,Infrastructure,Transmission Towers / Equipments,NSE,INE333I01044
Indian Railway Catering And Tourism Corporation Ltd.,IRCTC,Hospitality,Travel Services,NSE,INE335Y01020
TBO Tek Ltd.,TBOTEK,Hospitality,Travel Services,NSE,INE673O01025
BLS International Services Ltd.,BLS,Hospitality,Travel Services,NSE,INE153T01027
Le Travenues Technology Ltd.,IXIGO,Hospitality,Travel Services,NSE,INE0HV901016
Thomas Cook (India) Ltd.,THOMASCOOK,Hospitality,Travel Services,NSE,INE332A01027
Yatra Online Ltd,YATRA,Hospitality,Travel Services,NSE,INE0JR601024
Easy Trip Planners Ltd.,EASEMYTRIP,Hospitality,Travel Services,NSE,INE07O001026
Wise Travel India Ltd.,WTICAB,Hospitality,Travel Services,NSE,INE623Y01011
TSC India Ltd.,TSC,Hospitality,Travel Services,NSE,INE16VK01010
Sun TV Network Ltd.,SUNTV,Media & Entertainment,TV Broadcasting & Software Production,NSE,INE424H01027
Zee Entertainment Enterprises Ltd.,ZEEL,Media & Entertainment,TV Broadcasting & Software Production,NSE,INE256A01028
Network 18 Media & Investments Ltd.,NETWORK18,Media & Entertainment,TV Broadcasting & Software Production,NSE,INE870H01013
Den Networks Ltd.,DEN,Media & Entertainment,TV Broadcasting & Software Production,NSE,INE947J01015
GTPL Hathway Ltd.,GTPL,Media & Entertainment,TV Broadcasting & Software Production,NSE,INE869I01013
New Delhi Television Ltd.,NDTV,Media & Entertainment,TV Broadcasting & Software Production,NSE,INE155G01029
TV Today Network Ltd.,TVTODAY,Media & Entertainment,TV Broadcasting & Software Production,NSE,INE038F01029
Dish TV India Ltd.,DISHTV,Media & Entertainment,TV Broadcasting & Software Production,NSE,INE836F01026
Entertainment Network (India) Ltd.,ENIL,Media & Entertainment,TV Broadcasting & Software Production,NSE,INE265F01028
Zee Media Corporation Ltd.,ZEEMEDIA,Media & Entertainment,TV Broadcasting & Software Production,NSE,INE966H01019
E Factor Experiences Ltd.,EFACTOR,Media & Entertainment,TV Broadcasting & Software Production,NSE,INE0KFF01017
Phantom Digital Effects Ltd.,PHANTOMFX,Media & Entertainment,TV Broadcasting & Software Production,NSE,INE0MLZ01019
NDL Ventures Ltd.,NDLVENTURE,Media & Entertainment,TV Broadcasting & Software Production,NSE,INE353A01023
Music Broadcast Ltd.,RADIOCITY,Media & Entertainment,TV Broadcasting & Software Production,NSE,INE919I01024
Raj Television Network Ltd.,RAJTV,Media & Entertainment,TV Broadcasting & Software Production,NSE,INE952H01027
Bodhi Tree Multimedia Ltd.,BTML,Media & Entertainment,TV Broadcasting & Software Production,NSE,INE0EEJ01023
Siti Networks Ltd.,SITINET,Media & Entertainment,TV Broadcasting & Software Production,NSE,INE965H01011
TV Vision Ltd.,TVVISION,Media & Entertainment,TV Broadcasting & Software Production,NSE,INE871L01013
Picturepost Studios Ltd.,PPSL,Media & Entertainment,TV Broadcasting & Software Production,NSE,INE0YAL01017
Inspire Films Ltd.,INSPIRE,Media & Entertainment,TV Broadcasting & Software Production,NSE,INE0NDX01019
Creative Eye Ltd.,CREATIVEYE,Media & Entertainment,TV Broadcasting & Software Production,NSE,INE230B01021
Ortel Communications Ltd.,ORTEL,Media & Entertainment,TV Broadcasting & Software Production,NSE,INE849L01019
MRF Ltd.,MRF,Automobile & Ancillaries,Tyres & Allied,NSE,INE883A01011
Balkrishna Industries Ltd.,BALKRISIND,Automobile & Ancillaries,Tyres & Allied,NSE,INE787D01026
Apollo Tyres Ltd.,APOLLOTYRE,Automobile & Ancillaries,Tyres & Allied,NSE,INE438A01022
Ceat Ltd.,CEATLTD,Automobile & Ancillaries,Tyres & Allied,NSE,INE482A01020
JK Tyre & Industries Ltd.,JKTYRE,Automobile & Ancillaries,Tyres & Allied,NSE,INE573A01042
TVS Srichakra Ltd.,TVSSRICHAK,Automobile & Ancillaries,Tyres & Allied,NSE,INE421C01016
Tolins Tyres Ltd.,TOLINS,Automobile & Ancillaries,Tyres & Allied,NSE,INE0RWQ01014
Emerald Tyre Manufacturers Ltd.,ETML,Automobile & Ancillaries,Tyres & Allied,NSE,INE0RHD01013
Innovative Tyres & Tubes Ltd.,ITTL,Automobile & Ancillaries,Tyres & Allied,NSE,INE070Y01023
Viaz Tyres Ltd.,VIAZ,Automobile & Ancillaries,Tyres & Allied,NSE,INE0MO401019
KDDL Ltd.,KDDL,Consumer Durables,Watches & Accessories,NSE,INE291D01011
Foce India Ltd.,FOCE,Consumer Durables,Watches & Accessories,NSE,INE0I7D01019
Sonam Ltd.,SONAMLTD,Consumer Durables,Watches & Accessories,NSE,INE00LM01029
Century Plyboards (India) Ltd.,CENTURYPLY,Construction Materials,Wood & Wood Products,NSE,INE348B01021
Greenply Industries Ltd.,GREENPLY,Construction Materials,Wood & Wood Products,NSE,INE461C01038
Greenpanel Industries Ltd.,GREENPANEL,Construction Materials,Wood & Wood Products,NSE,INE08ZM01014
Archidply Industries Ltd.,ARCHIDPLY,Construction Materials,Wood & Wood Products,NSE,INE877I01016
Sylvan Plyboard (India) Ltd.,SYLVANPLY,Construction Materials,Wood & Wood Products,NSE,INE01IH01015
Priti International Ltd.,PRITI,Construction Materials,Wood & Wood Products,NSE,INE974Z01015
Archidply Decor Ltd.,ADL,Construction Materials,Wood & Wood Products,NSE,INE0CHO01012
